2025-01-21 18:14:49,655 - httpx - INFO - HTTP Request: POST https://api.telegram.org/bot7099400053:AAGpkQ978uhK1M3GnFwNoNH04QyNVb4ufsk/getMe "HTTP/1.1 200 OK"
2025-01-21 18:14:49,833 - httpx - INFO - HTTP Request: POST https://api.telegram.org/bot7099400053:AAGpkQ978uhK1M3GnFwNoNH04QyNVb4ufsk/deleteWebhook "HTTP/1.1 200 OK"
2025-01-21 18:14:49,834 - telegram.ext.Application - INFO - Application started
2025-01-21 18:14:50,294 - httpx - INFO - HTTP Request: POST https://api.telegram.org/bot7099400053:AAGpkQ978uhK1M3GnFwNoNH04QyNVb4ufsk/getUpdates "HTTP/1.1 200 OK"
2025-01-21 18:14:50,574 - httpx - INFO - HTTP Request: POST https://api.telegram.org/bot7099400053:AAGpkQ978uhK1M3GnFwNoNH04QyNVb4ufsk/sendMessage "HTTP/1.1 200 OK"
2025-01-21 18:14:50,574 - __main__ - INFO - New user started bot: 39557300
2025-01-21 18:15:00,448 - httpx - INFO - HTTP Request: POST https://api.telegram.org/bot7099400053:AAGpkQ978uhK1M3GnFwNoNH04QyNVb4ufsk/getUpdates "HTTP/1.1 200 OK"
2025-01-21 18:15:10,602 - httpx - INFO - HTTP Request: POST https://api.telegram.org/bot7099400053:AAGpkQ978uhK1M3GnFwNoNH04QyNVb4ufsk/getUpdates "HTTP/1.1 200 OK"
2025-01-21 18:15:11,449 - httpx - INFO - HTTP Request: POST https://api.telegram.org/bot7099400053:AAGpkQ978uhK1M3GnFwNoNH04QyNVb4ufsk/getUpdates "HTTP/1.1 200 OK"
2025-01-21 18:15:11,956 - httpx - INFO - HTTP Request: POST https://api.telegram.org/bot7099400053:AAGpkQ978uhK1M3GnFwNoNH04QyNVb4ufsk/sendMessage "HTTP/1.1 200 OK"
2025-01-21 18:15:18,051 - httpx - INFO - HTTP Request: POST https://api.telegram.org/bot7099400053:AAGpkQ978uhK1M3GnFwNoNH04QyNVb4ufsk/getUpdates "HTTP/1.1 200 OK"
2025-01-21 18:15:28,205 - httpx - INFO - HTTP Request: POST https://api.telegram.org/bot7099400053:AAGpkQ978uhK1M3GnFwNoNH04QyNVb4ufsk/getUpdates "HTTP/1.1 200 OK"
2025-01-21 18:15:36,687 - httpx - INFO - HTTP Request: POST https://api.telegram.org/bot7099400053:AAGpkQ978uhK1M3GnFwNoNH04QyNVb4ufsk/getUpdates "HTTP/1.1 200 OK"
2025-01-21 18:15:37,185 - httpx - INFO - HTTP Request: POST https://api.telegram.org/bot7099400053:AAGpkQ978uhK1M3GnFwNoNH04QyNVb4ufsk/sendMessage "HTTP/1.1 200 OK"
2025-01-21 18:15:46,843 - httpx - INFO - HTTP Request: POST https://api.telegram.org/bot7099400053:AAGpkQ978uhK1M3GnFwNoNH04QyNVb4ufsk/getUpdates "HTTP/1.1 200 OK"
2025-01-21 18:15:56,996 - httpx - INFO - HTTP Request: POST https://api.telegram.org/bot7099400053:AAGpkQ978uhK1M3GnFwNoNH04QyNVb4ufsk/getUpdates "HTTP/1.1 200 OK"
2025-01-21 18:16:02,039 - httpx - INFO - HTTP Request: POST https://api.telegram.org/bot7099400053:AAGpkQ978uhK1M3GnFwNoNH04QyNVb4ufsk/getUpdates "HTTP/1.1 200 OK"
2025-01-21 18:16:02,690 - httpx - INFO - HTTP Request: POST https://api.telegram.org/bot7099400053:AAGpkQ978uhK1M3GnFwNoNH04QyNVb4ufsk/sendMessage "HTTP/1.1 200 OK"
2025-01-21 18:16:02,976 - httpx - INFO - HTTP Request: POST https://api.telegram.org/bot7099400053:AAGpkQ978uhK1M3GnFwNoNH04QyNVb4ufsk/sendMessage "HTTP/1.1 200 OK"
2025-01-21 18:16:03,213 - httpx - INFO - HTTP Request: POST https://api.telegram.org/bot7099400053:AAGpkQ978uhK1M3GnFwNoNH04QyNVb4ufsk/sendMessage "HTTP/1.1 200 OK"
2025-01-21 18:16:03,446 - httpx - INFO - HTTP Request: POST https://api.telegram.org/bot7099400053:AAGpkQ978uhK1M3GnFwNoNH04QyNVb4ufsk/sendMessage "HTTP/1.1 200 OK"
2025-01-21 18:16:03,705 - httpx - INFO - HTTP Request: POST https://api.telegram.org/bot7099400053:AAGpkQ978uhK1M3GnFwNoNH04QyNVb4ufsk/sendMessage "HTTP/1.1 200 OK"
2025-01-21 18:16:03,917 - httpx - INFO - HTTP Request: POST https://api.telegram.org/bot7099400053:AAGpkQ978uhK1M3GnFwNoNH04QyNVb4ufsk/sendMessage "HTTP/1.1 200 OK"
2025-01-21 18:16:12,255 - httpx - INFO - HTTP Request: POST https://api.telegram.org/bot7099400053:AAGpkQ978uhK1M3GnFwNoNH04QyNVb4ufsk/getUpdates "HTTP/1.1 200 OK"
2025-01-21 18:16:22,408 - httpx - INFO - HTTP Request: POST https://api.telegram.org/bot7099400053:AAGpkQ978uhK1M3GnFwNoNH04QyNVb4ufsk/getUpdates "HTTP/1.1 200 OK"
2025-01-21 18:16:32,561 - httpx - INFO - HTTP Request: POST https://api.telegram.org/bot7099400053:AAGpkQ978uhK1M3GnFwNoNH04QyNVb4ufsk/getUpdates "HTTP/1.1 200 OK"
2025-01-21 18:16:42,714 - httpx - INFO - HTTP Request: POST https://api.telegram.org/bot7099400053:AAGpkQ978uhK1M3GnFwNoNH04QyNVb4ufsk/getUpdates "HTTP/1.1 200 OK"
2025-01-21 18:16:52,870 - httpx - INFO - HTTP Request: POST https://api.telegram.org/bot7099400053:AAGpkQ978uhK1M3GnFwNoNH04QyNVb4ufsk/getUpdates "HTTP/1.1 200 OK"
2025-01-21 18:16:56,325 - httpx - INFO - HTTP Request: POST https://api.telegram.org/bot7099400053:AAGpkQ978uhK1M3GnFwNoNH04QyNVb4ufsk/getUpdates "HTTP/1.1 200 OK"
2025-01-21 18:16:56,861 - httpx - INFO - HTTP Request: POST https://api.telegram.org/bot7099400053:AAGpkQ978uhK1M3GnFwNoNH04QyNVb4ufsk/sendMessage "HTTP/1.1 200 OK"
2025-01-21 18:17:06,479 - httpx - INFO - HTTP Request: POST https://api.telegram.org/bot7099400053:AAGpkQ978uhK1M3GnFwNoNH04QyNVb4ufsk/getUpdates "HTTP/1.1 200 OK"
2025-01-21 18:17:16,632 - httpx - INFO - HTTP Request: POST https://api.telegram.org/bot7099400053:AAGpkQ978uhK1M3GnFwNoNH04QyNVb4ufsk/getUpdates "HTTP/1.1 200 OK"
2025-01-21 18:17:26,786 - httpx - INFO - HTTP Request: POST https://api.telegram.org/bot7099400053:AAGpkQ978uhK1M3GnFwNoNH04QyNVb4ufsk/getUpdates "HTTP/1.1 200 OK"
2025-01-21 18:17:36,938 - httpx - INFO - HTTP Request: POST https://api.telegram.org/bot7099400053:AAGpkQ978uhK1M3GnFwNoNH04QyNVb4ufsk/getUpdates "HTTP/1.1 200 OK"
2025-01-21 18:19:18,220 - httpx - INFO - HTTP Request: POST https://api.telegram.org/bot7099400053:AAGpkQ978uhK1M3GnFwNoNH04QyNVb4ufsk/getMe "HTTP/1.1 200 OK"
2025-01-21 18:19:18,375 - httpx - INFO - HTTP Request: POST https://api.telegram.org/bot7099400053:AAGpkQ978uhK1M3GnFwNoNH04QyNVb4ufsk/deleteWebhook "HTTP/1.1 200 OK"
2025-01-21 18:19:18,376 - telegram.ext.Application - INFO - Application started
2025-01-21 18:19:18,833 - httpx - INFO - HTTP Request: POST https://api.telegram.org/bot7099400053:AAGpkQ978uhK1M3GnFwNoNH04QyNVb4ufsk/getUpdates "HTTP/1.1 200 OK"
2025-01-21 18:19:19,054 - httpx - INFO - HTTP Request: POST https://api.telegram.org/bot7099400053:AAGpkQ978uhK1M3GnFwNoNH04QyNVb4ufsk/sendMessage "HTTP/1.1 200 OK"
2025-01-21 18:19:19,234 - httpx - INFO - HTTP Request: POST https://api.telegram.org/bot7099400053:AAGpkQ978uhK1M3GnFwNoNH04QyNVb4ufsk/sendMessage "HTTP/1.1 200 OK"
2025-01-21 18:19:19,450 - httpx - INFO - HTTP Request: POST https://api.telegram.org/bot7099400053:AAGpkQ978uhK1M3GnFwNoNH04QyNVb4ufsk/sendMessage "HTTP/1.1 200 OK"
2025-01-21 18:19:19,637 - httpx - INFO - HTTP Request: POST https://api.telegram.org/bot7099400053:AAGpkQ978uhK1M3GnFwNoNH04QyNVb4ufsk/sendMessage "HTTP/1.1 200 OK"
2025-01-21 18:19:19,851 - httpx - INFO - HTTP Request: POST https://api.telegram.org/bot7099400053:AAGpkQ978uhK1M3GnFwNoNH04QyNVb4ufsk/sendMessage "HTTP/1.1 200 OK"
2025-01-21 18:19:28,998 - httpx - INFO - HTTP Request: POST https://api.telegram.org/bot7099400053:AAGpkQ978uhK1M3GnFwNoNH04QyNVb4ufsk/getUpdates "HTTP/1.1 200 OK"
2025-01-21 18:19:39,154 - httpx - INFO - HTTP Request: POST https://api.telegram.org/bot7099400053:AAGpkQ978uhK1M3GnFwNoNH04QyNVb4ufsk/getUpdates "HTTP/1.1 200 OK"
2025-01-21 18:19:43,099 - httpx - INFO - HTTP Request: POST https://api.telegram.org/bot7099400053:AAGpkQ978uhK1M3GnFwNoNH04QyNVb4ufsk/getUpdates "HTTP/1.1 200 OK"
2025-01-21 18:19:43,678 - httpx - INFO - HTTP Request: POST https://api.telegram.org/bot7099400053:AAGpkQ978uhK1M3GnFwNoNH04QyNVb4ufsk/sendMessage "HTTP/1.1 200 OK"
2025-01-21 18:19:53,250 - httpx - INFO - HTTP Request: POST https://api.telegram.org/bot7099400053:AAGpkQ978uhK1M3GnFwNoNH04QyNVb4ufsk/getUpdates "HTTP/1.1 200 OK"
2025-01-21 18:20:03,400 - httpx - INFO - HTTP Request: POST https://api.telegram.org/bot7099400053:AAGpkQ978uhK1M3GnFwNoNH04QyNVb4ufsk/getUpdates "HTTP/1.1 200 OK"
2025-01-21 18:20:13,552 - httpx - INFO - HTTP Request: POST https://api.telegram.org/bot7099400053:AAGpkQ978uhK1M3GnFwNoNH04QyNVb4ufsk/getUpdates "HTTP/1.1 200 OK"
2025-01-21 18:20:23,708 - httpx - INFO - HTTP Request: POST https://api.telegram.org/bot7099400053:AAGpkQ978uhK1M3GnFwNoNH04QyNVb4ufsk/getUpdates "HTTP/1.1 200 OK"
2025-01-21 18:20:28,100 - httpx - INFO - HTTP Request: POST https://api.telegram.org/bot7099400053:AAGpkQ978uhK1M3GnFwNoNH04QyNVb4ufsk/getUpdates "HTTP/1.1 200 OK"
2025-01-21 18:20:28,628 - httpx - INFO - HTTP Request: POST https://api.telegram.org/bot7099400053:AAGpkQ978uhK1M3GnFwNoNH04QyNVb4ufsk/sendMessage "HTTP/1.1 200 OK"
2025-01-21 18:20:31,482 - httpx - INFO - HTTP Request: POST https://api.telegram.org/bot7099400053:AAGpkQ978uhK1M3GnFwNoNH04QyNVb4ufsk/getUpdates "HTTP/1.1 200 OK"
2025-01-21 18:20:31,670 - httpx - INFO - HTTP Request: POST https://api.telegram.org/bot7099400053:AAGpkQ978uhK1M3GnFwNoNH04QyNVb4ufsk/sendMessage "HTTP/1.1 200 OK"
2025-01-21 18:20:41,635 - httpx - INFO - HTTP Request: POST https://api.telegram.org/bot7099400053:AAGpkQ978uhK1M3GnFwNoNH04QyNVb4ufsk/getUpdates "HTTP/1.1 200 OK"
2025-01-21 18:20:51,838 - httpx - INFO - HTTP Request: POST https://api.telegram.org/bot7099400053:AAGpkQ978uhK1M3GnFwNoNH04QyNVb4ufsk/getUpdates "HTTP/1.1 200 OK"
2025-01-21 18:21:01,994 - httpx - INFO - HTTP Request: POST https://api.telegram.org/bot7099400053:AAGpkQ978uhK1M3GnFwNoNH04QyNVb4ufsk/getUpdates "HTTP/1.1 200 OK"
2025-01-21 18:21:12,052 - httpx - INFO - HTTP Request: POST https://api.telegram.org/bot7099400053:AAGpkQ978uhK1M3GnFwNoNH04QyNVb4ufsk/getUpdates "HTTP/1.1 200 OK"
2025-01-21 18:21:12,558 - httpx - INFO - HTTP Request: POST https://api.telegram.org/bot7099400053:AAGpkQ978uhK1M3GnFwNoNH04QyNVb4ufsk/sendMessage "HTTP/1.1 200 OK"
2025-01-21 18:21:22,218 - httpx - INFO - HTTP Request: POST https://api.telegram.org/bot7099400053:AAGpkQ978uhK1M3GnFwNoNH04QyNVb4ufsk/getUpdates "HTTP/1.1 200 OK"
2025-01-21 18:21:26,504 - httpx - INFO - HTTP Request: POST https://api.telegram.org/bot7099400053:AAGpkQ978uhK1M3GnFwNoNH04QyNVb4ufsk/getUpdates "HTTP/1.1 200 OK"
2025-01-21 18:21:27,045 - httpx - INFO - HTTP Request: POST https://api.telegram.org/bot7099400053:AAGpkQ978uhK1M3GnFwNoNH04QyNVb4ufsk/sendMessage "HTTP/1.1 200 OK"
2025-01-21 18:21:28,533 - httpx - INFO - HTTP Request: POST https://api.telegram.org/bot7099400053:AAGpkQ978uhK1M3GnFwNoNH04QyNVb4ufsk/getMe "HTTP/1.1 200 OK"
2025-01-21 18:21:28,689 - httpx - INFO - HTTP Request: POST https://api.telegram.org/bot7099400053:AAGpkQ978uhK1M3GnFwNoNH04QyNVb4ufsk/deleteWebhook "HTTP/1.1 200 OK"
2025-01-21 18:21:28,690 - telegram.ext.Application - INFO - Application started
2025-01-21 18:21:29,146 - httpx - INFO - HTTP Request: POST https://api.telegram.org/bot7099400053:AAGpkQ978uhK1M3GnFwNoNH04QyNVb4ufsk/getUpdates "HTTP/1.1 409 Conflict"
2025-01-21 18:21:29,146 - __main__ - ERROR - Update None caused error Conflict: terminated by other getUpdates request; make sure that only one bot instance is running
2025-01-21 18:21:29,147 - telegram.ext.Application - ERROR - An error was raised and an uncaught error was raised while handling the error with an error_handler.
Traceback (most recent call last):
  File "/home/ubuntu/.pyenv/versions/3.12.7/lib/python3.12/site-packages/telegram/ext/_application.py", line 1905, in process_error
    await callback(update, context)
  File "/home/ubuntu/telegram_bot/bot.py", line 80, in error_handler
    else:
          
AttributeError: 'NoneType' object has no attribute 'message'
2025-01-21 18:21:33,302 - httpx - INFO - HTTP Request: POST https://api.telegram.org/bot7099400053:AAGpkQ978uhK1M3GnFwNoNH04QyNVb4ufsk/getUpdates "HTTP/1.1 409 Conflict"
2025-01-21 18:21:33,303 - __main__ - ERROR - Update None caused error Conflict: terminated by other getUpdates request; make sure that only one bot instance is running
2025-01-21 18:21:33,303 - telegram.ext.Application - ERROR - An error was raised and an uncaught error was raised while handling the error with an error_handler.
Traceback (most recent call last):
  File "/home/ubuntu/.pyenv/versions/3.12.7/lib/python3.12/site-packages/telegram/ext/_application.py", line 1905, in process_error
    await callback(update, context)
  File "/home/ubuntu/telegram_bot/bot.py", line 81, in error_handler
    await update.message.reply_text("❌ Une erreur s'est produite")
          ^^^^^^^^^^^^^^
AttributeError: 'NoneType' object has no attribute 'message'
2025-01-21 18:21:34,458 - httpx - INFO - HTTP Request: POST https://api.telegram.org/bot7099400053:AAGpkQ978uhK1M3GnFwNoNH04QyNVb4ufsk/getUpdates "HTTP/1.1 409 Conflict"
2025-01-21 18:21:34,458 - __main__ - ERROR - Update None caused error Conflict: terminated by other getUpdates request; make sure that only one bot instance is running
2025-01-21 18:21:34,458 - telegram.ext.Application - ERROR - An error was raised and an uncaught error was raised while handling the error with an error_handler.
Traceback (most recent call last):
  File "/home/ubuntu/.pyenv/versions/3.12.7/lib/python3.12/site-packages/telegram/ext/_application.py", line 1905, in process_error
    await callback(update, context)
  File "/home/ubuntu/telegram_bot/bot.py", line 80, in error_handler
    else:
          
AttributeError: 'NoneType' object has no attribute 'message'
2025-01-21 18:21:39,110 - httpx - INFO - HTTP Request: POST https://api.telegram.org/bot7099400053:AAGpkQ978uhK1M3GnFwNoNH04QyNVb4ufsk/getUpdates "HTTP/1.1 409 Conflict"
2025-01-21 18:21:39,111 - __main__ - ERROR - Update None caused error Conflict: terminated by other getUpdates request; make sure that only one bot instance is running
2025-01-21 18:21:39,111 - telegram.ext.Application - ERROR - An error was raised and an uncaught error was raised while handling the error with an error_handler.
Traceback (most recent call last):
  File "/home/ubuntu/.pyenv/versions/3.12.7/lib/python3.12/site-packages/telegram/ext/_application.py", line 1905, in process_error
    await callback(update, context)
  File "/home/ubuntu/telegram_bot/bot.py", line 81, in error_handler
    await update.message.reply_text("❌ Une erreur s'est produite")
          ^^^^^^^^^^^^^^
AttributeError: 'NoneType' object has no attribute 'message'
2025-01-21 18:21:40,766 - httpx - INFO - HTTP Request: POST https://api.telegram.org/bot7099400053:AAGpkQ978uhK1M3GnFwNoNH04QyNVb4ufsk/getUpdates "HTTP/1.1 409 Conflict"
2025-01-21 18:21:40,767 - __main__ - ERROR - Update None caused error Conflict: terminated by other getUpdates request; make sure that only one bot instance is running
2025-01-21 18:21:40,767 - telegram.ext.Application - ERROR - An error was raised and an uncaught error was raised while handling the error with an error_handler.
Traceback (most recent call last):
  File "/home/ubuntu/.pyenv/versions/3.12.7/lib/python3.12/site-packages/telegram/ext/_application.py", line 1905, in process_error
    await callback(update, context)
  File "/home/ubuntu/telegram_bot/bot.py", line 80, in error_handler
    else:
          
AttributeError: 'NoneType' object has no attribute 'message'
2025-01-21 18:21:46,186 - httpx - INFO - HTTP Request: POST https://api.telegram.org/bot7099400053:AAGpkQ978uhK1M3GnFwNoNH04QyNVb4ufsk/getUpdates "HTTP/1.1 409 Conflict"
2025-01-21 18:21:46,187 - __main__ - ERROR - Update None caused error Conflict: terminated by other getUpdates request; make sure that only one bot instance is running
2025-01-21 18:21:46,187 - telegram.ext.Application - ERROR - An error was raised and an uncaught error was raised while handling the error with an error_handler.
Traceback (most recent call last):
  File "/home/ubuntu/.pyenv/versions/3.12.7/lib/python3.12/site-packages/telegram/ext/_application.py", line 1905, in process_error
    await callback(update, context)
  File "/home/ubuntu/telegram_bot/bot.py", line 81, in error_handler
    await update.message.reply_text("❌ Une erreur s'est produite")
          ^^^^^^^^^^^^^^
AttributeError: 'NoneType' object has no attribute 'message'
2025-01-21 18:21:48,597 - httpx - INFO - HTTP Request: POST https://api.telegram.org/bot7099400053:AAGpkQ978uhK1M3GnFwNoNH04QyNVb4ufsk/getUpdates "HTTP/1.1 409 Conflict"
2025-01-21 18:21:48,598 - __main__ - ERROR - Update None caused error Conflict: terminated by other getUpdates request; make sure that only one bot instance is running
2025-01-21 18:21:48,598 - telegram.ext.Application - ERROR - An error was raised and an uncaught error was raised while handling the error with an error_handler.
Traceback (most recent call last):
  File "/home/ubuntu/.pyenv/versions/3.12.7/lib/python3.12/site-packages/telegram/ext/_application.py", line 1905, in process_error
    await callback(update, context)
  File "/home/ubuntu/telegram_bot/bot.py", line 80, in error_handler
    else:
          
AttributeError: 'NoneType' object has no attribute 'message'
2025-01-21 18:21:52,148 - httpx - INFO - HTTP Request: POST https://api.telegram.org/bot7099400053:AAGpkQ978uhK1M3GnFwNoNH04QyNVb4ufsk/getUpdates "HTTP/1.1 409 Conflict"
2025-01-21 18:21:52,149 - __main__ - ERROR - Update None caused error Conflict: terminated by other getUpdates request; make sure that only one bot instance is running
2025-01-21 18:21:52,149 - telegram.ext.Application - ERROR - An error was raised and an uncaught error was raised while handling the error with an error_handler.
Traceback (most recent call last):
  File "/home/ubuntu/.pyenv/versions/3.12.7/lib/python3.12/site-packages/telegram/ext/_application.py", line 1905, in process_error
    await callback(update, context)
  File "/home/ubuntu/telegram_bot/bot.py", line 81, in error_handler
    await update.message.reply_text("❌ Une erreur s'est produite")
          ^^^^^^^^^^^^^^
AttributeError: 'NoneType' object has no attribute 'message'
2025-01-21 18:21:55,682 - httpx - INFO - HTTP Request: POST https://api.telegram.org/bot7099400053:AAGpkQ978uhK1M3GnFwNoNH04QyNVb4ufsk/getUpdates "HTTP/1.1 409 Conflict"
2025-01-21 18:21:55,682 - __main__ - ERROR - Update None caused error Conflict: terminated by other getUpdates request; make sure that only one bot instance is running
2025-01-21 18:21:55,682 - telegram.ext.Application - ERROR - An error was raised and an uncaught error was raised while handling the error with an error_handler.
Traceback (most recent call last):
  File "/home/ubuntu/.pyenv/versions/3.12.7/lib/python3.12/site-packages/telegram/ext/_application.py", line 1905, in process_error
    await callback(update, context)
  File "/home/ubuntu/telegram_bot/bot.py", line 80, in error_handler
    else:
          
AttributeError: 'NoneType' object has no attribute 'message'
2025-01-21 18:22:01,229 - httpx - INFO - HTTP Request: POST https://api.telegram.org/bot7099400053:AAGpkQ978uhK1M3GnFwNoNH04QyNVb4ufsk/getUpdates "HTTP/1.1 409 Conflict"
2025-01-21 18:22:01,230 - __main__ - ERROR - Update None caused error Conflict: terminated by other getUpdates request; make sure that only one bot instance is running
2025-01-21 18:22:01,230 - telegram.ext.Application - ERROR - An error was raised and an uncaught error was raised while handling the error with an error_handler.
Traceback (most recent call last):
  File "/home/ubuntu/.pyenv/versions/3.12.7/lib/python3.12/site-packages/telegram/ext/_application.py", line 1905, in process_error
    await callback(update, context)
  File "/home/ubuntu/telegram_bot/bot.py", line 81, in error_handler
    await update.message.reply_text("❌ Une erreur s'est produite")
          ^^^^^^^^^^^^^^
AttributeError: 'NoneType' object has no attribute 'message'
2025-01-21 18:22:11,233 - httpx - INFO - HTTP Request: POST https://api.telegram.org/bot7099400053:AAGpkQ978uhK1M3GnFwNoNH04QyNVb4ufsk/getUpdates "HTTP/1.1 200 OK"
2025-01-21 18:22:21,387 - httpx - INFO - HTTP Request: POST https://api.telegram.org/bot7099400053:AAGpkQ978uhK1M3GnFwNoNH04QyNVb4ufsk/getUpdates "HTTP/1.1 200 OK"
2025-01-21 18:22:31,542 - httpx - INFO - HTTP Request: POST https://api.telegram.org/bot7099400053:AAGpkQ978uhK1M3GnFwNoNH04QyNVb4ufsk/getUpdates "HTTP/1.1 200 OK"
2025-01-21 18:22:41,697 - httpx - INFO - HTTP Request: POST https://api.telegram.org/bot7099400053:AAGpkQ978uhK1M3GnFwNoNH04QyNVb4ufsk/getUpdates "HTTP/1.1 200 OK"
2025-01-21 18:22:51,850 - httpx - INFO - HTTP Request: POST https://api.telegram.org/bot7099400053:AAGpkQ978uhK1M3GnFwNoNH04QyNVb4ufsk/getUpdates "HTTP/1.1 200 OK"
2025-01-21 18:23:02,010 - httpx - INFO - HTTP Request: POST https://api.telegram.org/bot7099400053:AAGpkQ978uhK1M3GnFwNoNH04QyNVb4ufsk/getUpdates "HTTP/1.1 200 OK"
2025-01-21 18:23:06,228 - httpx - INFO - HTTP Request: POST https://api.telegram.org/bot7099400053:AAGpkQ978uhK1M3GnFwNoNH04QyNVb4ufsk/getMe "HTTP/1.1 200 OK"
2025-01-21 18:23:06,377 - httpx - INFO - HTTP Request: POST https://api.telegram.org/bot7099400053:AAGpkQ978uhK1M3GnFwNoNH04QyNVb4ufsk/deleteWebhook "HTTP/1.1 200 OK"
2025-01-21 18:23:06,378 - telegram.ext.Application - INFO - Application started
2025-01-21 18:23:06,827 - httpx - INFO - HTTP Request: POST https://api.telegram.org/bot7099400053:AAGpkQ978uhK1M3GnFwNoNH04QyNVb4ufsk/getUpdates "HTTP/1.1 200 OK"
2025-01-21 18:23:06,827 - telegram.ext.Application - INFO - Application is stopping. This might take a moment.
2025-01-21 18:23:06,827 - telegram.ext.Application - INFO - Application.stop() complete
2025-01-21 18:23:06,828 - __main__ - INFO - Bot started successfully
2025-01-21 18:23:16,828 - httpx - INFO - HTTP Request: POST https://api.telegram.org/bot7099400053:AAGpkQ978uhK1M3GnFwNoNH04QyNVb4ufsk/getUpdates "HTTP/1.1 200 OK"
2025-01-21 18:23:26,980 - httpx - INFO - HTTP Request: POST https://api.telegram.org/bot7099400053:AAGpkQ978uhK1M3GnFwNoNH04QyNVb4ufsk/getUpdates "HTTP/1.1 200 OK"
2025-01-21 18:23:37,131 - httpx - INFO - HTTP Request: POST https://api.telegram.org/bot7099400053:AAGpkQ978uhK1M3GnFwNoNH04QyNVb4ufsk/getUpdates "HTTP/1.1 200 OK"
2025-01-21 18:23:47,281 - httpx - INFO - HTTP Request: POST https://api.telegram.org/bot7099400053:AAGpkQ978uhK1M3GnFwNoNH04QyNVb4ufsk/getUpdates "HTTP/1.1 200 OK"
2025-01-21 18:23:57,432 - httpx - INFO - HTTP Request: POST https://api.telegram.org/bot7099400053:AAGpkQ978uhK1M3GnFwNoNH04QyNVb4ufsk/getUpdates "HTTP/1.1 200 OK"
2025-01-21 18:24:07,583 - httpx - INFO - HTTP Request: POST https://api.telegram.org/bot7099400053:AAGpkQ978uhK1M3GnFwNoNH04QyNVb4ufsk/getUpdates "HTTP/1.1 200 OK"
2025-01-21 18:24:17,734 - httpx - INFO - HTTP Request: POST https://api.telegram.org/bot7099400053:AAGpkQ978uhK1M3GnFwNoNH04QyNVb4ufsk/getUpdates "HTTP/1.1 200 OK"
2025-01-21 18:24:27,908 - httpx - INFO - HTTP Request: POST https://api.telegram.org/bot7099400053:AAGpkQ978uhK1M3GnFwNoNH04QyNVb4ufsk/getUpdates "HTTP/1.1 200 OK"
2025-01-21 18:24:38,075 - httpx - INFO - HTTP Request: POST https://api.telegram.org/bot7099400053:AAGpkQ978uhK1M3GnFwNoNH04QyNVb4ufsk/getUpdates "HTTP/1.1 200 OK"
2025-01-21 18:24:48,227 - httpx - INFO - HTTP Request: POST https://api.telegram.org/bot7099400053:AAGpkQ978uhK1M3GnFwNoNH04QyNVb4ufsk/getUpdates "HTTP/1.1 200 OK"
2025-01-21 18:24:58,378 - httpx - INFO - HTTP Request: POST https://api.telegram.org/bot7099400053:AAGpkQ978uhK1M3GnFwNoNH04QyNVb4ufsk/getUpdates "HTTP/1.1 200 OK"
2025-01-21 18:25:08,528 - httpx - INFO - HTTP Request: POST https://api.telegram.org/bot7099400053:AAGpkQ978uhK1M3GnFwNoNH04QyNVb4ufsk/getUpdates "HTTP/1.1 200 OK"
2025-01-21 18:25:18,681 - httpx - INFO - HTTP Request: POST https://api.telegram.org/bot7099400053:AAGpkQ978uhK1M3GnFwNoNH04QyNVb4ufsk/getUpdates "HTTP/1.1 200 OK"
2025-01-21 18:25:28,833 - httpx - INFO - HTTP Request: POST https://api.telegram.org/bot7099400053:AAGpkQ978uhK1M3GnFwNoNH04QyNVb4ufsk/getUpdates "HTTP/1.1 200 OK"
2025-01-21 18:25:38,983 - httpx - INFO - HTTP Request: POST https://api.telegram.org/bot7099400053:AAGpkQ978uhK1M3GnFwNoNH04QyNVb4ufsk/getUpdates "HTTP/1.1 200 OK"
2025-01-21 18:25:49,135 - httpx - INFO - HTTP Request: POST https://api.telegram.org/bot7099400053:AAGpkQ978uhK1M3GnFwNoNH04QyNVb4ufsk/getUpdates "HTTP/1.1 200 OK"
2025-01-21 18:25:59,287 - httpx - INFO - HTTP Request: POST https://api.telegram.org/bot7099400053:AAGpkQ978uhK1M3GnFwNoNH04QyNVb4ufsk/getUpdates "HTTP/1.1 200 OK"
2025-01-21 18:26:09,438 - httpx - INFO - HTTP Request: POST https://api.telegram.org/bot7099400053:AAGpkQ978uhK1M3GnFwNoNH04QyNVb4ufsk/getUpdates "HTTP/1.1 200 OK"
2025-01-21 18:26:19,594 - httpx - INFO - HTTP Request: POST https://api.telegram.org/bot7099400053:AAGpkQ978uhK1M3GnFwNoNH04QyNVb4ufsk/getUpdates "HTTP/1.1 200 OK"
2025-01-21 18:26:29,745 - httpx - INFO - HTTP Request: POST https://api.telegram.org/bot7099400053:AAGpkQ978uhK1M3GnFwNoNH04QyNVb4ufsk/getUpdates "HTTP/1.1 200 OK"
2025-01-21 18:26:39,897 - httpx - INFO - HTTP Request: POST https://api.telegram.org/bot7099400053:AAGpkQ978uhK1M3GnFwNoNH04QyNVb4ufsk/getUpdates "HTTP/1.1 200 OK"
2025-01-21 18:26:50,049 - httpx - INFO - HTTP Request: POST https://api.telegram.org/bot7099400053:AAGpkQ978uhK1M3GnFwNoNH04QyNVb4ufsk/getUpdates "HTTP/1.1 200 OK"
2025-01-21 18:27:00,200 - httpx - INFO - HTTP Request: POST https://api.telegram.org/bot7099400053:AAGpkQ978uhK1M3GnFwNoNH04QyNVb4ufsk/getUpdates "HTTP/1.1 200 OK"
2025-01-21 18:27:10,393 - httpx - INFO - HTTP Request: POST https://api.telegram.org/bot7099400053:AAGpkQ978uhK1M3GnFwNoNH04QyNVb4ufsk/getUpdates "HTTP/1.1 200 OK"
2025-01-21 18:27:20,549 - httpx - INFO - HTTP Request: POST https://api.telegram.org/bot7099400053:AAGpkQ978uhK1M3GnFwNoNH04QyNVb4ufsk/getUpdates "HTTP/1.1 200 OK"
2025-01-21 18:27:30,711 - httpx - INFO - HTTP Request: POST https://api.telegram.org/bot7099400053:AAGpkQ978uhK1M3GnFwNoNH04QyNVb4ufsk/getUpdates "HTTP/1.1 200 OK"
2025-01-21 18:27:40,862 - httpx - INFO - HTTP Request: POST https://api.telegram.org/bot7099400053:AAGpkQ978uhK1M3GnFwNoNH04QyNVb4ufsk/getUpdates "HTTP/1.1 200 OK"
2025-01-21 18:27:51,020 - httpx - INFO - HTTP Request: POST https://api.telegram.org/bot7099400053:AAGpkQ978uhK1M3GnFwNoNH04QyNVb4ufsk/getUpdates "HTTP/1.1 200 OK"
2025-01-21 18:28:01,172 - httpx - INFO - HTTP Request: POST https://api.telegram.org/bot7099400053:AAGpkQ978uhK1M3GnFwNoNH04QyNVb4ufsk/getUpdates "HTTP/1.1 200 OK"
2025-01-21 18:28:11,323 - httpx - INFO - HTTP Request: POST https://api.telegram.org/bot7099400053:AAGpkQ978uhK1M3GnFwNoNH04QyNVb4ufsk/getUpdates "HTTP/1.1 200 OK"
2025-01-21 18:28:21,477 - httpx - INFO - HTTP Request: POST https://api.telegram.org/bot7099400053:AAGpkQ978uhK1M3GnFwNoNH04QyNVb4ufsk/getUpdates "HTTP/1.1 200 OK"
2025-01-21 18:28:31,629 - httpx - INFO - HTTP Request: POST https://api.telegram.org/bot7099400053:AAGpkQ978uhK1M3GnFwNoNH04QyNVb4ufsk/getUpdates "HTTP/1.1 200 OK"
2025-01-21 18:28:41,782 - httpx - INFO - HTTP Request: POST https://api.telegram.org/bot7099400053:AAGpkQ978uhK1M3GnFwNoNH04QyNVb4ufsk/getUpdates "HTTP/1.1 200 OK"
2025-01-21 18:28:51,933 - httpx - INFO - HTTP Request: POST https://api.telegram.org/bot7099400053:AAGpkQ978uhK1M3GnFwNoNH04QyNVb4ufsk/getUpdates "HTTP/1.1 200 OK"
2025-01-21 18:29:02,084 - httpx - INFO - HTTP Request: POST https://api.telegram.org/bot7099400053:AAGpkQ978uhK1M3GnFwNoNH04QyNVb4ufsk/getUpdates "HTTP/1.1 200 OK"
2025-01-21 18:29:12,234 - httpx - INFO - HTTP Request: POST https://api.telegram.org/bot7099400053:AAGpkQ978uhK1M3GnFwNoNH04QyNVb4ufsk/getUpdates "HTTP/1.1 200 OK"
2025-01-21 18:29:22,385 - httpx - INFO - HTTP Request: POST https://api.telegram.org/bot7099400053:AAGpkQ978uhK1M3GnFwNoNH04QyNVb4ufsk/getUpdates "HTTP/1.1 200 OK"
2025-01-21 18:29:32,535 - httpx - INFO - HTTP Request: POST https://api.telegram.org/bot7099400053:AAGpkQ978uhK1M3GnFwNoNH04QyNVb4ufsk/getUpdates "HTTP/1.1 200 OK"
2025-01-21 18:29:42,686 - httpx - INFO - HTTP Request: POST https://api.telegram.org/bot7099400053:AAGpkQ978uhK1M3GnFwNoNH04QyNVb4ufsk/getUpdates "HTTP/1.1 200 OK"
2025-01-21 18:29:52,836 - httpx - INFO - HTTP Request: POST https://api.telegram.org/bot7099400053:AAGpkQ978uhK1M3GnFwNoNH04QyNVb4ufsk/getUpdates "HTTP/1.1 200 OK"
2025-01-21 18:30:02,988 - httpx - INFO - HTTP Request: POST https://api.telegram.org/bot7099400053:AAGpkQ978uhK1M3GnFwNoNH04QyNVb4ufsk/getUpdates "HTTP/1.1 200 OK"
2025-01-21 18:30:13,142 - httpx - INFO - HTTP Request: POST https://api.telegram.org/bot7099400053:AAGpkQ978uhK1M3GnFwNoNH04QyNVb4ufsk/getUpdates "HTTP/1.1 200 OK"
2025-01-21 18:30:23,296 - httpx - INFO - HTTP Request: POST https://api.telegram.org/bot7099400053:AAGpkQ978uhK1M3GnFwNoNH04QyNVb4ufsk/getUpdates "HTTP/1.1 200 OK"
2025-01-21 18:30:33,451 - httpx - INFO - HTTP Request: POST https://api.telegram.org/bot7099400053:AAGpkQ978uhK1M3GnFwNoNH04QyNVb4ufsk/getUpdates "HTTP/1.1 200 OK"
2025-01-21 18:30:43,610 - httpx - INFO - HTTP Request: POST https://api.telegram.org/bot7099400053:AAGpkQ978uhK1M3GnFwNoNH04QyNVb4ufsk/getUpdates "HTTP/1.1 200 OK"
2025-01-21 18:30:53,764 - httpx - INFO - HTTP Request: POST https://api.telegram.org/bot7099400053:AAGpkQ978uhK1M3GnFwNoNH04QyNVb4ufsk/getUpdates "HTTP/1.1 200 OK"
2025-01-21 18:31:03,918 - httpx - INFO - HTTP Request: POST https://api.telegram.org/bot7099400053:AAGpkQ978uhK1M3GnFwNoNH04QyNVb4ufsk/getUpdates "HTTP/1.1 200 OK"
2025-01-21 18:31:14,073 - httpx - INFO - HTTP Request: POST https://api.telegram.org/bot7099400053:AAGpkQ978uhK1M3GnFwNoNH04QyNVb4ufsk/getUpdates "HTTP/1.1 200 OK"
2025-01-21 18:31:24,231 - httpx - INFO - HTTP Request: POST https://api.telegram.org/bot7099400053:AAGpkQ978uhK1M3GnFwNoNH04QyNVb4ufsk/getUpdates "HTTP/1.1 200 OK"
2025-01-21 18:31:34,386 - httpx - INFO - HTTP Request: POST https://api.telegram.org/bot7099400053:AAGpkQ978uhK1M3GnFwNoNH04QyNVb4ufsk/getUpdates "HTTP/1.1 200 OK"
2025-01-21 18:31:44,543 - httpx - INFO - HTTP Request: POST https://api.telegram.org/bot7099400053:AAGpkQ978uhK1M3GnFwNoNH04QyNVb4ufsk/getUpdates "HTTP/1.1 200 OK"
2025-01-21 18:31:54,697 - httpx - INFO - HTTP Request: POST https://api.telegram.org/bot7099400053:AAGpkQ978uhK1M3GnFwNoNH04QyNVb4ufsk/getUpdates "HTTP/1.1 200 OK"
2025-01-21 18:32:04,851 - httpx - INFO - HTTP Request: POST https://api.telegram.org/bot7099400053:AAGpkQ978uhK1M3GnFwNoNH04QyNVb4ufsk/getUpdates "HTTP/1.1 200 OK"
2025-01-21 18:32:15,008 - httpx - INFO - HTTP Request: POST https://api.telegram.org/bot7099400053:AAGpkQ978uhK1M3GnFwNoNH04QyNVb4ufsk/getUpdates "HTTP/1.1 200 OK"
2025-01-21 18:32:25,162 - httpx - INFO - HTTP Request: POST https://api.telegram.org/bot7099400053:AAGpkQ978uhK1M3GnFwNoNH04QyNVb4ufsk/getUpdates "HTTP/1.1 200 OK"
2025-01-21 18:32:35,319 - httpx - INFO - HTTP Request: POST https://api.telegram.org/bot7099400053:AAGpkQ978uhK1M3GnFwNoNH04QyNVb4ufsk/getUpdates "HTTP/1.1 200 OK"
2025-01-21 18:32:45,474 - httpx - INFO - HTTP Request: POST https://api.telegram.org/bot7099400053:AAGpkQ978uhK1M3GnFwNoNH04QyNVb4ufsk/getUpdates "HTTP/1.1 200 OK"
2025-01-21 18:32:55,629 - httpx - INFO - HTTP Request: POST https://api.telegram.org/bot7099400053:AAGpkQ978uhK1M3GnFwNoNH04QyNVb4ufsk/getUpdates "HTTP/1.1 200 OK"
2025-01-21 18:33:05,797 - httpx - INFO - HTTP Request: POST https://api.telegram.org/bot7099400053:AAGpkQ978uhK1M3GnFwNoNH04QyNVb4ufsk/getUpdates "HTTP/1.1 200 OK"
2025-01-21 18:33:15,953 - httpx - INFO - HTTP Request: POST https://api.telegram.org/bot7099400053:AAGpkQ978uhK1M3GnFwNoNH04QyNVb4ufsk/getUpdates "HTTP/1.1 200 OK"
2025-01-21 18:33:26,107 - httpx - INFO - HTTP Request: POST https://api.telegram.org/bot7099400053:AAGpkQ978uhK1M3GnFwNoNH04QyNVb4ufsk/getUpdates "HTTP/1.1 200 OK"
2025-01-21 18:33:36,262 - httpx - INFO - HTTP Request: POST https://api.telegram.org/bot7099400053:AAGpkQ978uhK1M3GnFwNoNH04QyNVb4ufsk/getUpdates "HTTP/1.1 200 OK"
2025-01-21 18:33:46,417 - httpx - INFO - HTTP Request: POST https://api.telegram.org/bot7099400053:AAGpkQ978uhK1M3GnFwNoNH04QyNVb4ufsk/getUpdates "HTTP/1.1 200 OK"
2025-01-21 18:33:56,572 - httpx - INFO - HTTP Request: POST https://api.telegram.org/bot7099400053:AAGpkQ978uhK1M3GnFwNoNH04QyNVb4ufsk/getUpdates "HTTP/1.1 200 OK"
2025-01-21 18:34:06,727 - httpx - INFO - HTTP Request: POST https://api.telegram.org/bot7099400053:AAGpkQ978uhK1M3GnFwNoNH04QyNVb4ufsk/getUpdates "HTTP/1.1 200 OK"
2025-01-21 18:34:16,882 - httpx - INFO - HTTP Request: POST https://api.telegram.org/bot7099400053:AAGpkQ978uhK1M3GnFwNoNH04QyNVb4ufsk/getUpdates "HTTP/1.1 200 OK"
2025-01-21 18:34:27,037 - httpx - INFO - HTTP Request: POST https://api.telegram.org/bot7099400053:AAGpkQ978uhK1M3GnFwNoNH04QyNVb4ufsk/getUpdates "HTTP/1.1 200 OK"
2025-01-21 18:34:37,194 - httpx - INFO - HTTP Request: POST https://api.telegram.org/bot7099400053:AAGpkQ978uhK1M3GnFwNoNH04QyNVb4ufsk/getUpdates "HTTP/1.1 200 OK"
2025-01-21 18:34:47,349 - httpx - INFO - HTTP Request: POST https://api.telegram.org/bot7099400053:AAGpkQ978uhK1M3GnFwNoNH04QyNVb4ufsk/getUpdates "HTTP/1.1 200 OK"
2025-01-21 18:34:57,505 - httpx - INFO - HTTP Request: POST https://api.telegram.org/bot7099400053:AAGpkQ978uhK1M3GnFwNoNH04QyNVb4ufsk/getUpdates "HTTP/1.1 200 OK"
2025-01-21 18:35:07,660 - httpx - INFO - HTTP Request: POST https://api.telegram.org/bot7099400053:AAGpkQ978uhK1M3GnFwNoNH04QyNVb4ufsk/getUpdates "HTTP/1.1 200 OK"
2025-01-21 18:35:17,814 - httpx - INFO - HTTP Request: POST https://api.telegram.org/bot7099400053:AAGpkQ978uhK1M3GnFwNoNH04QyNVb4ufsk/getUpdates "HTTP/1.1 200 OK"
2025-01-21 18:35:27,972 - httpx - INFO - HTTP Request: POST https://api.telegram.org/bot7099400053:AAGpkQ978uhK1M3GnFwNoNH04QyNVb4ufsk/getUpdates "HTTP/1.1 200 OK"
2025-01-21 18:35:38,127 - httpx - INFO - HTTP Request: POST https://api.telegram.org/bot7099400053:AAGpkQ978uhK1M3GnFwNoNH04QyNVb4ufsk/getUpdates "HTTP/1.1 200 OK"
2025-01-21 18:35:48,281 - httpx - INFO - HTTP Request: POST https://api.telegram.org/bot7099400053:AAGpkQ978uhK1M3GnFwNoNH04QyNVb4ufsk/getUpdates "HTTP/1.1 200 OK"
2025-01-21 18:35:58,437 - httpx - INFO - HTTP Request: POST https://api.telegram.org/bot7099400053:AAGpkQ978uhK1M3GnFwNoNH04QyNVb4ufsk/getUpdates "HTTP/1.1 200 OK"
2025-01-21 18:36:08,591 - httpx - INFO - HTTP Request: POST https://api.telegram.org/bot7099400053:AAGpkQ978uhK1M3GnFwNoNH04QyNVb4ufsk/getUpdates "HTTP/1.1 200 OK"
2025-01-21 18:36:18,745 - httpx - INFO - HTTP Request: POST https://api.telegram.org/bot7099400053:AAGpkQ978uhK1M3GnFwNoNH04QyNVb4ufsk/getUpdates "HTTP/1.1 200 OK"
2025-01-21 18:36:28,902 - httpx - INFO - HTTP Request: POST https://api.telegram.org/bot7099400053:AAGpkQ978uhK1M3GnFwNoNH04QyNVb4ufsk/getUpdates "HTTP/1.1 200 OK"
2025-01-21 18:36:39,056 - httpx - INFO - HTTP Request: POST https://api.telegram.org/bot7099400053:AAGpkQ978uhK1M3GnFwNoNH04QyNVb4ufsk/getUpdates "HTTP/1.1 200 OK"
2025-01-21 18:36:49,212 - httpx - INFO - HTTP Request: POST https://api.telegram.org/bot7099400053:AAGpkQ978uhK1M3GnFwNoNH04QyNVb4ufsk/getUpdates "HTTP/1.1 200 OK"
2025-01-21 18:36:59,366 - httpx - INFO - HTTP Request: POST https://api.telegram.org/bot7099400053:AAGpkQ978uhK1M3GnFwNoNH04QyNVb4ufsk/getUpdates "HTTP/1.1 200 OK"
2025-01-21 18:37:09,520 - httpx - INFO - HTTP Request: POST https://api.telegram.org/bot7099400053:AAGpkQ978uhK1M3GnFwNoNH04QyNVb4ufsk/getUpdates "HTTP/1.1 200 OK"
2025-01-21 18:37:19,691 - httpx - INFO - HTTP Request: POST https://api.telegram.org/bot7099400053:AAGpkQ978uhK1M3GnFwNoNH04QyNVb4ufsk/getUpdates "HTTP/1.1 200 OK"
2025-01-21 18:37:29,845 - httpx - INFO - HTTP Request: POST https://api.telegram.org/bot7099400053:AAGpkQ978uhK1M3GnFwNoNH04QyNVb4ufsk/getUpdates "HTTP/1.1 200 OK"
2025-01-21 18:37:40,012 - httpx - INFO - HTTP Request: POST https://api.telegram.org/bot7099400053:AAGpkQ978uhK1M3GnFwNoNH04QyNVb4ufsk/getUpdates "HTTP/1.1 200 OK"
2025-01-21 18:37:50,166 - httpx - INFO - HTTP Request: POST https://api.telegram.org/bot7099400053:AAGpkQ978uhK1M3GnFwNoNH04QyNVb4ufsk/getUpdates "HTTP/1.1 200 OK"
2025-01-21 18:38:00,326 - httpx - INFO - HTTP Request: POST https://api.telegram.org/bot7099400053:AAGpkQ978uhK1M3GnFwNoNH04QyNVb4ufsk/getUpdates "HTTP/1.1 200 OK"
2025-01-21 18:38:10,482 - httpx - INFO - HTTP Request: POST https://api.telegram.org/bot7099400053:AAGpkQ978uhK1M3GnFwNoNH04QyNVb4ufsk/getUpdates "HTTP/1.1 200 OK"
2025-01-21 18:38:20,639 - httpx - INFO - HTTP Request: POST https://api.telegram.org/bot7099400053:AAGpkQ978uhK1M3GnFwNoNH04QyNVb4ufsk/getUpdates "HTTP/1.1 200 OK"
2025-01-21 18:38:30,824 - httpx - INFO - HTTP Request: POST https://api.telegram.org/bot7099400053:AAGpkQ978uhK1M3GnFwNoNH04QyNVb4ufsk/getUpdates "HTTP/1.1 200 OK"
2025-01-21 18:38:40,981 - httpx - INFO - HTTP Request: POST https://api.telegram.org/bot7099400053:AAGpkQ978uhK1M3GnFwNoNH04QyNVb4ufsk/getUpdates "HTTP/1.1 200 OK"
2025-01-21 18:38:51,137 - httpx - INFO - HTTP Request: POST https://api.telegram.org/bot7099400053:AAGpkQ978uhK1M3GnFwNoNH04QyNVb4ufsk/getUpdates "HTTP/1.1 200 OK"
2025-01-21 18:39:01,292 - httpx - INFO - HTTP Request: POST https://api.telegram.org/bot7099400053:AAGpkQ978uhK1M3GnFwNoNH04QyNVb4ufsk/getUpdates "HTTP/1.1 200 OK"
2025-01-21 18:39:11,462 - httpx - INFO - HTTP Request: POST https://api.telegram.org/bot7099400053:AAGpkQ978uhK1M3GnFwNoNH04QyNVb4ufsk/getUpdates "HTTP/1.1 200 OK"
2025-01-21 18:39:21,629 - httpx - INFO - HTTP Request: POST https://api.telegram.org/bot7099400053:AAGpkQ978uhK1M3GnFwNoNH04QyNVb4ufsk/getUpdates "HTTP/1.1 200 OK"
2025-01-21 18:39:31,788 - httpx - INFO - HTTP Request: POST https://api.telegram.org/bot7099400053:AAGpkQ978uhK1M3GnFwNoNH04QyNVb4ufsk/getUpdates "HTTP/1.1 200 OK"
2025-01-21 18:39:41,943 - httpx - INFO - HTTP Request: POST https://api.telegram.org/bot7099400053:AAGpkQ978uhK1M3GnFwNoNH04QyNVb4ufsk/getUpdates "HTTP/1.1 200 OK"
2025-01-21 18:39:42,600 - httpx - INFO - HTTP Request: POST https://api.telegram.org/bot7099400053:AAGpkQ978uhK1M3GnFwNoNH04QyNVb4ufsk/getMe "HTTP/1.1 200 OK"
2025-01-21 18:39:42,751 - httpx - INFO - HTTP Request: POST https://api.telegram.org/bot7099400053:AAGpkQ978uhK1M3GnFwNoNH04QyNVb4ufsk/deleteWebhook "HTTP/1.1 200 OK"
2025-01-21 18:39:42,752 - telegram.ext.Application - INFO - Application started
2025-01-21 18:39:43,211 - httpx - INFO - HTTP Request: POST https://api.telegram.org/bot7099400053:AAGpkQ978uhK1M3GnFwNoNH04QyNVb4ufsk/getUpdates "HTTP/1.1 409 Conflict"
2025-01-21 18:39:43,212 - __main__ - ERROR - Update None caused error Conflict: terminated by other getUpdates request; make sure that only one bot instance is running
2025-01-21 18:39:47,365 - httpx - INFO - HTTP Request: POST https://api.telegram.org/bot7099400053:AAGpkQ978uhK1M3GnFwNoNH04QyNVb4ufsk/getUpdates "HTTP/1.1 409 Conflict"
2025-01-21 18:39:47,366 - __main__ - ERROR - Update None caused error Conflict: terminated by other getUpdates request; make sure that only one bot instance is running
2025-01-21 18:39:48,528 - httpx - INFO - HTTP Request: POST https://api.telegram.org/bot7099400053:AAGpkQ978uhK1M3GnFwNoNH04QyNVb4ufsk/getUpdates "HTTP/1.1 409 Conflict"
2025-01-21 18:39:48,528 - __main__ - ERROR - Update None caused error Conflict: terminated by other getUpdates request; make sure that only one bot instance is running
2025-01-21 18:39:53,492 - httpx - INFO - HTTP Request: POST https://api.telegram.org/bot7099400053:AAGpkQ978uhK1M3GnFwNoNH04QyNVb4ufsk/getUpdates "HTTP/1.1 409 Conflict"
2025-01-21 18:39:53,493 - __main__ - ERROR - Update None caused error Conflict: terminated by other getUpdates request; make sure that only one bot instance is running
2025-01-21 18:39:55,163 - httpx - INFO - HTTP Request: POST https://api.telegram.org/bot7099400053:AAGpkQ978uhK1M3GnFwNoNH04QyNVb4ufsk/getUpdates "HTTP/1.1 409 Conflict"
2025-01-21 18:39:55,163 - __main__ - ERROR - Update None caused error Conflict: terminated by other getUpdates request; make sure that only one bot instance is running
2025-01-21 18:40:00,576 - httpx - INFO - HTTP Request: POST https://api.telegram.org/bot7099400053:AAGpkQ978uhK1M3GnFwNoNH04QyNVb4ufsk/getUpdates "HTTP/1.1 409 Conflict"
2025-01-21 18:40:00,577 - __main__ - ERROR - Update None caused error Conflict: terminated by other getUpdates request; make sure that only one bot instance is running
2025-01-21 18:40:02,991 - httpx - INFO - HTTP Request: POST https://api.telegram.org/bot7099400053:AAGpkQ978uhK1M3GnFwNoNH04QyNVb4ufsk/getUpdates "HTTP/1.1 409 Conflict"
2025-01-21 18:40:02,991 - __main__ - ERROR - Update None caused error Conflict: terminated by other getUpdates request; make sure that only one bot instance is running
2025-01-21 18:40:06,533 - httpx - INFO - HTTP Request: POST https://api.telegram.org/bot7099400053:AAGpkQ978uhK1M3GnFwNoNH04QyNVb4ufsk/getUpdates "HTTP/1.1 409 Conflict"
2025-01-21 18:40:06,533 - __main__ - ERROR - Update None caused error Conflict: terminated by other getUpdates request; make sure that only one bot instance is running
2025-01-21 18:40:10,079 - httpx - INFO - HTTP Request: POST https://api.telegram.org/bot7099400053:AAGpkQ978uhK1M3GnFwNoNH04QyNVb4ufsk/getUpdates "HTTP/1.1 409 Conflict"
2025-01-21 18:40:10,080 - __main__ - ERROR - Update None caused error Conflict: terminated by other getUpdates request; make sure that only one bot instance is running
2025-01-21 18:40:15,625 - httpx - INFO - HTTP Request: POST https://api.telegram.org/bot7099400053:AAGpkQ978uhK1M3GnFwNoNH04QyNVb4ufsk/getUpdates "HTTP/1.1 409 Conflict"
2025-01-21 18:40:15,626 - __main__ - ERROR - Update None caused error Conflict: terminated by other getUpdates request; make sure that only one bot instance is running
2025-01-21 18:40:21,172 - httpx - INFO - HTTP Request: POST https://api.telegram.org/bot7099400053:AAGpkQ978uhK1M3GnFwNoNH04QyNVb4ufsk/getUpdates "HTTP/1.1 409 Conflict"
2025-01-21 18:40:21,173 - __main__ - ERROR - Update None caused error Conflict: terminated by other getUpdates request; make sure that only one bot instance is running
2025-01-21 18:40:29,245 - httpx - INFO - HTTP Request: POST https://api.telegram.org/bot7099400053:AAGpkQ978uhK1M3GnFwNoNH04QyNVb4ufsk/getUpdates "HTTP/1.1 409 Conflict"
2025-01-21 18:40:29,245 - __main__ - ERROR - Update None caused error Conflict: terminated by other getUpdates request; make sure that only one bot instance is running
2025-01-21 18:40:37,316 - httpx - INFO - HTTP Request: POST https://api.telegram.org/bot7099400053:AAGpkQ978uhK1M3GnFwNoNH04QyNVb4ufsk/getUpdates "HTTP/1.1 409 Conflict"
2025-01-21 18:40:37,316 - __main__ - ERROR - Update None caused error Conflict: terminated by other getUpdates request; make sure that only one bot instance is running
2025-01-21 18:40:47,315 - httpx - INFO - HTTP Request: POST https://api.telegram.org/bot7099400053:AAGpkQ978uhK1M3GnFwNoNH04QyNVb4ufsk/getUpdates "HTTP/1.1 200 OK"
2025-01-21 18:40:49,226 - httpx - INFO - HTTP Request: POST https://api.telegram.org/bot7099400053:AAGpkQ978uhK1M3GnFwNoNH04QyNVb4ufsk/getUpdates "HTTP/1.1 409 Conflict"
2025-01-21 18:40:49,227 - __main__ - ERROR - Update None caused error Conflict: terminated by other getUpdates request; make sure that only one bot instance is running
2025-01-21 18:40:53,382 - httpx - INFO - HTTP Request: POST https://api.telegram.org/bot7099400053:AAGpkQ978uhK1M3GnFwNoNH04QyNVb4ufsk/getUpdates "HTTP/1.1 409 Conflict"
2025-01-21 18:40:53,383 - __main__ - ERROR - Update None caused error Conflict: terminated by other getUpdates request; make sure that only one bot instance is running
2025-01-21 18:41:00,383 - httpx - INFO - HTTP Request: POST https://api.telegram.org/bot7099400053:AAGpkQ978uhK1M3GnFwNoNH04QyNVb4ufsk/getUpdates "HTTP/1.1 200 OK"
2025-01-21 18:41:10,535 - httpx - INFO - HTTP Request: POST https://api.telegram.org/bot7099400053:AAGpkQ978uhK1M3GnFwNoNH04QyNVb4ufsk/getUpdates "HTTP/1.1 200 OK"
2025-01-21 18:41:10,987 - httpx - INFO - HTTP Request: POST https://api.telegram.org/bot7099400053:AAGpkQ978uhK1M3GnFwNoNH04QyNVb4ufsk/getUpdates "HTTP/1.1 409 Conflict"
2025-01-21 18:41:10,988 - __main__ - ERROR - Update None caused error Conflict: terminated by other getUpdates request; make sure that only one bot instance is running
2025-01-21 18:41:15,146 - httpx - INFO - HTTP Request: POST https://api.telegram.org/bot7099400053:AAGpkQ978uhK1M3GnFwNoNH04QyNVb4ufsk/getUpdates "HTTP/1.1 409 Conflict"
2025-01-21 18:41:15,146 - __main__ - ERROR - Update None caused error Conflict: terminated by other getUpdates request; make sure that only one bot instance is running
2025-01-21 18:41:22,146 - httpx - INFO - HTTP Request: POST https://api.telegram.org/bot7099400053:AAGpkQ978uhK1M3GnFwNoNH04QyNVb4ufsk/getUpdates "HTTP/1.1 200 OK"
2025-01-21 18:41:32,299 - httpx - INFO - HTTP Request: POST https://api.telegram.org/bot7099400053:AAGpkQ978uhK1M3GnFwNoNH04QyNVb4ufsk/getUpdates "HTTP/1.1 200 OK"
2025-01-21 18:41:41,344 - httpx - INFO - HTTP Request: POST https://api.telegram.org/bot7099400053:AAGpkQ978uhK1M3GnFwNoNH04QyNVb4ufsk/getUpdates "HTTP/1.1 409 Conflict"
2025-01-21 18:41:41,345 - __main__ - ERROR - Update None caused error Conflict: terminated by other getUpdates request; make sure that only one bot instance is running
2025-01-21 18:41:45,512 - httpx - INFO - HTTP Request: POST https://api.telegram.org/bot7099400053:AAGpkQ978uhK1M3GnFwNoNH04QyNVb4ufsk/getUpdates "HTTP/1.1 409 Conflict"
2025-01-21 18:41:45,513 - __main__ - ERROR - Update None caused error Conflict: terminated by other getUpdates request; make sure that only one bot instance is running
2025-01-21 18:41:52,502 - httpx - INFO - HTTP Request: POST https://api.telegram.org/bot7099400053:AAGpkQ978uhK1M3GnFwNoNH04QyNVb4ufsk/getUpdates "HTTP/1.1 200 OK"
2025-01-21 18:42:02,656 - httpx - INFO - HTTP Request: POST https://api.telegram.org/bot7099400053:AAGpkQ978uhK1M3GnFwNoNH04QyNVb4ufsk/getUpdates "HTTP/1.1 200 OK"
2025-01-21 18:42:12,808 - httpx - INFO - HTTP Request: POST https://api.telegram.org/bot7099400053:AAGpkQ978uhK1M3GnFwNoNH04QyNVb4ufsk/getUpdates "HTTP/1.1 200 OK"
2025-01-21 18:42:16,078 - httpx - INFO - HTTP Request: POST https://api.telegram.org/bot7099400053:AAGpkQ978uhK1M3GnFwNoNH04QyNVb4ufsk/getUpdates "HTTP/1.1 409 Conflict"
2025-01-21 18:42:16,078 - __main__ - ERROR - Update None caused error Conflict: terminated by other getUpdates request; make sure that only one bot instance is running
2025-01-21 18:42:20,237 - httpx - INFO - HTTP Request: POST https://api.telegram.org/bot7099400053:AAGpkQ978uhK1M3GnFwNoNH04QyNVb4ufsk/getUpdates "HTTP/1.1 409 Conflict"
2025-01-21 18:42:20,238 - __main__ - ERROR - Update None caused error Conflict: terminated by other getUpdates request; make sure that only one bot instance is running
2025-01-21 18:42:27,240 - httpx - INFO - HTTP Request: POST https://api.telegram.org/bot7099400053:AAGpkQ978uhK1M3GnFwNoNH04QyNVb4ufsk/getUpdates "HTTP/1.1 200 OK"
2025-01-21 18:42:37,419 - httpx - INFO - HTTP Request: POST https://api.telegram.org/bot7099400053:AAGpkQ978uhK1M3GnFwNoNH04QyNVb4ufsk/getUpdates "HTTP/1.1 200 OK"
2025-01-21 18:42:47,580 - httpx - INFO - HTTP Request: POST https://api.telegram.org/bot7099400053:AAGpkQ978uhK1M3GnFwNoNH04QyNVb4ufsk/getUpdates "HTTP/1.1 200 OK"
2025-01-21 18:42:50,798 - httpx - INFO - HTTP Request: POST https://api.telegram.org/bot7099400053:AAGpkQ978uhK1M3GnFwNoNH04QyNVb4ufsk/getUpdates "HTTP/1.1 409 Conflict"
2025-01-21 18:42:50,799 - __main__ - ERROR - Update None caused error Conflict: terminated by other getUpdates request; make sure that only one bot instance is running
2025-01-21 18:42:54,957 - httpx - INFO - HTTP Request: POST https://api.telegram.org/bot7099400053:AAGpkQ978uhK1M3GnFwNoNH04QyNVb4ufsk/getUpdates "HTTP/1.1 409 Conflict"
2025-01-21 18:42:54,957 - __main__ - ERROR - Update None caused error Conflict: terminated by other getUpdates request; make sure that only one bot instance is running
2025-01-21 18:43:01,957 - httpx - INFO - HTTP Request: POST https://api.telegram.org/bot7099400053:AAGpkQ978uhK1M3GnFwNoNH04QyNVb4ufsk/getUpdates "HTTP/1.1 200 OK"
2025-01-21 18:43:12,115 - httpx - INFO - HTTP Request: POST https://api.telegram.org/bot7099400053:AAGpkQ978uhK1M3GnFwNoNH04QyNVb4ufsk/getUpdates "HTTP/1.1 200 OK"
2025-01-21 18:43:22,267 - httpx - INFO - HTTP Request: POST https://api.telegram.org/bot7099400053:AAGpkQ978uhK1M3GnFwNoNH04QyNVb4ufsk/getUpdates "HTTP/1.1 200 OK"
2025-01-21 18:43:25,516 - httpx - INFO - HTTP Request: POST https://api.telegram.org/bot7099400053:AAGpkQ978uhK1M3GnFwNoNH04QyNVb4ufsk/getUpdates "HTTP/1.1 409 Conflict"
2025-01-21 18:43:25,517 - __main__ - ERROR - Update None caused error Conflict: terminated by other getUpdates request; make sure that only one bot instance is running
2025-01-21 18:43:29,672 - httpx - INFO - HTTP Request: POST https://api.telegram.org/bot7099400053:AAGpkQ978uhK1M3GnFwNoNH04QyNVb4ufsk/getUpdates "HTTP/1.1 409 Conflict"
2025-01-21 18:43:29,673 - __main__ - ERROR - Update None caused error Conflict: terminated by other getUpdates request; make sure that only one bot instance is running
2025-01-21 18:43:36,674 - httpx - INFO - HTTP Request: POST https://api.telegram.org/bot7099400053:AAGpkQ978uhK1M3GnFwNoNH04QyNVb4ufsk/getUpdates "HTTP/1.1 200 OK"
2025-01-21 18:43:46,829 - httpx - INFO - HTTP Request: POST https://api.telegram.org/bot7099400053:AAGpkQ978uhK1M3GnFwNoNH04QyNVb4ufsk/getUpdates "HTTP/1.1 200 OK"
2025-01-21 18:43:56,981 - httpx - INFO - HTTP Request: POST https://api.telegram.org/bot7099400053:AAGpkQ978uhK1M3GnFwNoNH04QyNVb4ufsk/getUpdates "HTTP/1.1 200 OK"
2025-01-21 18:44:00,209 - httpx - INFO - HTTP Request: POST https://api.telegram.org/bot7099400053:AAGpkQ978uhK1M3GnFwNoNH04QyNVb4ufsk/getUpdates "HTTP/1.1 409 Conflict"
2025-01-21 18:44:00,210 - __main__ - ERROR - Update None caused error Conflict: terminated by other getUpdates request; make sure that only one bot instance is running
2025-01-21 18:44:04,368 - httpx - INFO - HTTP Request: POST https://api.telegram.org/bot7099400053:AAGpkQ978uhK1M3GnFwNoNH04QyNVb4ufsk/getUpdates "HTTP/1.1 409 Conflict"
2025-01-21 18:44:04,369 - __main__ - ERROR - Update None caused error Conflict: terminated by other getUpdates request; make sure that only one bot instance is running
2025-01-21 18:44:11,367 - httpx - INFO - HTTP Request: POST https://api.telegram.org/bot7099400053:AAGpkQ978uhK1M3GnFwNoNH04QyNVb4ufsk/getUpdates "HTTP/1.1 200 OK"
2025-01-21 18:44:21,521 - httpx - INFO - HTTP Request: POST https://api.telegram.org/bot7099400053:AAGpkQ978uhK1M3GnFwNoNH04QyNVb4ufsk/getUpdates "HTTP/1.1 200 OK"
2025-01-21 18:44:31,682 - httpx - INFO - HTTP Request: POST https://api.telegram.org/bot7099400053:AAGpkQ978uhK1M3GnFwNoNH04QyNVb4ufsk/getUpdates "HTTP/1.1 200 OK"
2025-01-21 18:44:34,896 - httpx - INFO - HTTP Request: POST https://api.telegram.org/bot7099400053:AAGpkQ978uhK1M3GnFwNoNH04QyNVb4ufsk/getUpdates "HTTP/1.1 409 Conflict"
2025-01-21 18:44:34,897 - __main__ - ERROR - Update None caused error Conflict: terminated by other getUpdates request; make sure that only one bot instance is running
2025-01-21 18:44:39,055 - httpx - INFO - HTTP Request: POST https://api.telegram.org/bot7099400053:AAGpkQ978uhK1M3GnFwNoNH04QyNVb4ufsk/getUpdates "HTTP/1.1 409 Conflict"
2025-01-21 18:44:39,056 - __main__ - ERROR - Update None caused error Conflict: terminated by other getUpdates request; make sure that only one bot instance is running
2025-01-21 18:44:46,055 - httpx - INFO - HTTP Request: POST https://api.telegram.org/bot7099400053:AAGpkQ978uhK1M3GnFwNoNH04QyNVb4ufsk/getUpdates "HTTP/1.1 200 OK"
2025-01-21 18:44:56,216 - httpx - INFO - HTTP Request: POST https://api.telegram.org/bot7099400053:AAGpkQ978uhK1M3GnFwNoNH04QyNVb4ufsk/getUpdates "HTTP/1.1 200 OK"
2025-01-21 18:45:06,372 - httpx - INFO - HTTP Request: POST https://api.telegram.org/bot7099400053:AAGpkQ978uhK1M3GnFwNoNH04QyNVb4ufsk/getUpdates "HTTP/1.1 200 OK"
2025-01-21 18:45:09,569 - httpx - INFO - HTTP Request: POST https://api.telegram.org/bot7099400053:AAGpkQ978uhK1M3GnFwNoNH04QyNVb4ufsk/getUpdates "HTTP/1.1 409 Conflict"
2025-01-21 18:45:09,570 - __main__ - ERROR - Update None caused error Conflict: terminated by other getUpdates request; make sure that only one bot instance is running
2025-01-21 18:45:13,729 - httpx - INFO - HTTP Request: POST https://api.telegram.org/bot7099400053:AAGpkQ978uhK1M3GnFwNoNH04QyNVb4ufsk/getUpdates "HTTP/1.1 409 Conflict"
2025-01-21 18:45:13,729 - __main__ - ERROR - Update None caused error Conflict: terminated by other getUpdates request; make sure that only one bot instance is running
2025-01-21 18:45:20,729 - httpx - INFO - HTTP Request: POST https://api.telegram.org/bot7099400053:AAGpkQ978uhK1M3GnFwNoNH04QyNVb4ufsk/getUpdates "HTTP/1.1 200 OK"
2025-01-21 18:45:30,882 - httpx - INFO - HTTP Request: POST https://api.telegram.org/bot7099400053:AAGpkQ978uhK1M3GnFwNoNH04QyNVb4ufsk/getUpdates "HTTP/1.1 200 OK"
2025-01-21 18:45:41,035 - httpx - INFO - HTTP Request: POST https://api.telegram.org/bot7099400053:AAGpkQ978uhK1M3GnFwNoNH04QyNVb4ufsk/getUpdates "HTTP/1.1 200 OK"
2025-01-21 18:45:44,250 - httpx - INFO - HTTP Request: POST https://api.telegram.org/bot7099400053:AAGpkQ978uhK1M3GnFwNoNH04QyNVb4ufsk/getUpdates "HTTP/1.1 409 Conflict"
2025-01-21 18:45:44,251 - __main__ - ERROR - Update None caused error Conflict: terminated by other getUpdates request; make sure that only one bot instance is running
2025-01-21 18:45:48,410 - httpx - INFO - HTTP Request: POST https://api.telegram.org/bot7099400053:AAGpkQ978uhK1M3GnFwNoNH04QyNVb4ufsk/getUpdates "HTTP/1.1 409 Conflict"
2025-01-21 18:45:48,410 - __main__ - ERROR - Update None caused error Conflict: terminated by other getUpdates request; make sure that only one bot instance is running
2025-01-21 18:45:55,409 - httpx - INFO - HTTP Request: POST https://api.telegram.org/bot7099400053:AAGpkQ978uhK1M3GnFwNoNH04QyNVb4ufsk/getUpdates "HTTP/1.1 200 OK"
2025-01-21 18:46:05,563 - httpx - INFO - HTTP Request: POST https://api.telegram.org/bot7099400053:AAGpkQ978uhK1M3GnFwNoNH04QyNVb4ufsk/getUpdates "HTTP/1.1 200 OK"
2025-01-21 18:46:15,716 - httpx - INFO - HTTP Request: POST https://api.telegram.org/bot7099400053:AAGpkQ978uhK1M3GnFwNoNH04QyNVb4ufsk/getUpdates "HTTP/1.1 200 OK"
2025-01-21 18:46:18,946 - httpx - INFO - HTTP Request: POST https://api.telegram.org/bot7099400053:AAGpkQ978uhK1M3GnFwNoNH04QyNVb4ufsk/getUpdates "HTTP/1.1 409 Conflict"
2025-01-21 18:46:18,946 - __main__ - ERROR - Update None caused error Conflict: terminated by other getUpdates request; make sure that only one bot instance is running
2025-01-21 18:46:23,106 - httpx - INFO - HTTP Request: POST https://api.telegram.org/bot7099400053:AAGpkQ978uhK1M3GnFwNoNH04QyNVb4ufsk/getUpdates "HTTP/1.1 409 Conflict"
2025-01-21 18:46:23,107 - __main__ - ERROR - Update None caused error Conflict: terminated by other getUpdates request; make sure that only one bot instance is running
2025-01-21 18:46:30,105 - httpx - INFO - HTTP Request: POST https://api.telegram.org/bot7099400053:AAGpkQ978uhK1M3GnFwNoNH04QyNVb4ufsk/getUpdates "HTTP/1.1 200 OK"
2025-01-21 18:46:40,268 - httpx - INFO - HTTP Request: POST https://api.telegram.org/bot7099400053:AAGpkQ978uhK1M3GnFwNoNH04QyNVb4ufsk/getUpdates "HTTP/1.1 200 OK"
2025-01-21 18:46:50,421 - httpx - INFO - HTTP Request: POST https://api.telegram.org/bot7099400053:AAGpkQ978uhK1M3GnFwNoNH04QyNVb4ufsk/getUpdates "HTTP/1.1 200 OK"
2025-01-21 18:46:53,629 - httpx - INFO - HTTP Request: POST https://api.telegram.org/bot7099400053:AAGpkQ978uhK1M3GnFwNoNH04QyNVb4ufsk/getUpdates "HTTP/1.1 409 Conflict"
2025-01-21 18:46:53,630 - __main__ - ERROR - Update None caused error Conflict: terminated by other getUpdates request; make sure that only one bot instance is running
2025-01-21 18:46:57,786 - httpx - INFO - HTTP Request: POST https://api.telegram.org/bot7099400053:AAGpkQ978uhK1M3GnFwNoNH04QyNVb4ufsk/getUpdates "HTTP/1.1 409 Conflict"
2025-01-21 18:46:57,786 - __main__ - ERROR - Update None caused error Conflict: terminated by other getUpdates request; make sure that only one bot instance is running
2025-01-21 18:47:04,788 - httpx - INFO - HTTP Request: POST https://api.telegram.org/bot7099400053:AAGpkQ978uhK1M3GnFwNoNH04QyNVb4ufsk/getUpdates "HTTP/1.1 200 OK"
2025-01-21 18:47:14,943 - httpx - INFO - HTTP Request: POST https://api.telegram.org/bot7099400053:AAGpkQ978uhK1M3GnFwNoNH04QyNVb4ufsk/getUpdates "HTTP/1.1 200 OK"
2025-01-21 18:47:25,095 - httpx - INFO - HTTP Request: POST https://api.telegram.org/bot7099400053:AAGpkQ978uhK1M3GnFwNoNH04QyNVb4ufsk/getUpdates "HTTP/1.1 200 OK"
2025-01-21 18:47:28,320 - httpx - INFO - HTTP Request: POST https://api.telegram.org/bot7099400053:AAGpkQ978uhK1M3GnFwNoNH04QyNVb4ufsk/getUpdates "HTTP/1.1 409 Conflict"
2025-01-21 18:47:28,320 - __main__ - ERROR - Update None caused error Conflict: terminated by other getUpdates request; make sure that only one bot instance is running
2025-01-21 18:47:32,479 - httpx - INFO - HTTP Request: POST https://api.telegram.org/bot7099400053:AAGpkQ978uhK1M3GnFwNoNH04QyNVb4ufsk/getUpdates "HTTP/1.1 409 Conflict"
2025-01-21 18:47:32,480 - __main__ - ERROR - Update None caused error Conflict: terminated by other getUpdates request; make sure that only one bot instance is running
2025-01-21 18:47:39,479 - httpx - INFO - HTTP Request: POST https://api.telegram.org/bot7099400053:AAGpkQ978uhK1M3GnFwNoNH04QyNVb4ufsk/getUpdates "HTTP/1.1 200 OK"
2025-01-21 18:47:49,631 - httpx - INFO - HTTP Request: POST https://api.telegram.org/bot7099400053:AAGpkQ978uhK1M3GnFwNoNH04QyNVb4ufsk/getUpdates "HTTP/1.1 200 OK"
2025-01-21 18:47:59,784 - httpx - INFO - HTTP Request: POST https://api.telegram.org/bot7099400053:AAGpkQ978uhK1M3GnFwNoNH04QyNVb4ufsk/getUpdates "HTTP/1.1 200 OK"
2025-01-21 18:48:02,989 - httpx - INFO - HTTP Request: POST https://api.telegram.org/bot7099400053:AAGpkQ978uhK1M3GnFwNoNH04QyNVb4ufsk/getUpdates "HTTP/1.1 409 Conflict"
2025-01-21 18:48:02,990 - __main__ - ERROR - Update None caused error Conflict: terminated by other getUpdates request; make sure that only one bot instance is running
2025-01-21 18:48:07,148 - httpx - INFO - HTTP Request: POST https://api.telegram.org/bot7099400053:AAGpkQ978uhK1M3GnFwNoNH04QyNVb4ufsk/getUpdates "HTTP/1.1 409 Conflict"
2025-01-21 18:48:07,149 - __main__ - ERROR - Update None caused error Conflict: terminated by other getUpdates request; make sure that only one bot instance is running
2025-01-21 18:48:14,150 - httpx - INFO - HTTP Request: POST https://api.telegram.org/bot7099400053:AAGpkQ978uhK1M3GnFwNoNH04QyNVb4ufsk/getUpdates "HTTP/1.1 200 OK"
2025-01-21 18:48:24,303 - httpx - INFO - HTTP Request: POST https://api.telegram.org/bot7099400053:AAGpkQ978uhK1M3GnFwNoNH04QyNVb4ufsk/getUpdates "HTTP/1.1 200 OK"
2025-01-21 18:48:34,458 - httpx - INFO - HTTP Request: POST https://api.telegram.org/bot7099400053:AAGpkQ978uhK1M3GnFwNoNH04QyNVb4ufsk/getUpdates "HTTP/1.1 200 OK"
2025-01-21 18:48:37,709 - httpx - INFO - HTTP Request: POST https://api.telegram.org/bot7099400053:AAGpkQ978uhK1M3GnFwNoNH04QyNVb4ufsk/getUpdates "HTTP/1.1 409 Conflict"
2025-01-21 18:48:37,710 - __main__ - ERROR - Update None caused error Conflict: terminated by other getUpdates request; make sure that only one bot instance is running
2025-01-21 18:48:41,866 - httpx - INFO - HTTP Request: POST https://api.telegram.org/bot7099400053:AAGpkQ978uhK1M3GnFwNoNH04QyNVb4ufsk/getUpdates "HTTP/1.1 409 Conflict"
2025-01-21 18:48:41,867 - __main__ - ERROR - Update None caused error Conflict: terminated by other getUpdates request; make sure that only one bot instance is running
2025-01-21 18:48:48,865 - httpx - INFO - HTTP Request: POST https://api.telegram.org/bot7099400053:AAGpkQ978uhK1M3GnFwNoNH04QyNVb4ufsk/getUpdates "HTTP/1.1 200 OK"
2025-01-21 18:48:59,018 - httpx - INFO - HTTP Request: POST https://api.telegram.org/bot7099400053:AAGpkQ978uhK1M3GnFwNoNH04QyNVb4ufsk/getUpdates "HTTP/1.1 200 OK"
2025-01-21 18:49:09,177 - httpx - INFO - HTTP Request: POST https://api.telegram.org/bot7099400053:AAGpkQ978uhK1M3GnFwNoNH04QyNVb4ufsk/getUpdates "HTTP/1.1 200 OK"
2025-01-21 18:49:12,419 - httpx - INFO - HTTP Request: POST https://api.telegram.org/bot7099400053:AAGpkQ978uhK1M3GnFwNoNH04QyNVb4ufsk/getUpdates "HTTP/1.1 409 Conflict"
2025-01-21 18:49:12,420 - __main__ - ERROR - Update None caused error Conflict: terminated by other getUpdates request; make sure that only one bot instance is running
2025-01-21 18:49:16,575 - httpx - INFO - HTTP Request: POST https://api.telegram.org/bot7099400053:AAGpkQ978uhK1M3GnFwNoNH04QyNVb4ufsk/getUpdates "HTTP/1.1 409 Conflict"
2025-01-21 18:49:16,576 - __main__ - ERROR - Update None caused error Conflict: terminated by other getUpdates request; make sure that only one bot instance is running
2025-01-21 18:49:23,578 - httpx - INFO - HTTP Request: POST https://api.telegram.org/bot7099400053:AAGpkQ978uhK1M3GnFwNoNH04QyNVb4ufsk/getUpdates "HTTP/1.1 200 OK"
2025-01-21 18:49:33,732 - httpx - INFO - HTTP Request: POST https://api.telegram.org/bot7099400053:AAGpkQ978uhK1M3GnFwNoNH04QyNVb4ufsk/getUpdates "HTTP/1.1 200 OK"
2025-01-21 18:49:43,885 - httpx - INFO - HTTP Request: POST https://api.telegram.org/bot7099400053:AAGpkQ978uhK1M3GnFwNoNH04QyNVb4ufsk/getUpdates "HTTP/1.1 200 OK"
2025-01-21 18:49:47,128 - httpx - INFO - HTTP Request: POST https://api.telegram.org/bot7099400053:AAGpkQ978uhK1M3GnFwNoNH04QyNVb4ufsk/getUpdates "HTTP/1.1 409 Conflict"
2025-01-21 18:49:47,129 - __main__ - ERROR - Update None caused error Conflict: terminated by other getUpdates request; make sure that only one bot instance is running
2025-01-21 18:49:51,288 - httpx - INFO - HTTP Request: POST https://api.telegram.org/bot7099400053:AAGpkQ978uhK1M3GnFwNoNH04QyNVb4ufsk/getUpdates "HTTP/1.1 409 Conflict"
2025-01-21 18:49:51,289 - __main__ - ERROR - Update None caused error Conflict: terminated by other getUpdates request; make sure that only one bot instance is running
2025-01-21 18:49:58,290 - httpx - INFO - HTTP Request: POST https://api.telegram.org/bot7099400053:AAGpkQ978uhK1M3GnFwNoNH04QyNVb4ufsk/getUpdates "HTTP/1.1 200 OK"
2025-01-21 18:50:08,443 - httpx - INFO - HTTP Request: POST https://api.telegram.org/bot7099400053:AAGpkQ978uhK1M3GnFwNoNH04QyNVb4ufsk/getUpdates "HTTP/1.1 200 OK"
2025-01-21 18:50:18,596 - httpx - INFO - HTTP Request: POST https://api.telegram.org/bot7099400053:AAGpkQ978uhK1M3GnFwNoNH04QyNVb4ufsk/getUpdates "HTTP/1.1 200 OK"
2025-01-21 18:50:21,840 - httpx - INFO - HTTP Request: POST https://api.telegram.org/bot7099400053:AAGpkQ978uhK1M3GnFwNoNH04QyNVb4ufsk/getUpdates "HTTP/1.1 409 Conflict"
2025-01-21 18:50:21,841 - __main__ - ERROR - Update None caused error Conflict: terminated by other getUpdates request; make sure that only one bot instance is running
2025-01-21 18:50:26,001 - httpx - INFO - HTTP Request: POST https://api.telegram.org/bot7099400053:AAGpkQ978uhK1M3GnFwNoNH04QyNVb4ufsk/getUpdates "HTTP/1.1 409 Conflict"
2025-01-21 18:50:26,002 - __main__ - ERROR - Update None caused error Conflict: terminated by other getUpdates request; make sure that only one bot instance is running
2025-01-21 18:50:33,000 - httpx - INFO - HTTP Request: POST https://api.telegram.org/bot7099400053:AAGpkQ978uhK1M3GnFwNoNH04QyNVb4ufsk/getUpdates "HTTP/1.1 200 OK"
2025-01-21 18:50:43,153 - httpx - INFO - HTTP Request: POST https://api.telegram.org/bot7099400053:AAGpkQ978uhK1M3GnFwNoNH04QyNVb4ufsk/getUpdates "HTTP/1.1 200 OK"
2025-01-21 18:50:53,308 - httpx - INFO - HTTP Request: POST https://api.telegram.org/bot7099400053:AAGpkQ978uhK1M3GnFwNoNH04QyNVb4ufsk/getUpdates "HTTP/1.1 200 OK"
2025-01-21 18:50:56,573 - httpx - INFO - HTTP Request: POST https://api.telegram.org/bot7099400053:AAGpkQ978uhK1M3GnFwNoNH04QyNVb4ufsk/getUpdates "HTTP/1.1 409 Conflict"
2025-01-21 18:50:56,574 - __main__ - ERROR - Update None caused error Conflict: terminated by other getUpdates request; make sure that only one bot instance is running
2025-01-21 18:51:00,736 - httpx - INFO - HTTP Request: POST https://api.telegram.org/bot7099400053:AAGpkQ978uhK1M3GnFwNoNH04QyNVb4ufsk/getUpdates "HTTP/1.1 409 Conflict"
2025-01-21 18:51:00,736 - __main__ - ERROR - Update None caused error Conflict: terminated by other getUpdates request; make sure that only one bot instance is running
2025-01-21 18:51:07,739 - httpx - INFO - HTTP Request: POST https://api.telegram.org/bot7099400053:AAGpkQ978uhK1M3GnFwNoNH04QyNVb4ufsk/getUpdates "HTTP/1.1 200 OK"
2025-01-21 18:51:17,892 - httpx - INFO - HTTP Request: POST https://api.telegram.org/bot7099400053:AAGpkQ978uhK1M3GnFwNoNH04QyNVb4ufsk/getUpdates "HTTP/1.1 200 OK"
2025-01-21 18:51:28,067 - httpx - INFO - HTTP Request: POST https://api.telegram.org/bot7099400053:AAGpkQ978uhK1M3GnFwNoNH04QyNVb4ufsk/getUpdates "HTTP/1.1 200 OK"
2025-01-21 18:51:31,267 - httpx - INFO - HTTP Request: POST https://api.telegram.org/bot7099400053:AAGpkQ978uhK1M3GnFwNoNH04QyNVb4ufsk/getUpdates "HTTP/1.1 409 Conflict"
2025-01-21 18:51:31,268 - __main__ - ERROR - Update None caused error Conflict: terminated by other getUpdates request; make sure that only one bot instance is running
2025-01-21 18:51:35,426 - httpx - INFO - HTTP Request: POST https://api.telegram.org/bot7099400053:AAGpkQ978uhK1M3GnFwNoNH04QyNVb4ufsk/getUpdates "HTTP/1.1 409 Conflict"
2025-01-21 18:51:35,427 - __main__ - ERROR - Update None caused error Conflict: terminated by other getUpdates request; make sure that only one bot instance is running
2025-01-21 18:51:42,427 - httpx - INFO - HTTP Request: POST https://api.telegram.org/bot7099400053:AAGpkQ978uhK1M3GnFwNoNH04QyNVb4ufsk/getUpdates "HTTP/1.1 200 OK"
2025-01-21 18:51:52,580 - httpx - INFO - HTTP Request: POST https://api.telegram.org/bot7099400053:AAGpkQ978uhK1M3GnFwNoNH04QyNVb4ufsk/getUpdates "HTTP/1.1 200 OK"
2025-01-21 18:52:02,733 - httpx - INFO - HTTP Request: POST https://api.telegram.org/bot7099400053:AAGpkQ978uhK1M3GnFwNoNH04QyNVb4ufsk/getUpdates "HTTP/1.1 200 OK"
2025-01-21 18:52:05,910 - httpx - INFO - HTTP Request: POST https://api.telegram.org/bot7099400053:AAGpkQ978uhK1M3GnFwNoNH04QyNVb4ufsk/getUpdates "HTTP/1.1 409 Conflict"
2025-01-21 18:52:05,911 - __main__ - ERROR - Update None caused error Conflict: terminated by other getUpdates request; make sure that only one bot instance is running
2025-01-21 18:52:10,068 - httpx - INFO - HTTP Request: POST https://api.telegram.org/bot7099400053:AAGpkQ978uhK1M3GnFwNoNH04QyNVb4ufsk/getUpdates "HTTP/1.1 409 Conflict"
2025-01-21 18:52:10,069 - __main__ - ERROR - Update None caused error Conflict: terminated by other getUpdates request; make sure that only one bot instance is running
2025-01-21 18:52:17,074 - httpx - INFO - HTTP Request: POST https://api.telegram.org/bot7099400053:AAGpkQ978uhK1M3GnFwNoNH04QyNVb4ufsk/getUpdates "HTTP/1.1 200 OK"
2025-01-21 18:52:27,231 - httpx - INFO - HTTP Request: POST https://api.telegram.org/bot7099400053:AAGpkQ978uhK1M3GnFwNoNH04QyNVb4ufsk/getUpdates "HTTP/1.1 200 OK"
2025-01-21 18:52:37,390 - httpx - INFO - HTTP Request: POST https://api.telegram.org/bot7099400053:AAGpkQ978uhK1M3GnFwNoNH04QyNVb4ufsk/getUpdates "HTTP/1.1 200 OK"
2025-01-21 18:52:40,602 - httpx - INFO - HTTP Request: POST https://api.telegram.org/bot7099400053:AAGpkQ978uhK1M3GnFwNoNH04QyNVb4ufsk/getUpdates "HTTP/1.1 409 Conflict"
2025-01-21 18:52:40,603 - __main__ - ERROR - Update None caused error Conflict: terminated by other getUpdates request; make sure that only one bot instance is running
2025-01-21 18:52:44,782 - httpx - INFO - HTTP Request: POST https://api.telegram.org/bot7099400053:AAGpkQ978uhK1M3GnFwNoNH04QyNVb4ufsk/getUpdates "HTTP/1.1 409 Conflict"
2025-01-21 18:52:44,782 - __main__ - ERROR - Update None caused error Conflict: terminated by other getUpdates request; make sure that only one bot instance is running
2025-01-21 18:52:51,785 - httpx - INFO - HTTP Request: POST https://api.telegram.org/bot7099400053:AAGpkQ978uhK1M3GnFwNoNH04QyNVb4ufsk/getUpdates "HTTP/1.1 200 OK"
2025-01-21 18:53:01,939 - httpx - INFO - HTTP Request: POST https://api.telegram.org/bot7099400053:AAGpkQ978uhK1M3GnFwNoNH04QyNVb4ufsk/getUpdates "HTTP/1.1 200 OK"
2025-01-21 18:53:12,092 - httpx - INFO - HTTP Request: POST https://api.telegram.org/bot7099400053:AAGpkQ978uhK1M3GnFwNoNH04QyNVb4ufsk/getUpdates "HTTP/1.1 200 OK"
2025-01-21 18:53:15,266 - httpx - INFO - HTTP Request: POST https://api.telegram.org/bot7099400053:AAGpkQ978uhK1M3GnFwNoNH04QyNVb4ufsk/getUpdates "HTTP/1.1 409 Conflict"
2025-01-21 18:53:15,267 - __main__ - ERROR - Update None caused error Conflict: terminated by other getUpdates request; make sure that only one bot instance is running
2025-01-21 18:53:19,430 - httpx - INFO - HTTP Request: POST https://api.telegram.org/bot7099400053:AAGpkQ978uhK1M3GnFwNoNH04QyNVb4ufsk/getUpdates "HTTP/1.1 409 Conflict"
2025-01-21 18:53:19,431 - __main__ - ERROR - Update None caused error Conflict: terminated by other getUpdates request; make sure that only one bot instance is running
2025-01-21 18:53:26,431 - httpx - INFO - HTTP Request: POST https://api.telegram.org/bot7099400053:AAGpkQ978uhK1M3GnFwNoNH04QyNVb4ufsk/getUpdates "HTTP/1.1 200 OK"
2025-01-21 18:53:36,585 - httpx - INFO - HTTP Request: POST https://api.telegram.org/bot7099400053:AAGpkQ978uhK1M3GnFwNoNH04QyNVb4ufsk/getUpdates "HTTP/1.1 200 OK"
2025-01-21 18:53:46,738 - httpx - INFO - HTTP Request: POST https://api.telegram.org/bot7099400053:AAGpkQ978uhK1M3GnFwNoNH04QyNVb4ufsk/getUpdates "HTTP/1.1 200 OK"
2025-01-21 18:53:49,958 - httpx - INFO - HTTP Request: POST https://api.telegram.org/bot7099400053:AAGpkQ978uhK1M3GnFwNoNH04QyNVb4ufsk/getUpdates "HTTP/1.1 409 Conflict"
2025-01-21 18:53:49,959 - __main__ - ERROR - Update None caused error Conflict: terminated by other getUpdates request; make sure that only one bot instance is running
2025-01-21 18:53:54,118 - httpx - INFO - HTTP Request: POST https://api.telegram.org/bot7099400053:AAGpkQ978uhK1M3GnFwNoNH04QyNVb4ufsk/getUpdates "HTTP/1.1 409 Conflict"
2025-01-21 18:53:54,119 - __main__ - ERROR - Update None caused error Conflict: terminated by other getUpdates request; make sure that only one bot instance is running
2025-01-21 18:54:01,117 - httpx - INFO - HTTP Request: POST https://api.telegram.org/bot7099400053:AAGpkQ978uhK1M3GnFwNoNH04QyNVb4ufsk/getUpdates "HTTP/1.1 200 OK"
2025-01-21 18:54:11,270 - httpx - INFO - HTTP Request: POST https://api.telegram.org/bot7099400053:AAGpkQ978uhK1M3GnFwNoNH04QyNVb4ufsk/getUpdates "HTTP/1.1 200 OK"
2025-01-21 18:54:21,425 - httpx - INFO - HTTP Request: POST https://api.telegram.org/bot7099400053:AAGpkQ978uhK1M3GnFwNoNH04QyNVb4ufsk/getUpdates "HTTP/1.1 200 OK"
2025-01-21 18:54:24,626 - httpx - INFO - HTTP Request: POST https://api.telegram.org/bot7099400053:AAGpkQ978uhK1M3GnFwNoNH04QyNVb4ufsk/getUpdates "HTTP/1.1 409 Conflict"
2025-01-21 18:54:24,626 - __main__ - ERROR - Update None caused error Conflict: terminated by other getUpdates request; make sure that only one bot instance is running
2025-01-21 18:54:28,784 - httpx - INFO - HTTP Request: POST https://api.telegram.org/bot7099400053:AAGpkQ978uhK1M3GnFwNoNH04QyNVb4ufsk/getUpdates "HTTP/1.1 409 Conflict"
2025-01-21 18:54:28,784 - __main__ - ERROR - Update None caused error Conflict: terminated by other getUpdates request; make sure that only one bot instance is running
2025-01-21 18:54:35,784 - httpx - INFO - HTTP Request: POST https://api.telegram.org/bot7099400053:AAGpkQ978uhK1M3GnFwNoNH04QyNVb4ufsk/getUpdates "HTTP/1.1 200 OK"
2025-01-21 18:54:45,937 - httpx - INFO - HTTP Request: POST https://api.telegram.org/bot7099400053:AAGpkQ978uhK1M3GnFwNoNH04QyNVb4ufsk/getUpdates "HTTP/1.1 200 OK"
2025-01-21 18:54:56,112 - httpx - INFO - HTTP Request: POST https://api.telegram.org/bot7099400053:AAGpkQ978uhK1M3GnFwNoNH04QyNVb4ufsk/getUpdates "HTTP/1.1 200 OK"
2025-01-21 18:54:59,347 - httpx - INFO - HTTP Request: POST https://api.telegram.org/bot7099400053:AAGpkQ978uhK1M3GnFwNoNH04QyNVb4ufsk/getUpdates "HTTP/1.1 409 Conflict"
2025-01-21 18:54:59,347 - __main__ - ERROR - Update None caused error Conflict: terminated by other getUpdates request; make sure that only one bot instance is running
2025-01-21 18:55:03,813 - httpx - INFO - HTTP Request: POST https://api.telegram.org/bot7099400053:AAGpkQ978uhK1M3GnFwNoNH04QyNVb4ufsk/getUpdates "HTTP/1.1 409 Conflict"
2025-01-21 18:55:03,814 - __main__ - ERROR - Update None caused error Conflict: terminated by other getUpdates request; make sure that only one bot instance is running
2025-01-21 18:55:10,814 - httpx - INFO - HTTP Request: POST https://api.telegram.org/bot7099400053:AAGpkQ978uhK1M3GnFwNoNH04QyNVb4ufsk/getUpdates "HTTP/1.1 200 OK"
2025-01-21 18:55:20,968 - httpx - INFO - HTTP Request: POST https://api.telegram.org/bot7099400053:AAGpkQ978uhK1M3GnFwNoNH04QyNVb4ufsk/getUpdates "HTTP/1.1 200 OK"
2025-01-21 18:55:31,122 - httpx - INFO - HTTP Request: POST https://api.telegram.org/bot7099400053:AAGpkQ978uhK1M3GnFwNoNH04QyNVb4ufsk/getUpdates "HTTP/1.1 200 OK"
2025-01-21 18:55:34,345 - httpx - INFO - HTTP Request: POST https://api.telegram.org/bot7099400053:AAGpkQ978uhK1M3GnFwNoNH04QyNVb4ufsk/getUpdates "HTTP/1.1 409 Conflict"
2025-01-21 18:55:34,345 - __main__ - ERROR - Update None caused error Conflict: terminated by other getUpdates request; make sure that only one bot instance is running
2025-01-21 18:55:38,503 - httpx - INFO - HTTP Request: POST https://api.telegram.org/bot7099400053:AAGpkQ978uhK1M3GnFwNoNH04QyNVb4ufsk/getUpdates "HTTP/1.1 409 Conflict"
2025-01-21 18:55:38,504 - __main__ - ERROR - Update None caused error Conflict: terminated by other getUpdates request; make sure that only one bot instance is running
2025-01-21 18:55:45,504 - httpx - INFO - HTTP Request: POST https://api.telegram.org/bot7099400053:AAGpkQ978uhK1M3GnFwNoNH04QyNVb4ufsk/getUpdates "HTTP/1.1 200 OK"
2025-01-21 18:55:55,658 - httpx - INFO - HTTP Request: POST https://api.telegram.org/bot7099400053:AAGpkQ978uhK1M3GnFwNoNH04QyNVb4ufsk/getUpdates "HTTP/1.1 200 OK"
2025-01-21 18:56:05,810 - httpx - INFO - HTTP Request: POST https://api.telegram.org/bot7099400053:AAGpkQ978uhK1M3GnFwNoNH04QyNVb4ufsk/getUpdates "HTTP/1.1 200 OK"
2025-01-21 18:56:09,015 - httpx - INFO - HTTP Request: POST https://api.telegram.org/bot7099400053:AAGpkQ978uhK1M3GnFwNoNH04QyNVb4ufsk/getUpdates "HTTP/1.1 409 Conflict"
2025-01-21 18:56:09,016 - __main__ - ERROR - Update None caused error Conflict: terminated by other getUpdates request; make sure that only one bot instance is running
2025-01-21 18:56:13,174 - httpx - INFO - HTTP Request: POST https://api.telegram.org/bot7099400053:AAGpkQ978uhK1M3GnFwNoNH04QyNVb4ufsk/getUpdates "HTTP/1.1 409 Conflict"
2025-01-21 18:56:13,175 - __main__ - ERROR - Update None caused error Conflict: terminated by other getUpdates request; make sure that only one bot instance is running
2025-01-21 18:56:20,174 - httpx - INFO - HTTP Request: POST https://api.telegram.org/bot7099400053:AAGpkQ978uhK1M3GnFwNoNH04QyNVb4ufsk/getUpdates "HTTP/1.1 200 OK"
2025-01-21 18:56:30,326 - httpx - INFO - HTTP Request: POST https://api.telegram.org/bot7099400053:AAGpkQ978uhK1M3GnFwNoNH04QyNVb4ufsk/getUpdates "HTTP/1.1 200 OK"
2025-01-21 18:56:40,478 - httpx - INFO - HTTP Request: POST https://api.telegram.org/bot7099400053:AAGpkQ978uhK1M3GnFwNoNH04QyNVb4ufsk/getUpdates "HTTP/1.1 200 OK"
2025-01-21 18:56:43,687 - httpx - INFO - HTTP Request: POST https://api.telegram.org/bot7099400053:AAGpkQ978uhK1M3GnFwNoNH04QyNVb4ufsk/getUpdates "HTTP/1.1 409 Conflict"
2025-01-21 18:56:43,688 - __main__ - ERROR - Update None caused error Conflict: terminated by other getUpdates request; make sure that only one bot instance is running
2025-01-21 18:56:47,846 - httpx - INFO - HTTP Request: POST https://api.telegram.org/bot7099400053:AAGpkQ978uhK1M3GnFwNoNH04QyNVb4ufsk/getUpdates "HTTP/1.1 409 Conflict"
2025-01-21 18:56:47,847 - __main__ - ERROR - Update None caused error Conflict: terminated by other getUpdates request; make sure that only one bot instance is running
2025-01-21 18:56:54,847 - httpx - INFO - HTTP Request: POST https://api.telegram.org/bot7099400053:AAGpkQ978uhK1M3GnFwNoNH04QyNVb4ufsk/getUpdates "HTTP/1.1 200 OK"
2025-01-21 18:57:05,000 - httpx - INFO - HTTP Request: POST https://api.telegram.org/bot7099400053:AAGpkQ978uhK1M3GnFwNoNH04QyNVb4ufsk/getUpdates "HTTP/1.1 200 OK"
2025-01-21 18:57:15,162 - httpx - INFO - HTTP Request: POST https://api.telegram.org/bot7099400053:AAGpkQ978uhK1M3GnFwNoNH04QyNVb4ufsk/getUpdates "HTTP/1.1 200 OK"
2025-01-21 18:57:18,374 - httpx - INFO - HTTP Request: POST https://api.telegram.org/bot7099400053:AAGpkQ978uhK1M3GnFwNoNH04QyNVb4ufsk/getUpdates "HTTP/1.1 409 Conflict"
2025-01-21 18:57:18,374 - __main__ - ERROR - Update None caused error Conflict: terminated by other getUpdates request; make sure that only one bot instance is running
2025-01-21 18:57:22,532 - httpx - INFO - HTTP Request: POST https://api.telegram.org/bot7099400053:AAGpkQ978uhK1M3GnFwNoNH04QyNVb4ufsk/getUpdates "HTTP/1.1 409 Conflict"
2025-01-21 18:57:22,532 - __main__ - ERROR - Update None caused error Conflict: terminated by other getUpdates request; make sure that only one bot instance is running
2025-01-21 18:57:29,533 - httpx - INFO - HTTP Request: POST https://api.telegram.org/bot7099400053:AAGpkQ978uhK1M3GnFwNoNH04QyNVb4ufsk/getUpdates "HTTP/1.1 200 OK"
2025-01-21 18:57:39,686 - httpx - INFO - HTTP Request: POST https://api.telegram.org/bot7099400053:AAGpkQ978uhK1M3GnFwNoNH04QyNVb4ufsk/getUpdates "HTTP/1.1 200 OK"
2025-01-21 18:57:49,878 - httpx - INFO - HTTP Request: POST https://api.telegram.org/bot7099400053:AAGpkQ978uhK1M3GnFwNoNH04QyNVb4ufsk/getUpdates "HTTP/1.1 200 OK"
2025-01-21 18:57:53,075 - httpx - INFO - HTTP Request: POST https://api.telegram.org/bot7099400053:AAGpkQ978uhK1M3GnFwNoNH04QyNVb4ufsk/getUpdates "HTTP/1.1 409 Conflict"
2025-01-21 18:57:53,075 - __main__ - ERROR - Update None caused error Conflict: terminated by other getUpdates request; make sure that only one bot instance is running
2025-01-21 18:57:57,230 - httpx - INFO - HTTP Request: POST https://api.telegram.org/bot7099400053:AAGpkQ978uhK1M3GnFwNoNH04QyNVb4ufsk/getUpdates "HTTP/1.1 409 Conflict"
2025-01-21 18:57:57,231 - __main__ - ERROR - Update None caused error Conflict: terminated by other getUpdates request; make sure that only one bot instance is running
2025-01-21 18:58:04,229 - httpx - INFO - HTTP Request: POST https://api.telegram.org/bot7099400053:AAGpkQ978uhK1M3GnFwNoNH04QyNVb4ufsk/getUpdates "HTTP/1.1 200 OK"
2025-01-21 18:58:14,382 - httpx - INFO - HTTP Request: POST https://api.telegram.org/bot7099400053:AAGpkQ978uhK1M3GnFwNoNH04QyNVb4ufsk/getUpdates "HTTP/1.1 200 OK"
2025-01-21 18:58:24,537 - httpx - INFO - HTTP Request: POST https://api.telegram.org/bot7099400053:AAGpkQ978uhK1M3GnFwNoNH04QyNVb4ufsk/getUpdates "HTTP/1.1 200 OK"
2025-01-21 18:58:27,753 - httpx - INFO - HTTP Request: POST https://api.telegram.org/bot7099400053:AAGpkQ978uhK1M3GnFwNoNH04QyNVb4ufsk/getUpdates "HTTP/1.1 409 Conflict"
2025-01-21 18:58:27,754 - __main__ - ERROR - Update None caused error Conflict: terminated by other getUpdates request; make sure that only one bot instance is running
2025-01-21 18:58:31,916 - httpx - INFO - HTTP Request: POST https://api.telegram.org/bot7099400053:AAGpkQ978uhK1M3GnFwNoNH04QyNVb4ufsk/getUpdates "HTTP/1.1 409 Conflict"
2025-01-21 18:58:31,917 - __main__ - ERROR - Update None caused error Conflict: terminated by other getUpdates request; make sure that only one bot instance is running
2025-01-21 18:58:38,913 - httpx - INFO - HTTP Request: POST https://api.telegram.org/bot7099400053:AAGpkQ978uhK1M3GnFwNoNH04QyNVb4ufsk/getUpdates "HTTP/1.1 200 OK"
2025-01-21 18:58:49,065 - httpx - INFO - HTTP Request: POST https://api.telegram.org/bot7099400053:AAGpkQ978uhK1M3GnFwNoNH04QyNVb4ufsk/getUpdates "HTTP/1.1 200 OK"
2025-01-21 18:58:59,218 - httpx - INFO - HTTP Request: POST https://api.telegram.org/bot7099400053:AAGpkQ978uhK1M3GnFwNoNH04QyNVb4ufsk/getUpdates "HTTP/1.1 200 OK"
2025-01-21 18:59:02,478 - httpx - INFO - HTTP Request: POST https://api.telegram.org/bot7099400053:AAGpkQ978uhK1M3GnFwNoNH04QyNVb4ufsk/getUpdates "HTTP/1.1 409 Conflict"
2025-01-21 18:59:02,479 - __main__ - ERROR - Update None caused error Conflict: terminated by other getUpdates request; make sure that only one bot instance is running
2025-01-21 18:59:06,637 - httpx - INFO - HTTP Request: POST https://api.telegram.org/bot7099400053:AAGpkQ978uhK1M3GnFwNoNH04QyNVb4ufsk/getUpdates "HTTP/1.1 409 Conflict"
2025-01-21 18:59:06,637 - __main__ - ERROR - Update None caused error Conflict: terminated by other getUpdates request; make sure that only one bot instance is running
2025-01-21 18:59:13,642 - httpx - INFO - HTTP Request: POST https://api.telegram.org/bot7099400053:AAGpkQ978uhK1M3GnFwNoNH04QyNVb4ufsk/getUpdates "HTTP/1.1 200 OK"
2025-01-21 18:59:23,794 - httpx - INFO - HTTP Request: POST https://api.telegram.org/bot7099400053:AAGpkQ978uhK1M3GnFwNoNH04QyNVb4ufsk/getUpdates "HTTP/1.1 200 OK"
2025-01-21 18:59:33,947 - httpx - INFO - HTTP Request: POST https://api.telegram.org/bot7099400053:AAGpkQ978uhK1M3GnFwNoNH04QyNVb4ufsk/getUpdates "HTTP/1.1 200 OK"
2025-01-21 18:59:37,158 - httpx - INFO - HTTP Request: POST https://api.telegram.org/bot7099400053:AAGpkQ978uhK1M3GnFwNoNH04QyNVb4ufsk/getUpdates "HTTP/1.1 409 Conflict"
2025-01-21 18:59:37,159 - __main__ - ERROR - Update None caused error Conflict: terminated by other getUpdates request; make sure that only one bot instance is running
2025-01-21 18:59:41,320 - httpx - INFO - HTTP Request: POST https://api.telegram.org/bot7099400053:AAGpkQ978uhK1M3GnFwNoNH04QyNVb4ufsk/getUpdates "HTTP/1.1 409 Conflict"
2025-01-21 18:59:41,320 - __main__ - ERROR - Update None caused error Conflict: terminated by other getUpdates request; make sure that only one bot instance is running
2025-01-21 18:59:48,319 - httpx - INFO - HTTP Request: POST https://api.telegram.org/bot7099400053:AAGpkQ978uhK1M3GnFwNoNH04QyNVb4ufsk/getUpdates "HTTP/1.1 200 OK"
2025-01-21 18:59:58,471 - httpx - INFO - HTTP Request: POST https://api.telegram.org/bot7099400053:AAGpkQ978uhK1M3GnFwNoNH04QyNVb4ufsk/getUpdates "HTTP/1.1 200 OK"
2025-01-21 19:00:08,626 - httpx - INFO - HTTP Request: POST https://api.telegram.org/bot7099400053:AAGpkQ978uhK1M3GnFwNoNH04QyNVb4ufsk/getUpdates "HTTP/1.1 200 OK"
2025-01-21 19:00:11,843 - httpx - INFO - HTTP Request: POST https://api.telegram.org/bot7099400053:AAGpkQ978uhK1M3GnFwNoNH04QyNVb4ufsk/getUpdates "HTTP/1.1 409 Conflict"
2025-01-21 19:00:11,844 - __main__ - ERROR - Update None caused error Conflict: terminated by other getUpdates request; make sure that only one bot instance is running
2025-01-21 19:00:16,002 - httpx - INFO - HTTP Request: POST https://api.telegram.org/bot7099400053:AAGpkQ978uhK1M3GnFwNoNH04QyNVb4ufsk/getUpdates "HTTP/1.1 409 Conflict"
2025-01-21 19:00:16,003 - __main__ - ERROR - Update None caused error Conflict: terminated by other getUpdates request; make sure that only one bot instance is running
2025-01-21 19:00:23,002 - httpx - INFO - HTTP Request: POST https://api.telegram.org/bot7099400053:AAGpkQ978uhK1M3GnFwNoNH04QyNVb4ufsk/getUpdates "HTTP/1.1 200 OK"
2025-01-21 19:00:33,168 - httpx - INFO - HTTP Request: POST https://api.telegram.org/bot7099400053:AAGpkQ978uhK1M3GnFwNoNH04QyNVb4ufsk/getUpdates "HTTP/1.1 200 OK"
2025-01-21 19:00:43,322 - httpx - INFO - HTTP Request: POST https://api.telegram.org/bot7099400053:AAGpkQ978uhK1M3GnFwNoNH04QyNVb4ufsk/getUpdates "HTTP/1.1 200 OK"
2025-01-21 19:00:46,601 - httpx - INFO - HTTP Request: POST https://api.telegram.org/bot7099400053:AAGpkQ978uhK1M3GnFwNoNH04QyNVb4ufsk/getUpdates "HTTP/1.1 409 Conflict"
2025-01-21 19:00:46,602 - __main__ - ERROR - Update None caused error Conflict: terminated by other getUpdates request; make sure that only one bot instance is running
2025-01-21 19:00:50,776 - httpx - INFO - HTTP Request: POST https://api.telegram.org/bot7099400053:AAGpkQ978uhK1M3GnFwNoNH04QyNVb4ufsk/getUpdates "HTTP/1.1 409 Conflict"
2025-01-21 19:00:50,776 - __main__ - ERROR - Update None caused error Conflict: terminated by other getUpdates request; make sure that only one bot instance is running
2025-01-21 19:00:57,760 - httpx - INFO - HTTP Request: POST https://api.telegram.org/bot7099400053:AAGpkQ978uhK1M3GnFwNoNH04QyNVb4ufsk/getUpdates "HTTP/1.1 200 OK"
2025-01-21 19:01:07,914 - httpx - INFO - HTTP Request: POST https://api.telegram.org/bot7099400053:AAGpkQ978uhK1M3GnFwNoNH04QyNVb4ufsk/getUpdates "HTTP/1.1 200 OK"
2025-01-21 19:01:18,068 - httpx - INFO - HTTP Request: POST https://api.telegram.org/bot7099400053:AAGpkQ978uhK1M3GnFwNoNH04QyNVb4ufsk/getUpdates "HTTP/1.1 200 OK"
2025-01-21 19:01:21,336 - httpx - INFO - HTTP Request: POST https://api.telegram.org/bot7099400053:AAGpkQ978uhK1M3GnFwNoNH04QyNVb4ufsk/getUpdates "HTTP/1.1 409 Conflict"
2025-01-21 19:01:21,337 - __main__ - ERROR - Update None caused error Conflict: terminated by other getUpdates request; make sure that only one bot instance is running
2025-01-21 19:01:25,495 - httpx - INFO - HTTP Request: POST https://api.telegram.org/bot7099400053:AAGpkQ978uhK1M3GnFwNoNH04QyNVb4ufsk/getUpdates "HTTP/1.1 409 Conflict"
2025-01-21 19:01:25,496 - __main__ - ERROR - Update None caused error Conflict: terminated by other getUpdates request; make sure that only one bot instance is running
2025-01-21 19:01:32,494 - httpx - INFO - HTTP Request: POST https://api.telegram.org/bot7099400053:AAGpkQ978uhK1M3GnFwNoNH04QyNVb4ufsk/getUpdates "HTTP/1.1 200 OK"
2025-01-21 19:01:42,673 - httpx - INFO - HTTP Request: POST https://api.telegram.org/bot7099400053:AAGpkQ978uhK1M3GnFwNoNH04QyNVb4ufsk/getUpdates "HTTP/1.1 200 OK"
2025-01-21 19:01:52,826 - httpx - INFO - HTTP Request: POST https://api.telegram.org/bot7099400053:AAGpkQ978uhK1M3GnFwNoNH04QyNVb4ufsk/getUpdates "HTTP/1.1 200 OK"
2025-01-21 19:01:56,051 - httpx - INFO - HTTP Request: POST https://api.telegram.org/bot7099400053:AAGpkQ978uhK1M3GnFwNoNH04QyNVb4ufsk/getUpdates "HTTP/1.1 409 Conflict"
2025-01-21 19:01:56,051 - __main__ - ERROR - Update None caused error Conflict: terminated by other getUpdates request; make sure that only one bot instance is running
2025-01-21 19:02:00,224 - httpx - INFO - HTTP Request: POST https://api.telegram.org/bot7099400053:AAGpkQ978uhK1M3GnFwNoNH04QyNVb4ufsk/getUpdates "HTTP/1.1 409 Conflict"
2025-01-21 19:02:00,225 - __main__ - ERROR - Update None caused error Conflict: terminated by other getUpdates request; make sure that only one bot instance is running
2025-01-21 19:02:07,225 - httpx - INFO - HTTP Request: POST https://api.telegram.org/bot7099400053:AAGpkQ978uhK1M3GnFwNoNH04QyNVb4ufsk/getUpdates "HTTP/1.1 200 OK"
2025-01-21 19:02:17,395 - httpx - INFO - HTTP Request: POST https://api.telegram.org/bot7099400053:AAGpkQ978uhK1M3GnFwNoNH04QyNVb4ufsk/getUpdates "HTTP/1.1 200 OK"
2025-01-21 19:02:27,549 - httpx - INFO - HTTP Request: POST https://api.telegram.org/bot7099400053:AAGpkQ978uhK1M3GnFwNoNH04QyNVb4ufsk/getUpdates "HTTP/1.1 200 OK"
2025-01-21 19:02:30,746 - httpx - INFO - HTTP Request: POST https://api.telegram.org/bot7099400053:AAGpkQ978uhK1M3GnFwNoNH04QyNVb4ufsk/getUpdates "HTTP/1.1 409 Conflict"
2025-01-21 19:02:30,747 - __main__ - ERROR - Update None caused error Conflict: terminated by other getUpdates request; make sure that only one bot instance is running
2025-01-21 19:02:34,907 - httpx - INFO - HTTP Request: POST https://api.telegram.org/bot7099400053:AAGpkQ978uhK1M3GnFwNoNH04QyNVb4ufsk/getUpdates "HTTP/1.1 409 Conflict"
2025-01-21 19:02:34,907 - __main__ - ERROR - Update None caused error Conflict: terminated by other getUpdates request; make sure that only one bot instance is running
2025-01-21 19:02:41,907 - httpx - INFO - HTTP Request: POST https://api.telegram.org/bot7099400053:AAGpkQ978uhK1M3GnFwNoNH04QyNVb4ufsk/getUpdates "HTTP/1.1 200 OK"
2025-01-21 19:02:52,060 - httpx - INFO - HTTP Request: POST https://api.telegram.org/bot7099400053:AAGpkQ978uhK1M3GnFwNoNH04QyNVb4ufsk/getUpdates "HTTP/1.1 200 OK"
2025-01-21 19:03:02,212 - httpx - INFO - HTTP Request: POST https://api.telegram.org/bot7099400053:AAGpkQ978uhK1M3GnFwNoNH04QyNVb4ufsk/getUpdates "HTTP/1.1 200 OK"
2025-01-21 19:03:05,393 - httpx - INFO - HTTP Request: POST https://api.telegram.org/bot7099400053:AAGpkQ978uhK1M3GnFwNoNH04QyNVb4ufsk/getUpdates "HTTP/1.1 409 Conflict"
2025-01-21 19:03:05,394 - __main__ - ERROR - Update None caused error Conflict: terminated by other getUpdates request; make sure that only one bot instance is running
2025-01-21 19:03:09,554 - httpx - INFO - HTTP Request: POST https://api.telegram.org/bot7099400053:AAGpkQ978uhK1M3GnFwNoNH04QyNVb4ufsk/getUpdates "HTTP/1.1 409 Conflict"
2025-01-21 19:03:09,559 - __main__ - ERROR - Update None caused error Conflict: terminated by other getUpdates request; make sure that only one bot instance is running
2025-01-21 19:03:16,551 - httpx - INFO - HTTP Request: POST https://api.telegram.org/bot7099400053:AAGpkQ978uhK1M3GnFwNoNH04QyNVb4ufsk/getUpdates "HTTP/1.1 200 OK"
2025-01-21 19:03:26,707 - httpx - INFO - HTTP Request: POST https://api.telegram.org/bot7099400053:AAGpkQ978uhK1M3GnFwNoNH04QyNVb4ufsk/getUpdates "HTTP/1.1 200 OK"
2025-01-21 19:03:36,861 - httpx - INFO - HTTP Request: POST https://api.telegram.org/bot7099400053:AAGpkQ978uhK1M3GnFwNoNH04QyNVb4ufsk/getUpdates "HTTP/1.1 200 OK"
2025-01-21 19:03:40,114 - httpx - INFO - HTTP Request: POST https://api.telegram.org/bot7099400053:AAGpkQ978uhK1M3GnFwNoNH04QyNVb4ufsk/getUpdates "HTTP/1.1 409 Conflict"
2025-01-21 19:03:40,115 - __main__ - ERROR - Update None caused error Conflict: terminated by other getUpdates request; make sure that only one bot instance is running
2025-01-21 19:03:44,276 - httpx - INFO - HTTP Request: POST https://api.telegram.org/bot7099400053:AAGpkQ978uhK1M3GnFwNoNH04QyNVb4ufsk/getUpdates "HTTP/1.1 409 Conflict"
2025-01-21 19:03:44,276 - __main__ - ERROR - Update None caused error Conflict: terminated by other getUpdates request; make sure that only one bot instance is running
2025-01-21 19:03:51,274 - httpx - INFO - HTTP Request: POST https://api.telegram.org/bot7099400053:AAGpkQ978uhK1M3GnFwNoNH04QyNVb4ufsk/getUpdates "HTTP/1.1 200 OK"
2025-01-21 19:04:01,449 - httpx - INFO - HTTP Request: POST https://api.telegram.org/bot7099400053:AAGpkQ978uhK1M3GnFwNoNH04QyNVb4ufsk/getUpdates "HTTP/1.1 200 OK"
2025-01-21 19:04:11,603 - httpx - INFO - HTTP Request: POST https://api.telegram.org/bot7099400053:AAGpkQ978uhK1M3GnFwNoNH04QyNVb4ufsk/getUpdates "HTTP/1.1 200 OK"
2025-01-21 19:04:14,836 - httpx - INFO - HTTP Request: POST https://api.telegram.org/bot7099400053:AAGpkQ978uhK1M3GnFwNoNH04QyNVb4ufsk/getUpdates "HTTP/1.1 409 Conflict"
2025-01-21 19:04:14,837 - __main__ - ERROR - Update None caused error Conflict: terminated by other getUpdates request; make sure that only one bot instance is running
2025-01-21 19:04:18,998 - httpx - INFO - HTTP Request: POST https://api.telegram.org/bot7099400053:AAGpkQ978uhK1M3GnFwNoNH04QyNVb4ufsk/getUpdates "HTTP/1.1 409 Conflict"
2025-01-21 19:04:18,999 - __main__ - ERROR - Update None caused error Conflict: terminated by other getUpdates request; make sure that only one bot instance is running
2025-01-21 19:04:25,994 - httpx - INFO - HTTP Request: POST https://api.telegram.org/bot7099400053:AAGpkQ978uhK1M3GnFwNoNH04QyNVb4ufsk/getUpdates "HTTP/1.1 200 OK"
2025-01-21 19:04:36,147 - httpx - INFO - HTTP Request: POST https://api.telegram.org/bot7099400053:AAGpkQ978uhK1M3GnFwNoNH04QyNVb4ufsk/getUpdates "HTTP/1.1 200 OK"
2025-01-21 19:04:46,300 - httpx - INFO - HTTP Request: POST https://api.telegram.org/bot7099400053:AAGpkQ978uhK1M3GnFwNoNH04QyNVb4ufsk/getUpdates "HTTP/1.1 200 OK"
2025-01-21 19:04:49,482 - httpx - INFO - HTTP Request: POST https://api.telegram.org/bot7099400053:AAGpkQ978uhK1M3GnFwNoNH04QyNVb4ufsk/getUpdates "HTTP/1.1 409 Conflict"
2025-01-21 19:04:49,483 - __main__ - ERROR - Update None caused error Conflict: terminated by other getUpdates request; make sure that only one bot instance is running
2025-01-21 19:04:53,641 - httpx - INFO - HTTP Request: POST https://api.telegram.org/bot7099400053:AAGpkQ978uhK1M3GnFwNoNH04QyNVb4ufsk/getUpdates "HTTP/1.1 409 Conflict"
2025-01-21 19:04:53,642 - __main__ - ERROR - Update None caused error Conflict: terminated by other getUpdates request; make sure that only one bot instance is running
2025-01-21 19:05:00,643 - httpx - INFO - HTTP Request: POST https://api.telegram.org/bot7099400053:AAGpkQ978uhK1M3GnFwNoNH04QyNVb4ufsk/getUpdates "HTTP/1.1 200 OK"
2025-01-21 19:05:10,797 - httpx - INFO - HTTP Request: POST https://api.telegram.org/bot7099400053:AAGpkQ978uhK1M3GnFwNoNH04QyNVb4ufsk/getUpdates "HTTP/1.1 200 OK"
2025-01-21 19:05:20,954 - httpx - INFO - HTTP Request: POST https://api.telegram.org/bot7099400053:AAGpkQ978uhK1M3GnFwNoNH04QyNVb4ufsk/getUpdates "HTTP/1.1 200 OK"
2025-01-21 19:05:24,168 - httpx - INFO - HTTP Request: POST https://api.telegram.org/bot7099400053:AAGpkQ978uhK1M3GnFwNoNH04QyNVb4ufsk/getUpdates "HTTP/1.1 409 Conflict"
2025-01-21 19:05:24,169 - __main__ - ERROR - Update None caused error Conflict: terminated by other getUpdates request; make sure that only one bot instance is running
2025-01-21 19:05:28,342 - httpx - INFO - HTTP Request: POST https://api.telegram.org/bot7099400053:AAGpkQ978uhK1M3GnFwNoNH04QyNVb4ufsk/getUpdates "HTTP/1.1 409 Conflict"
2025-01-21 19:05:28,343 - __main__ - ERROR - Update None caused error Conflict: terminated by other getUpdates request; make sure that only one bot instance is running
2025-01-21 19:05:35,329 - httpx - INFO - HTTP Request: POST https://api.telegram.org/bot7099400053:AAGpkQ978uhK1M3GnFwNoNH04QyNVb4ufsk/getUpdates "HTTP/1.1 200 OK"
2025-01-21 19:05:45,483 - httpx - INFO - HTTP Request: POST https://api.telegram.org/bot7099400053:AAGpkQ978uhK1M3GnFwNoNH04QyNVb4ufsk/getUpdates "HTTP/1.1 200 OK"
2025-01-21 19:05:55,645 - httpx - INFO - HTTP Request: POST https://api.telegram.org/bot7099400053:AAGpkQ978uhK1M3GnFwNoNH04QyNVb4ufsk/getUpdates "HTTP/1.1 200 OK"
2025-01-21 19:05:58,912 - httpx - INFO - HTTP Request: POST https://api.telegram.org/bot7099400053:AAGpkQ978uhK1M3GnFwNoNH04QyNVb4ufsk/getUpdates "HTTP/1.1 409 Conflict"
2025-01-21 19:05:58,913 - __main__ - ERROR - Update None caused error Conflict: terminated by other getUpdates request; make sure that only one bot instance is running
2025-01-21 19:06:03,069 - httpx - INFO - HTTP Request: POST https://api.telegram.org/bot7099400053:AAGpkQ978uhK1M3GnFwNoNH04QyNVb4ufsk/getUpdates "HTTP/1.1 409 Conflict"
2025-01-21 19:06:03,070 - __main__ - ERROR - Update None caused error Conflict: terminated by other getUpdates request; make sure that only one bot instance is running
2025-01-21 19:06:10,071 - httpx - INFO - HTTP Request: POST https://api.telegram.org/bot7099400053:AAGpkQ978uhK1M3GnFwNoNH04QyNVb4ufsk/getUpdates "HTTP/1.1 200 OK"
2025-01-21 19:06:20,224 - httpx - INFO - HTTP Request: POST https://api.telegram.org/bot7099400053:AAGpkQ978uhK1M3GnFwNoNH04QyNVb4ufsk/getUpdates "HTTP/1.1 200 OK"
2025-01-21 19:06:30,380 - httpx - INFO - HTTP Request: POST https://api.telegram.org/bot7099400053:AAGpkQ978uhK1M3GnFwNoNH04QyNVb4ufsk/getUpdates "HTTP/1.1 200 OK"
2025-01-21 19:06:33,617 - httpx - INFO - HTTP Request: POST https://api.telegram.org/bot7099400053:AAGpkQ978uhK1M3GnFwNoNH04QyNVb4ufsk/getUpdates "HTTP/1.1 409 Conflict"
2025-01-21 19:06:33,618 - __main__ - ERROR - Update None caused error Conflict: terminated by other getUpdates request; make sure that only one bot instance is running
2025-01-21 19:06:37,779 - httpx - INFO - HTTP Request: POST https://api.telegram.org/bot7099400053:AAGpkQ978uhK1M3GnFwNoNH04QyNVb4ufsk/getUpdates "HTTP/1.1 409 Conflict"
2025-01-21 19:06:37,780 - __main__ - ERROR - Update None caused error Conflict: terminated by other getUpdates request; make sure that only one bot instance is running
2025-01-21 19:06:44,779 - httpx - INFO - HTTP Request: POST https://api.telegram.org/bot7099400053:AAGpkQ978uhK1M3GnFwNoNH04QyNVb4ufsk/getUpdates "HTTP/1.1 200 OK"
2025-01-21 19:06:54,932 - httpx - INFO - HTTP Request: POST https://api.telegram.org/bot7099400053:AAGpkQ978uhK1M3GnFwNoNH04QyNVb4ufsk/getUpdates "HTTP/1.1 200 OK"
2025-01-21 19:07:05,085 - httpx - INFO - HTTP Request: POST https://api.telegram.org/bot7099400053:AAGpkQ978uhK1M3GnFwNoNH04QyNVb4ufsk/getUpdates "HTTP/1.1 200 OK"
2025-01-21 19:07:08,327 - httpx - INFO - HTTP Request: POST https://api.telegram.org/bot7099400053:AAGpkQ978uhK1M3GnFwNoNH04QyNVb4ufsk/getUpdates "HTTP/1.1 409 Conflict"
2025-01-21 19:07:08,327 - __main__ - ERROR - Update None caused error Conflict: terminated by other getUpdates request; make sure that only one bot instance is running
2025-01-21 19:07:12,486 - httpx - INFO - HTTP Request: POST https://api.telegram.org/bot7099400053:AAGpkQ978uhK1M3GnFwNoNH04QyNVb4ufsk/getUpdates "HTTP/1.1 409 Conflict"
2025-01-21 19:07:12,487 - __main__ - ERROR - Update None caused error Conflict: terminated by other getUpdates request; make sure that only one bot instance is running
2025-01-21 19:07:19,486 - httpx - INFO - HTTP Request: POST https://api.telegram.org/bot7099400053:AAGpkQ978uhK1M3GnFwNoNH04QyNVb4ufsk/getUpdates "HTTP/1.1 200 OK"
2025-01-21 19:07:29,640 - httpx - INFO - HTTP Request: POST https://api.telegram.org/bot7099400053:AAGpkQ978uhK1M3GnFwNoNH04QyNVb4ufsk/getUpdates "HTTP/1.1 200 OK"
2025-01-21 19:07:39,793 - httpx - INFO - HTTP Request: POST https://api.telegram.org/bot7099400053:AAGpkQ978uhK1M3GnFwNoNH04QyNVb4ufsk/getUpdates "HTTP/1.1 200 OK"
2025-01-21 19:07:43,014 - httpx - INFO - HTTP Request: POST https://api.telegram.org/bot7099400053:AAGpkQ978uhK1M3GnFwNoNH04QyNVb4ufsk/getUpdates "HTTP/1.1 409 Conflict"
2025-01-21 19:07:43,015 - __main__ - ERROR - Update None caused error Conflict: terminated by other getUpdates request; make sure that only one bot instance is running
2025-01-21 19:07:47,172 - httpx - INFO - HTTP Request: POST https://api.telegram.org/bot7099400053:AAGpkQ978uhK1M3GnFwNoNH04QyNVb4ufsk/getUpdates "HTTP/1.1 409 Conflict"
2025-01-21 19:07:47,173 - __main__ - ERROR - Update None caused error Conflict: terminated by other getUpdates request; make sure that only one bot instance is running
2025-01-21 19:07:54,173 - httpx - INFO - HTTP Request: POST https://api.telegram.org/bot7099400053:AAGpkQ978uhK1M3GnFwNoNH04QyNVb4ufsk/getUpdates "HTTP/1.1 200 OK"
2025-01-21 19:08:04,326 - httpx - INFO - HTTP Request: POST https://api.telegram.org/bot7099400053:AAGpkQ978uhK1M3GnFwNoNH04QyNVb4ufsk/getUpdates "HTTP/1.1 200 OK"
2025-01-21 19:08:14,479 - httpx - INFO - HTTP Request: POST https://api.telegram.org/bot7099400053:AAGpkQ978uhK1M3GnFwNoNH04QyNVb4ufsk/getUpdates "HTTP/1.1 200 OK"
2025-01-21 19:08:17,731 - httpx - INFO - HTTP Request: POST https://api.telegram.org/bot7099400053:AAGpkQ978uhK1M3GnFwNoNH04QyNVb4ufsk/getUpdates "HTTP/1.1 409 Conflict"
2025-01-21 19:08:17,732 - __main__ - ERROR - Update None caused error Conflict: terminated by other getUpdates request; make sure that only one bot instance is running
2025-01-21 19:08:21,889 - httpx - INFO - HTTP Request: POST https://api.telegram.org/bot7099400053:AAGpkQ978uhK1M3GnFwNoNH04QyNVb4ufsk/getUpdates "HTTP/1.1 409 Conflict"
2025-01-21 19:08:21,889 - __main__ - ERROR - Update None caused error Conflict: terminated by other getUpdates request; make sure that only one bot instance is running
2025-01-21 19:08:28,894 - httpx - INFO - HTTP Request: POST https://api.telegram.org/bot7099400053:AAGpkQ978uhK1M3GnFwNoNH04QyNVb4ufsk/getUpdates "HTTP/1.1 200 OK"
2025-01-21 19:08:39,048 - httpx - INFO - HTTP Request: POST https://api.telegram.org/bot7099400053:AAGpkQ978uhK1M3GnFwNoNH04QyNVb4ufsk/getUpdates "HTTP/1.1 200 OK"
2025-01-21 19:08:49,202 - httpx - INFO - HTTP Request: POST https://api.telegram.org/bot7099400053:AAGpkQ978uhK1M3GnFwNoNH04QyNVb4ufsk/getUpdates "HTTP/1.1 200 OK"
2025-01-21 19:08:52,392 - httpx - INFO - HTTP Request: POST https://api.telegram.org/bot7099400053:AAGpkQ978uhK1M3GnFwNoNH04QyNVb4ufsk/getUpdates "HTTP/1.1 409 Conflict"
2025-01-21 19:08:52,393 - __main__ - ERROR - Update None caused error Conflict: terminated by other getUpdates request; make sure that only one bot instance is running
2025-01-21 19:08:56,553 - httpx - INFO - HTTP Request: POST https://api.telegram.org/bot7099400053:AAGpkQ978uhK1M3GnFwNoNH04QyNVb4ufsk/getUpdates "HTTP/1.1 409 Conflict"
2025-01-21 19:08:56,554 - __main__ - ERROR - Update None caused error Conflict: terminated by other getUpdates request; make sure that only one bot instance is running
2025-01-21 19:09:03,551 - httpx - INFO - HTTP Request: POST https://api.telegram.org/bot7099400053:AAGpkQ978uhK1M3GnFwNoNH04QyNVb4ufsk/getUpdates "HTTP/1.1 200 OK"
2025-01-21 19:09:13,705 - httpx - INFO - HTTP Request: POST https://api.telegram.org/bot7099400053:AAGpkQ978uhK1M3GnFwNoNH04QyNVb4ufsk/getUpdates "HTTP/1.1 200 OK"
2025-01-21 19:09:23,860 - httpx - INFO - HTTP Request: POST https://api.telegram.org/bot7099400053:AAGpkQ978uhK1M3GnFwNoNH04QyNVb4ufsk/getUpdates "HTTP/1.1 200 OK"
2025-01-21 19:09:27,105 - httpx - INFO - HTTP Request: POST https://api.telegram.org/bot7099400053:AAGpkQ978uhK1M3GnFwNoNH04QyNVb4ufsk/getUpdates "HTTP/1.1 409 Conflict"
2025-01-21 19:09:27,106 - __main__ - ERROR - Update None caused error Conflict: terminated by other getUpdates request; make sure that only one bot instance is running
2025-01-21 19:09:31,576 - httpx - INFO - HTTP Request: POST https://api.telegram.org/bot7099400053:AAGpkQ978uhK1M3GnFwNoNH04QyNVb4ufsk/getUpdates "HTTP/1.1 409 Conflict"
2025-01-21 19:09:31,576 - __main__ - ERROR - Update None caused error Conflict: terminated by other getUpdates request; make sure that only one bot instance is running
2025-01-21 19:09:38,575 - httpx - INFO - HTTP Request: POST https://api.telegram.org/bot7099400053:AAGpkQ978uhK1M3GnFwNoNH04QyNVb4ufsk/getUpdates "HTTP/1.1 200 OK"
2025-01-21 19:09:48,730 - httpx - INFO - HTTP Request: POST https://api.telegram.org/bot7099400053:AAGpkQ978uhK1M3GnFwNoNH04QyNVb4ufsk/getUpdates "HTTP/1.1 200 OK"
2025-01-21 19:09:58,890 - httpx - INFO - HTTP Request: POST https://api.telegram.org/bot7099400053:AAGpkQ978uhK1M3GnFwNoNH04QyNVb4ufsk/getUpdates "HTTP/1.1 200 OK"
2025-01-21 19:10:02,051 - httpx - INFO - HTTP Request: POST https://api.telegram.org/bot7099400053:AAGpkQ978uhK1M3GnFwNoNH04QyNVb4ufsk/getUpdates "HTTP/1.1 409 Conflict"
2025-01-21 19:10:02,052 - __main__ - ERROR - Update None caused error Conflict: terminated by other getUpdates request; make sure that only one bot instance is running
2025-01-21 19:10:06,236 - httpx - INFO - HTTP Request: POST https://api.telegram.org/bot7099400053:AAGpkQ978uhK1M3GnFwNoNH04QyNVb4ufsk/getUpdates "HTTP/1.1 409 Conflict"
2025-01-21 19:10:06,236 - __main__ - ERROR - Update None caused error Conflict: terminated by other getUpdates request; make sure that only one bot instance is running
2025-01-21 19:10:13,237 - httpx - INFO - HTTP Request: POST https://api.telegram.org/bot7099400053:AAGpkQ978uhK1M3GnFwNoNH04QyNVb4ufsk/getUpdates "HTTP/1.1 200 OK"
2025-01-21 19:10:23,390 - httpx - INFO - HTTP Request: POST https://api.telegram.org/bot7099400053:AAGpkQ978uhK1M3GnFwNoNH04QyNVb4ufsk/getUpdates "HTTP/1.1 200 OK"
2025-01-21 19:10:33,545 - httpx - INFO - HTTP Request: POST https://api.telegram.org/bot7099400053:AAGpkQ978uhK1M3GnFwNoNH04QyNVb4ufsk/getUpdates "HTTP/1.1 200 OK"
2025-01-21 19:10:36,786 - httpx - INFO - HTTP Request: POST https://api.telegram.org/bot7099400053:AAGpkQ978uhK1M3GnFwNoNH04QyNVb4ufsk/getUpdates "HTTP/1.1 409 Conflict"
2025-01-21 19:10:36,787 - __main__ - ERROR - Update None caused error Conflict: terminated by other getUpdates request; make sure that only one bot instance is running
2025-01-21 19:10:40,945 - httpx - INFO - HTTP Request: POST https://api.telegram.org/bot7099400053:AAGpkQ978uhK1M3GnFwNoNH04QyNVb4ufsk/getUpdates "HTTP/1.1 409 Conflict"
2025-01-21 19:10:40,946 - __main__ - ERROR - Update None caused error Conflict: terminated by other getUpdates request; make sure that only one bot instance is running
2025-01-21 19:10:47,944 - httpx - INFO - HTTP Request: POST https://api.telegram.org/bot7099400053:AAGpkQ978uhK1M3GnFwNoNH04QyNVb4ufsk/getUpdates "HTTP/1.1 200 OK"
2025-01-21 19:10:58,107 - httpx - INFO - HTTP Request: POST https://api.telegram.org/bot7099400053:AAGpkQ978uhK1M3GnFwNoNH04QyNVb4ufsk/getUpdates "HTTP/1.1 200 OK"
2025-01-21 19:11:08,262 - httpx - INFO - HTTP Request: POST https://api.telegram.org/bot7099400053:AAGpkQ978uhK1M3GnFwNoNH04QyNVb4ufsk/getUpdates "HTTP/1.1 200 OK"
2025-01-21 19:11:11,458 - httpx - INFO - HTTP Request: POST https://api.telegram.org/bot7099400053:AAGpkQ978uhK1M3GnFwNoNH04QyNVb4ufsk/getUpdates "HTTP/1.1 409 Conflict"
2025-01-21 19:11:11,459 - __main__ - ERROR - Update None caused error Conflict: terminated by other getUpdates request; make sure that only one bot instance is running
2025-01-21 19:11:15,617 - httpx - INFO - HTTP Request: POST https://api.telegram.org/bot7099400053:AAGpkQ978uhK1M3GnFwNoNH04QyNVb4ufsk/getUpdates "HTTP/1.1 409 Conflict"
2025-01-21 19:11:15,617 - __main__ - ERROR - Update None caused error Conflict: terminated by other getUpdates request; make sure that only one bot instance is running
2025-01-21 19:11:22,619 - httpx - INFO - HTTP Request: POST https://api.telegram.org/bot7099400053:AAGpkQ978uhK1M3GnFwNoNH04QyNVb4ufsk/getUpdates "HTTP/1.1 200 OK"
2025-01-21 19:11:32,778 - httpx - INFO - HTTP Request: POST https://api.telegram.org/bot7099400053:AAGpkQ978uhK1M3GnFwNoNH04QyNVb4ufsk/getUpdates "HTTP/1.1 200 OK"
2025-01-21 19:11:42,942 - httpx - INFO - HTTP Request: POST https://api.telegram.org/bot7099400053:AAGpkQ978uhK1M3GnFwNoNH04QyNVb4ufsk/getUpdates "HTTP/1.1 200 OK"
2025-01-21 19:11:46,176 - httpx - INFO - HTTP Request: POST https://api.telegram.org/bot7099400053:AAGpkQ978uhK1M3GnFwNoNH04QyNVb4ufsk/getUpdates "HTTP/1.1 409 Conflict"
2025-01-21 19:11:46,177 - __main__ - ERROR - Update None caused error Conflict: terminated by other getUpdates request; make sure that only one bot instance is running
2025-01-21 19:11:50,339 - httpx - INFO - HTTP Request: POST https://api.telegram.org/bot7099400053:AAGpkQ978uhK1M3GnFwNoNH04QyNVb4ufsk/getUpdates "HTTP/1.1 409 Conflict"
2025-01-21 19:11:50,339 - __main__ - ERROR - Update None caused error Conflict: terminated by other getUpdates request; make sure that only one bot instance is running
2025-01-21 19:11:57,342 - httpx - INFO - HTTP Request: POST https://api.telegram.org/bot7099400053:AAGpkQ978uhK1M3GnFwNoNH04QyNVb4ufsk/getUpdates "HTTP/1.1 200 OK"
2025-01-21 19:12:07,496 - httpx - INFO - HTTP Request: POST https://api.telegram.org/bot7099400053:AAGpkQ978uhK1M3GnFwNoNH04QyNVb4ufsk/getUpdates "HTTP/1.1 200 OK"
2025-01-21 19:12:17,652 - httpx - INFO - HTTP Request: POST https://api.telegram.org/bot7099400053:AAGpkQ978uhK1M3GnFwNoNH04QyNVb4ufsk/getUpdates "HTTP/1.1 200 OK"
2025-01-21 19:12:20,883 - httpx - INFO - HTTP Request: POST https://api.telegram.org/bot7099400053:AAGpkQ978uhK1M3GnFwNoNH04QyNVb4ufsk/getUpdates "HTTP/1.1 409 Conflict"
2025-01-21 19:12:20,884 - __main__ - ERROR - Update None caused error Conflict: terminated by other getUpdates request; make sure that only one bot instance is running
2025-01-21 19:12:25,045 - httpx - INFO - HTTP Request: POST https://api.telegram.org/bot7099400053:AAGpkQ978uhK1M3GnFwNoNH04QyNVb4ufsk/getUpdates "HTTP/1.1 409 Conflict"
2025-01-21 19:12:25,045 - __main__ - ERROR - Update None caused error Conflict: terminated by other getUpdates request; make sure that only one bot instance is running
2025-01-21 19:12:32,060 - httpx - INFO - HTTP Request: POST https://api.telegram.org/bot7099400053:AAGpkQ978uhK1M3GnFwNoNH04QyNVb4ufsk/getUpdates "HTTP/1.1 200 OK"
2025-01-21 19:12:42,214 - httpx - INFO - HTTP Request: POST https://api.telegram.org/bot7099400053:AAGpkQ978uhK1M3GnFwNoNH04QyNVb4ufsk/getUpdates "HTTP/1.1 200 OK"
2025-01-21 19:12:52,426 - httpx - INFO - HTTP Request: POST https://api.telegram.org/bot7099400053:AAGpkQ978uhK1M3GnFwNoNH04QyNVb4ufsk/getUpdates "HTTP/1.1 200 OK"
2025-01-21 19:12:55,597 - httpx - INFO - HTTP Request: POST https://api.telegram.org/bot7099400053:AAGpkQ978uhK1M3GnFwNoNH04QyNVb4ufsk/getUpdates "HTTP/1.1 409 Conflict"
2025-01-21 19:12:55,598 - __main__ - ERROR - Update None caused error Conflict: terminated by other getUpdates request; make sure that only one bot instance is running
2025-01-21 19:12:59,757 - httpx - INFO - HTTP Request: POST https://api.telegram.org/bot7099400053:AAGpkQ978uhK1M3GnFwNoNH04QyNVb4ufsk/getUpdates "HTTP/1.1 409 Conflict"
2025-01-21 19:12:59,758 - __main__ - ERROR - Update None caused error Conflict: terminated by other getUpdates request; make sure that only one bot instance is running
2025-01-21 19:13:06,773 - httpx - INFO - HTTP Request: POST https://api.telegram.org/bot7099400053:AAGpkQ978uhK1M3GnFwNoNH04QyNVb4ufsk/getUpdates "HTTP/1.1 200 OK"
2025-01-21 19:13:16,927 - httpx - INFO - HTTP Request: POST https://api.telegram.org/bot7099400053:AAGpkQ978uhK1M3GnFwNoNH04QyNVb4ufsk/getUpdates "HTTP/1.1 200 OK"
2025-01-21 19:13:27,095 - httpx - INFO - HTTP Request: POST https://api.telegram.org/bot7099400053:AAGpkQ978uhK1M3GnFwNoNH04QyNVb4ufsk/getUpdates "HTTP/1.1 200 OK"
2025-01-21 19:13:40,324 - httpx - INFO - HTTP Request: POST https://api.telegram.org/bot7099400053:AAGpkQ978uhK1M3GnFwNoNH04QyNVb4ufsk/getUpdates "HTTP/1.1 200 OK"
2025-01-21 19:13:50,481 - httpx - INFO - HTTP Request: POST https://api.telegram.org/bot7099400053:AAGpkQ978uhK1M3GnFwNoNH04QyNVb4ufsk/getUpdates "HTTP/1.1 200 OK"
2025-01-21 19:14:00,637 - httpx - INFO - HTTP Request: POST https://api.telegram.org/bot7099400053:AAGpkQ978uhK1M3GnFwNoNH04QyNVb4ufsk/getUpdates "HTTP/1.1 200 OK"
2025-01-21 19:14:10,790 - httpx - INFO - HTTP Request: POST https://api.telegram.org/bot7099400053:AAGpkQ978uhK1M3GnFwNoNH04QyNVb4ufsk/getUpdates "HTTP/1.1 200 OK"
2025-01-21 19:14:20,945 - httpx - INFO - HTTP Request: POST https://api.telegram.org/bot7099400053:AAGpkQ978uhK1M3GnFwNoNH04QyNVb4ufsk/getUpdates "HTTP/1.1 200 OK"
2025-01-21 19:14:31,099 - httpx - INFO - HTTP Request: POST https://api.telegram.org/bot7099400053:AAGpkQ978uhK1M3GnFwNoNH04QyNVb4ufsk/getUpdates "HTTP/1.1 200 OK"
2025-01-21 19:14:41,252 - httpx - INFO - HTTP Request: POST https://api.telegram.org/bot7099400053:AAGpkQ978uhK1M3GnFwNoNH04QyNVb4ufsk/getUpdates "HTTP/1.1 200 OK"
2025-01-21 19:14:51,407 - httpx - INFO - HTTP Request: POST https://api.telegram.org/bot7099400053:AAGpkQ978uhK1M3GnFwNoNH04QyNVb4ufsk/getUpdates "HTTP/1.1 200 OK"
2025-01-21 19:15:01,563 - httpx - INFO - HTTP Request: POST https://api.telegram.org/bot7099400053:AAGpkQ978uhK1M3GnFwNoNH04QyNVb4ufsk/getUpdates "HTTP/1.1 200 OK"
2025-01-21 19:15:11,719 - httpx - INFO - HTTP Request: POST https://api.telegram.org/bot7099400053:AAGpkQ978uhK1M3GnFwNoNH04QyNVb4ufsk/getUpdates "HTTP/1.1 200 OK"
2025-01-21 19:15:21,873 - httpx - INFO - HTTP Request: POST https://api.telegram.org/bot7099400053:AAGpkQ978uhK1M3GnFwNoNH04QyNVb4ufsk/getUpdates "HTTP/1.1 200 OK"
2025-01-21 19:15:32,029 - httpx - INFO - HTTP Request: POST https://api.telegram.org/bot7099400053:AAGpkQ978uhK1M3GnFwNoNH04QyNVb4ufsk/getUpdates "HTTP/1.1 200 OK"
2025-01-21 19:15:42,186 - httpx - INFO - HTTP Request: POST https://api.telegram.org/bot7099400053:AAGpkQ978uhK1M3GnFwNoNH04QyNVb4ufsk/getUpdates "HTTP/1.1 200 OK"
2025-01-21 19:15:52,340 - httpx - INFO - HTTP Request: POST https://api.telegram.org/bot7099400053:AAGpkQ978uhK1M3GnFwNoNH04QyNVb4ufsk/getUpdates "HTTP/1.1 200 OK"
2025-01-21 19:16:02,494 - httpx - INFO - HTTP Request: POST https://api.telegram.org/bot7099400053:AAGpkQ978uhK1M3GnFwNoNH04QyNVb4ufsk/getUpdates "HTTP/1.1 200 OK"
2025-01-21 19:16:12,650 - httpx - INFO - HTTP Request: POST https://api.telegram.org/bot7099400053:AAGpkQ978uhK1M3GnFwNoNH04QyNVb4ufsk/getUpdates "HTTP/1.1 200 OK"
2025-01-21 19:16:22,804 - httpx - INFO - HTTP Request: POST https://api.telegram.org/bot7099400053:AAGpkQ978uhK1M3GnFwNoNH04QyNVb4ufsk/getUpdates "HTTP/1.1 200 OK"
2025-01-21 19:16:32,968 - httpx - INFO - HTTP Request: POST https://api.telegram.org/bot7099400053:AAGpkQ978uhK1M3GnFwNoNH04QyNVb4ufsk/getUpdates "HTTP/1.1 200 OK"
2025-01-21 19:16:43,121 - httpx - INFO - HTTP Request: POST https://api.telegram.org/bot7099400053:AAGpkQ978uhK1M3GnFwNoNH04QyNVb4ufsk/getUpdates "HTTP/1.1 200 OK"
2025-01-21 19:16:53,276 - httpx - INFO - HTTP Request: POST https://api.telegram.org/bot7099400053:AAGpkQ978uhK1M3GnFwNoNH04QyNVb4ufsk/getUpdates "HTTP/1.1 200 OK"
2025-01-21 19:17:03,429 - httpx - INFO - HTTP Request: POST https://api.telegram.org/bot7099400053:AAGpkQ978uhK1M3GnFwNoNH04QyNVb4ufsk/getUpdates "HTTP/1.1 200 OK"
2025-01-21 19:17:13,583 - httpx - INFO - HTTP Request: POST https://api.telegram.org/bot7099400053:AAGpkQ978uhK1M3GnFwNoNH04QyNVb4ufsk/getUpdates "HTTP/1.1 200 OK"
2025-01-21 19:17:23,738 - httpx - INFO - HTTP Request: POST https://api.telegram.org/bot7099400053:AAGpkQ978uhK1M3GnFwNoNH04QyNVb4ufsk/getUpdates "HTTP/1.1 200 OK"
2025-01-21 19:17:33,894 - httpx - INFO - HTTP Request: POST https://api.telegram.org/bot7099400053:AAGpkQ978uhK1M3GnFwNoNH04QyNVb4ufsk/getUpdates "HTTP/1.1 200 OK"
2025-01-21 19:17:44,064 - httpx - INFO - HTTP Request: POST https://api.telegram.org/bot7099400053:AAGpkQ978uhK1M3GnFwNoNH04QyNVb4ufsk/getUpdates "HTTP/1.1 200 OK"
2025-01-21 19:17:54,217 - httpx - INFO - HTTP Request: POST https://api.telegram.org/bot7099400053:AAGpkQ978uhK1M3GnFwNoNH04QyNVb4ufsk/getUpdates "HTTP/1.1 200 OK"
2025-01-21 19:18:04,368 - httpx - INFO - HTTP Request: POST https://api.telegram.org/bot7099400053:AAGpkQ978uhK1M3GnFwNoNH04QyNVb4ufsk/getUpdates "HTTP/1.1 200 OK"
2025-01-21 19:18:14,518 - httpx - INFO - HTTP Request: POST https://api.telegram.org/bot7099400053:AAGpkQ978uhK1M3GnFwNoNH04QyNVb4ufsk/getUpdates "HTTP/1.1 200 OK"
2025-01-21 19:18:24,670 - httpx - INFO - HTTP Request: POST https://api.telegram.org/bot7099400053:AAGpkQ978uhK1M3GnFwNoNH04QyNVb4ufsk/getUpdates "HTTP/1.1 200 OK"
2025-01-21 19:18:34,821 - httpx - INFO - HTTP Request: POST https://api.telegram.org/bot7099400053:AAGpkQ978uhK1M3GnFwNoNH04QyNVb4ufsk/getUpdates "HTTP/1.1 200 OK"
2025-01-21 19:18:44,972 - httpx - INFO - HTTP Request: POST https://api.telegram.org/bot7099400053:AAGpkQ978uhK1M3GnFwNoNH04QyNVb4ufsk/getUpdates "HTTP/1.1 200 OK"
2025-01-21 19:18:55,122 - httpx - INFO - HTTP Request: POST https://api.telegram.org/bot7099400053:AAGpkQ978uhK1M3GnFwNoNH04QyNVb4ufsk/getUpdates "HTTP/1.1 200 OK"
2025-01-21 19:19:05,272 - httpx - INFO - HTTP Request: POST https://api.telegram.org/bot7099400053:AAGpkQ978uhK1M3GnFwNoNH04QyNVb4ufsk/getUpdates "HTTP/1.1 200 OK"
2025-01-21 19:19:15,423 - httpx - INFO - HTTP Request: POST https://api.telegram.org/bot7099400053:AAGpkQ978uhK1M3GnFwNoNH04QyNVb4ufsk/getUpdates "HTTP/1.1 200 OK"
2025-01-21 19:19:25,573 - httpx - INFO - HTTP Request: POST https://api.telegram.org/bot7099400053:AAGpkQ978uhK1M3GnFwNoNH04QyNVb4ufsk/getUpdates "HTTP/1.1 200 OK"
2025-01-21 19:19:35,724 - httpx - INFO - HTTP Request: POST https://api.telegram.org/bot7099400053:AAGpkQ978uhK1M3GnFwNoNH04QyNVb4ufsk/getUpdates "HTTP/1.1 200 OK"
2025-01-21 19:19:45,873 - httpx - INFO - HTTP Request: POST https://api.telegram.org/bot7099400053:AAGpkQ978uhK1M3GnFwNoNH04QyNVb4ufsk/getUpdates "HTTP/1.1 200 OK"
2025-01-21 19:19:56,024 - httpx - INFO - HTTP Request: POST https://api.telegram.org/bot7099400053:AAGpkQ978uhK1M3GnFwNoNH04QyNVb4ufsk/getUpdates "HTTP/1.1 200 OK"
2025-01-21 19:20:06,174 - httpx - INFO - HTTP Request: POST https://api.telegram.org/bot7099400053:AAGpkQ978uhK1M3GnFwNoNH04QyNVb4ufsk/getUpdates "HTTP/1.1 200 OK"
2025-01-21 19:20:16,324 - httpx - INFO - HTTP Request: POST https://api.telegram.org/bot7099400053:AAGpkQ978uhK1M3GnFwNoNH04QyNVb4ufsk/getUpdates "HTTP/1.1 200 OK"
2025-01-21 19:20:26,477 - httpx - INFO - HTTP Request: POST https://api.telegram.org/bot7099400053:AAGpkQ978uhK1M3GnFwNoNH04QyNVb4ufsk/getUpdates "HTTP/1.1 200 OK"
2025-01-21 19:20:36,627 - httpx - INFO - HTTP Request: POST https://api.telegram.org/bot7099400053:AAGpkQ978uhK1M3GnFwNoNH04QyNVb4ufsk/getUpdates "HTTP/1.1 200 OK"
2025-01-21 19:20:46,777 - httpx - INFO - HTTP Request: POST https://api.telegram.org/bot7099400053:AAGpkQ978uhK1M3GnFwNoNH04QyNVb4ufsk/getUpdates "HTTP/1.1 200 OK"
2025-01-21 19:20:56,927 - httpx - INFO - HTTP Request: POST https://api.telegram.org/bot7099400053:AAGpkQ978uhK1M3GnFwNoNH04QyNVb4ufsk/getUpdates "HTTP/1.1 200 OK"
2025-01-21 19:21:07,078 - httpx - INFO - HTTP Request: POST https://api.telegram.org/bot7099400053:AAGpkQ978uhK1M3GnFwNoNH04QyNVb4ufsk/getUpdates "HTTP/1.1 200 OK"
2025-01-21 19:21:17,229 - httpx - INFO - HTTP Request: POST https://api.telegram.org/bot7099400053:AAGpkQ978uhK1M3GnFwNoNH04QyNVb4ufsk/getUpdates "HTTP/1.1 200 OK"
2025-01-21 19:21:27,378 - httpx - INFO - HTTP Request: POST https://api.telegram.org/bot7099400053:AAGpkQ978uhK1M3GnFwNoNH04QyNVb4ufsk/getUpdates "HTTP/1.1 200 OK"
2025-01-21 19:21:37,528 - httpx - INFO - HTTP Request: POST https://api.telegram.org/bot7099400053:AAGpkQ978uhK1M3GnFwNoNH04QyNVb4ufsk/getUpdates "HTTP/1.1 200 OK"
2025-01-21 19:21:47,679 - httpx - INFO - HTTP Request: POST https://api.telegram.org/bot7099400053:AAGpkQ978uhK1M3GnFwNoNH04QyNVb4ufsk/getUpdates "HTTP/1.1 200 OK"
2025-01-21 19:21:57,829 - httpx - INFO - HTTP Request: POST https://api.telegram.org/bot7099400053:AAGpkQ978uhK1M3GnFwNoNH04QyNVb4ufsk/getUpdates "HTTP/1.1 200 OK"
2025-01-21 19:22:07,979 - httpx - INFO - HTTP Request: POST https://api.telegram.org/bot7099400053:AAGpkQ978uhK1M3GnFwNoNH04QyNVb4ufsk/getUpdates "HTTP/1.1 200 OK"
2025-01-21 19:22:18,129 - httpx - INFO - HTTP Request: POST https://api.telegram.org/bot7099400053:AAGpkQ978uhK1M3GnFwNoNH04QyNVb4ufsk/getUpdates "HTTP/1.1 200 OK"
2025-01-21 19:22:28,278 - httpx - INFO - HTTP Request: POST https://api.telegram.org/bot7099400053:AAGpkQ978uhK1M3GnFwNoNH04QyNVb4ufsk/getUpdates "HTTP/1.1 200 OK"
2025-01-21 19:22:38,428 - httpx - INFO - HTTP Request: POST https://api.telegram.org/bot7099400053:AAGpkQ978uhK1M3GnFwNoNH04QyNVb4ufsk/getUpdates "HTTP/1.1 200 OK"
2025-01-21 19:22:48,579 - httpx - INFO - HTTP Request: POST https://api.telegram.org/bot7099400053:AAGpkQ978uhK1M3GnFwNoNH04QyNVb4ufsk/getUpdates "HTTP/1.1 200 OK"
2025-01-21 19:22:58,730 - httpx - INFO - HTTP Request: POST https://api.telegram.org/bot7099400053:AAGpkQ978uhK1M3GnFwNoNH04QyNVb4ufsk/getUpdates "HTTP/1.1 200 OK"
2025-01-21 19:23:08,880 - httpx - INFO - HTTP Request: POST https://api.telegram.org/bot7099400053:AAGpkQ978uhK1M3GnFwNoNH04QyNVb4ufsk/getUpdates "HTTP/1.1 200 OK"
2025-01-21 19:23:19,033 - httpx - INFO - HTTP Request: POST https://api.telegram.org/bot7099400053:AAGpkQ978uhK1M3GnFwNoNH04QyNVb4ufsk/getUpdates "HTTP/1.1 200 OK"
2025-01-21 19:23:29,184 - httpx - INFO - HTTP Request: POST https://api.telegram.org/bot7099400053:AAGpkQ978uhK1M3GnFwNoNH04QyNVb4ufsk/getUpdates "HTTP/1.1 200 OK"
2025-01-21 19:23:39,337 - httpx - INFO - HTTP Request: POST https://api.telegram.org/bot7099400053:AAGpkQ978uhK1M3GnFwNoNH04QyNVb4ufsk/getUpdates "HTTP/1.1 200 OK"
2025-01-21 19:23:49,488 - httpx - INFO - HTTP Request: POST https://api.telegram.org/bot7099400053:AAGpkQ978uhK1M3GnFwNoNH04QyNVb4ufsk/getUpdates "HTTP/1.1 200 OK"
2025-01-21 19:23:59,639 - httpx - INFO - HTTP Request: POST https://api.telegram.org/bot7099400053:AAGpkQ978uhK1M3GnFwNoNH04QyNVb4ufsk/getUpdates "HTTP/1.1 200 OK"
2025-01-21 19:24:09,789 - httpx - INFO - HTTP Request: POST https://api.telegram.org/bot7099400053:AAGpkQ978uhK1M3GnFwNoNH04QyNVb4ufsk/getUpdates "HTTP/1.1 200 OK"
2025-01-21 19:24:19,939 - httpx - INFO - HTTP Request: POST https://api.telegram.org/bot7099400053:AAGpkQ978uhK1M3GnFwNoNH04QyNVb4ufsk/getUpdates "HTTP/1.1 200 OK"
2025-01-21 19:24:30,089 - httpx - INFO - HTTP Request: POST https://api.telegram.org/bot7099400053:AAGpkQ978uhK1M3GnFwNoNH04QyNVb4ufsk/getUpdates "HTTP/1.1 200 OK"
2025-01-21 19:24:40,239 - httpx - INFO - HTTP Request: POST https://api.telegram.org/bot7099400053:AAGpkQ978uhK1M3GnFwNoNH04QyNVb4ufsk/getUpdates "HTTP/1.1 200 OK"
2025-01-21 19:24:50,392 - httpx - INFO - HTTP Request: POST https://api.telegram.org/bot7099400053:AAGpkQ978uhK1M3GnFwNoNH04QyNVb4ufsk/getUpdates "HTTP/1.1 200 OK"
2025-01-21 19:25:00,542 - httpx - INFO - HTTP Request: POST https://api.telegram.org/bot7099400053:AAGpkQ978uhK1M3GnFwNoNH04QyNVb4ufsk/getUpdates "HTTP/1.1 200 OK"
2025-01-21 19:25:10,692 - httpx - INFO - HTTP Request: POST https://api.telegram.org/bot7099400053:AAGpkQ978uhK1M3GnFwNoNH04QyNVb4ufsk/getUpdates "HTTP/1.1 200 OK"
2025-01-21 19:25:20,843 - httpx - INFO - HTTP Request: POST https://api.telegram.org/bot7099400053:AAGpkQ978uhK1M3GnFwNoNH04QyNVb4ufsk/getUpdates "HTTP/1.1 200 OK"
2025-01-21 19:25:30,994 - httpx - INFO - HTTP Request: POST https://api.telegram.org/bot7099400053:AAGpkQ978uhK1M3GnFwNoNH04QyNVb4ufsk/getUpdates "HTTP/1.1 200 OK"
2025-01-21 19:25:41,145 - httpx - INFO - HTTP Request: POST https://api.telegram.org/bot7099400053:AAGpkQ978uhK1M3GnFwNoNH04QyNVb4ufsk/getUpdates "HTTP/1.1 200 OK"
2025-01-21 19:25:51,295 - httpx - INFO - HTTP Request: POST https://api.telegram.org/bot7099400053:AAGpkQ978uhK1M3GnFwNoNH04QyNVb4ufsk/getUpdates "HTTP/1.1 200 OK"
2025-01-21 19:26:01,445 - httpx - INFO - HTTP Request: POST https://api.telegram.org/bot7099400053:AAGpkQ978uhK1M3GnFwNoNH04QyNVb4ufsk/getUpdates "HTTP/1.1 200 OK"
2025-01-21 19:26:11,596 - httpx - INFO - HTTP Request: POST https://api.telegram.org/bot7099400053:AAGpkQ978uhK1M3GnFwNoNH04QyNVb4ufsk/getUpdates "HTTP/1.1 200 OK"
2025-01-21 19:26:21,745 - httpx - INFO - HTTP Request: POST https://api.telegram.org/bot7099400053:AAGpkQ978uhK1M3GnFwNoNH04QyNVb4ufsk/getUpdates "HTTP/1.1 200 OK"
2025-01-21 19:26:31,897 - httpx - INFO - HTTP Request: POST https://api.telegram.org/bot7099400053:AAGpkQ978uhK1M3GnFwNoNH04QyNVb4ufsk/getUpdates "HTTP/1.1 200 OK"
2025-01-21 19:26:42,048 - httpx - INFO - HTTP Request: POST https://api.telegram.org/bot7099400053:AAGpkQ978uhK1M3GnFwNoNH04QyNVb4ufsk/getUpdates "HTTP/1.1 200 OK"
2025-01-21 19:26:52,199 - httpx - INFO - HTTP Request: POST https://api.telegram.org/bot7099400053:AAGpkQ978uhK1M3GnFwNoNH04QyNVb4ufsk/getUpdates "HTTP/1.1 200 OK"
2025-01-21 19:27:02,349 - httpx - INFO - HTTP Request: POST https://api.telegram.org/bot7099400053:AAGpkQ978uhK1M3GnFwNoNH04QyNVb4ufsk/getUpdates "HTTP/1.1 200 OK"
2025-01-21 19:27:12,499 - httpx - INFO - HTTP Request: POST https://api.telegram.org/bot7099400053:AAGpkQ978uhK1M3GnFwNoNH04QyNVb4ufsk/getUpdates "HTTP/1.1 200 OK"
2025-01-21 19:27:22,649 - httpx - INFO - HTTP Request: POST https://api.telegram.org/bot7099400053:AAGpkQ978uhK1M3GnFwNoNH04QyNVb4ufsk/getUpdates "HTTP/1.1 200 OK"
2025-01-21 19:27:32,800 - httpx - INFO - HTTP Request: POST https://api.telegram.org/bot7099400053:AAGpkQ978uhK1M3GnFwNoNH04QyNVb4ufsk/getUpdates "HTTP/1.1 200 OK"
2025-01-21 19:27:42,950 - httpx - INFO - HTTP Request: POST https://api.telegram.org/bot7099400053:AAGpkQ978uhK1M3GnFwNoNH04QyNVb4ufsk/getUpdates "HTTP/1.1 200 OK"
2025-01-21 19:27:53,100 - httpx - INFO - HTTP Request: POST https://api.telegram.org/bot7099400053:AAGpkQ978uhK1M3GnFwNoNH04QyNVb4ufsk/getUpdates "HTTP/1.1 200 OK"
2025-01-21 19:28:03,250 - httpx - INFO - HTTP Request: POST https://api.telegram.org/bot7099400053:AAGpkQ978uhK1M3GnFwNoNH04QyNVb4ufsk/getUpdates "HTTP/1.1 200 OK"
2025-01-21 19:28:13,400 - httpx - INFO - HTTP Request: POST https://api.telegram.org/bot7099400053:AAGpkQ978uhK1M3GnFwNoNH04QyNVb4ufsk/getUpdates "HTTP/1.1 200 OK"
2025-01-21 19:28:23,550 - httpx - INFO - HTTP Request: POST https://api.telegram.org/bot7099400053:AAGpkQ978uhK1M3GnFwNoNH04QyNVb4ufsk/getUpdates "HTTP/1.1 200 OK"
2025-01-21 19:28:33,700 - httpx - INFO - HTTP Request: POST https://api.telegram.org/bot7099400053:AAGpkQ978uhK1M3GnFwNoNH04QyNVb4ufsk/getUpdates "HTTP/1.1 200 OK"
2025-01-21 19:28:43,851 - httpx - INFO - HTTP Request: POST https://api.telegram.org/bot7099400053:AAGpkQ978uhK1M3GnFwNoNH04QyNVb4ufsk/getUpdates "HTTP/1.1 200 OK"
2025-01-21 19:28:54,001 - httpx - INFO - HTTP Request: POST https://api.telegram.org/bot7099400053:AAGpkQ978uhK1M3GnFwNoNH04QyNVb4ufsk/getUpdates "HTTP/1.1 200 OK"
2025-01-21 19:29:04,150 - httpx - INFO - HTTP Request: POST https://api.telegram.org/bot7099400053:AAGpkQ978uhK1M3GnFwNoNH04QyNVb4ufsk/getUpdates "HTTP/1.1 200 OK"
2025-01-21 19:29:14,300 - httpx - INFO - HTTP Request: POST https://api.telegram.org/bot7099400053:AAGpkQ978uhK1M3GnFwNoNH04QyNVb4ufsk/getUpdates "HTTP/1.1 200 OK"
2025-01-21 19:29:24,452 - httpx - INFO - HTTP Request: POST https://api.telegram.org/bot7099400053:AAGpkQ978uhK1M3GnFwNoNH04QyNVb4ufsk/getUpdates "HTTP/1.1 200 OK"
2025-01-21 19:29:34,603 - httpx - INFO - HTTP Request: POST https://api.telegram.org/bot7099400053:AAGpkQ978uhK1M3GnFwNoNH04QyNVb4ufsk/getUpdates "HTTP/1.1 200 OK"
2025-01-21 19:29:44,753 - httpx - INFO - HTTP Request: POST https://api.telegram.org/bot7099400053:AAGpkQ978uhK1M3GnFwNoNH04QyNVb4ufsk/getUpdates "HTTP/1.1 200 OK"
2025-01-21 19:29:54,903 - httpx - INFO - HTTP Request: POST https://api.telegram.org/bot7099400053:AAGpkQ978uhK1M3GnFwNoNH04QyNVb4ufsk/getUpdates "HTTP/1.1 200 OK"
2025-01-21 19:30:05,055 - httpx - INFO - HTTP Request: POST https://api.telegram.org/bot7099400053:AAGpkQ978uhK1M3GnFwNoNH04QyNVb4ufsk/getUpdates "HTTP/1.1 200 OK"
2025-01-21 19:30:15,205 - httpx - INFO - HTTP Request: POST https://api.telegram.org/bot7099400053:AAGpkQ978uhK1M3GnFwNoNH04QyNVb4ufsk/getUpdates "HTTP/1.1 200 OK"
2025-01-21 19:30:25,354 - httpx - INFO - HTTP Request: POST https://api.telegram.org/bot7099400053:AAGpkQ978uhK1M3GnFwNoNH04QyNVb4ufsk/getUpdates "HTTP/1.1 200 OK"
2025-01-21 19:30:35,849 - httpx - INFO - HTTP Request: POST https://api.telegram.org/bot7099400053:AAGpkQ978uhK1M3GnFwNoNH04QyNVb4ufsk/getUpdates "HTTP/1.1 200 OK"
2025-01-21 19:30:46,006 - httpx - INFO - HTTP Request: POST https://api.telegram.org/bot7099400053:AAGpkQ978uhK1M3GnFwNoNH04QyNVb4ufsk/getUpdates "HTTP/1.1 200 OK"
2025-01-21 19:30:56,201 - httpx - INFO - HTTP Request: POST https://api.telegram.org/bot7099400053:AAGpkQ978uhK1M3GnFwNoNH04QyNVb4ufsk/getUpdates "HTTP/1.1 200 OK"
2025-01-21 19:31:06,355 - httpx - INFO - HTTP Request: POST https://api.telegram.org/bot7099400053:AAGpkQ978uhK1M3GnFwNoNH04QyNVb4ufsk/getUpdates "HTTP/1.1 200 OK"
2025-01-21 19:31:16,510 - httpx - INFO - HTTP Request: POST https://api.telegram.org/bot7099400053:AAGpkQ978uhK1M3GnFwNoNH04QyNVb4ufsk/getUpdates "HTTP/1.1 200 OK"
2025-01-21 19:31:26,666 - httpx - INFO - HTTP Request: POST https://api.telegram.org/bot7099400053:AAGpkQ978uhK1M3GnFwNoNH04QyNVb4ufsk/getUpdates "HTTP/1.1 200 OK"
2025-01-21 19:31:36,826 - httpx - INFO - HTTP Request: POST https://api.telegram.org/bot7099400053:AAGpkQ978uhK1M3GnFwNoNH04QyNVb4ufsk/getUpdates "HTTP/1.1 200 OK"
2025-01-21 19:31:47,024 - httpx - INFO - HTTP Request: POST https://api.telegram.org/bot7099400053:AAGpkQ978uhK1M3GnFwNoNH04QyNVb4ufsk/getUpdates "HTTP/1.1 200 OK"
2025-01-21 19:31:57,181 - httpx - INFO - HTTP Request: POST https://api.telegram.org/bot7099400053:AAGpkQ978uhK1M3GnFwNoNH04QyNVb4ufsk/getUpdates "HTTP/1.1 200 OK"
2025-01-21 19:32:07,338 - httpx - INFO - HTTP Request: POST https://api.telegram.org/bot7099400053:AAGpkQ978uhK1M3GnFwNoNH04QyNVb4ufsk/getUpdates "HTTP/1.1 200 OK"
2025-01-21 19:32:17,536 - httpx - INFO - HTTP Request: POST https://api.telegram.org/bot7099400053:AAGpkQ978uhK1M3GnFwNoNH04QyNVb4ufsk/getUpdates "HTTP/1.1 200 OK"
2025-01-21 19:32:27,691 - httpx - INFO - HTTP Request: POST https://api.telegram.org/bot7099400053:AAGpkQ978uhK1M3GnFwNoNH04QyNVb4ufsk/getUpdates "HTTP/1.1 200 OK"
2025-01-21 19:32:37,846 - httpx - INFO - HTTP Request: POST https://api.telegram.org/bot7099400053:AAGpkQ978uhK1M3GnFwNoNH04QyNVb4ufsk/getUpdates "HTTP/1.1 200 OK"
2025-01-21 19:32:48,013 - httpx - INFO - HTTP Request: POST https://api.telegram.org/bot7099400053:AAGpkQ978uhK1M3GnFwNoNH04QyNVb4ufsk/getUpdates "HTTP/1.1 200 OK"
2025-01-21 19:32:58,168 - httpx - INFO - HTTP Request: POST https://api.telegram.org/bot7099400053:AAGpkQ978uhK1M3GnFwNoNH04QyNVb4ufsk/getUpdates "HTTP/1.1 200 OK"
2025-01-21 19:33:08,344 - httpx - INFO - HTTP Request: POST https://api.telegram.org/bot7099400053:AAGpkQ978uhK1M3GnFwNoNH04QyNVb4ufsk/getUpdates "HTTP/1.1 200 OK"
2025-01-21 19:33:18,503 - httpx - INFO - HTTP Request: POST https://api.telegram.org/bot7099400053:AAGpkQ978uhK1M3GnFwNoNH04QyNVb4ufsk/getUpdates "HTTP/1.1 200 OK"
2025-01-21 19:33:28,697 - httpx - INFO - HTTP Request: POST https://api.telegram.org/bot7099400053:AAGpkQ978uhK1M3GnFwNoNH04QyNVb4ufsk/getUpdates "HTTP/1.1 200 OK"
2025-01-21 19:33:38,853 - httpx - INFO - HTTP Request: POST https://api.telegram.org/bot7099400053:AAGpkQ978uhK1M3GnFwNoNH04QyNVb4ufsk/getUpdates "HTTP/1.1 200 OK"
2025-01-21 19:33:49,007 - httpx - INFO - HTTP Request: POST https://api.telegram.org/bot7099400053:AAGpkQ978uhK1M3GnFwNoNH04QyNVb4ufsk/getUpdates "HTTP/1.1 200 OK"
2025-01-21 19:33:59,161 - httpx - INFO - HTTP Request: POST https://api.telegram.org/bot7099400053:AAGpkQ978uhK1M3GnFwNoNH04QyNVb4ufsk/getUpdates "HTTP/1.1 200 OK"
2025-01-21 19:34:09,317 - httpx - INFO - HTTP Request: POST https://api.telegram.org/bot7099400053:AAGpkQ978uhK1M3GnFwNoNH04QyNVb4ufsk/getUpdates "HTTP/1.1 200 OK"
2025-01-21 19:34:19,473 - httpx - INFO - HTTP Request: POST https://api.telegram.org/bot7099400053:AAGpkQ978uhK1M3GnFwNoNH04QyNVb4ufsk/getUpdates "HTTP/1.1 200 OK"
2025-01-21 19:34:29,627 - httpx - INFO - HTTP Request: POST https://api.telegram.org/bot7099400053:AAGpkQ978uhK1M3GnFwNoNH04QyNVb4ufsk/getUpdates "HTTP/1.1 200 OK"
2025-01-21 19:34:39,789 - httpx - INFO - HTTP Request: POST https://api.telegram.org/bot7099400053:AAGpkQ978uhK1M3GnFwNoNH04QyNVb4ufsk/getUpdates "HTTP/1.1 200 OK"
2025-01-21 19:34:49,943 - httpx - INFO - HTTP Request: POST https://api.telegram.org/bot7099400053:AAGpkQ978uhK1M3GnFwNoNH04QyNVb4ufsk/getUpdates "HTTP/1.1 200 OK"
2025-01-21 19:35:00,101 - httpx - INFO - HTTP Request: POST https://api.telegram.org/bot7099400053:AAGpkQ978uhK1M3GnFwNoNH04QyNVb4ufsk/getUpdates "HTTP/1.1 200 OK"
2025-01-21 19:35:10,260 - httpx - INFO - HTTP Request: POST https://api.telegram.org/bot7099400053:AAGpkQ978uhK1M3GnFwNoNH04QyNVb4ufsk/getUpdates "HTTP/1.1 200 OK"
2025-01-21 19:35:20,421 - httpx - INFO - HTTP Request: POST https://api.telegram.org/bot7099400053:AAGpkQ978uhK1M3GnFwNoNH04QyNVb4ufsk/getUpdates "HTTP/1.1 200 OK"
2025-01-21 19:35:30,582 - httpx - INFO - HTTP Request: POST https://api.telegram.org/bot7099400053:AAGpkQ978uhK1M3GnFwNoNH04QyNVb4ufsk/getUpdates "HTTP/1.1 200 OK"
2025-01-21 19:35:40,737 - httpx - INFO - HTTP Request: POST https://api.telegram.org/bot7099400053:AAGpkQ978uhK1M3GnFwNoNH04QyNVb4ufsk/getUpdates "HTTP/1.1 200 OK"
2025-01-21 19:35:50,892 - httpx - INFO - HTTP Request: POST https://api.telegram.org/bot7099400053:AAGpkQ978uhK1M3GnFwNoNH04QyNVb4ufsk/getUpdates "HTTP/1.1 200 OK"
2025-01-21 19:36:01,046 - httpx - INFO - HTTP Request: POST https://api.telegram.org/bot7099400053:AAGpkQ978uhK1M3GnFwNoNH04QyNVb4ufsk/getUpdates "HTTP/1.1 200 OK"
2025-01-21 19:36:11,200 - httpx - INFO - HTTP Request: POST https://api.telegram.org/bot7099400053:AAGpkQ978uhK1M3GnFwNoNH04QyNVb4ufsk/getUpdates "HTTP/1.1 200 OK"
2025-01-21 19:36:21,355 - httpx - INFO - HTTP Request: POST https://api.telegram.org/bot7099400053:AAGpkQ978uhK1M3GnFwNoNH04QyNVb4ufsk/getUpdates "HTTP/1.1 200 OK"
2025-01-21 19:36:31,519 - httpx - INFO - HTTP Request: POST https://api.telegram.org/bot7099400053:AAGpkQ978uhK1M3GnFwNoNH04QyNVb4ufsk/getUpdates "HTTP/1.1 200 OK"
2025-01-21 19:36:41,681 - httpx - INFO - HTTP Request: POST https://api.telegram.org/bot7099400053:AAGpkQ978uhK1M3GnFwNoNH04QyNVb4ufsk/getUpdates "HTTP/1.1 200 OK"
2025-01-21 19:36:47,745 - httpx - INFO - HTTP Request: POST https://api.telegram.org/bot7099400053:AAGpkQ978uhK1M3GnFwNoNH04QyNVb4ufsk/getUpdates "HTTP/1.1 409 Conflict"
2025-01-21 19:36:47,746 - __main__ - ERROR - Update None caused error Conflict: terminated by other getUpdates request; make sure that only one bot instance is running
2025-01-21 19:36:52,402 - httpx - INFO - HTTP Request: POST https://api.telegram.org/bot7099400053:AAGpkQ978uhK1M3GnFwNoNH04QyNVb4ufsk/getUpdates "HTTP/1.1 409 Conflict"
2025-01-21 19:36:52,403 - __main__ - ERROR - Update None caused error Conflict: terminated by other getUpdates request; make sure that only one bot instance is running
2025-01-21 19:36:57,447 - httpx - INFO - HTTP Request: POST https://api.telegram.org/bot7099400053:AAGpkQ978uhK1M3GnFwNoNH04QyNVb4ufsk/getUpdates "HTTP/1.1 409 Conflict"
2025-01-21 19:36:57,448 - __main__ - ERROR - Update None caused error Conflict: terminated by other getUpdates request; make sure that only one bot instance is running
2025-01-21 19:37:01,382 - httpx - INFO - HTTP Request: POST https://api.telegram.org/bot7099400053:AAGpkQ978uhK1M3GnFwNoNH04QyNVb4ufsk/getUpdates "HTTP/1.1 409 Conflict"
2025-01-21 19:37:01,382 - __main__ - ERROR - Update None caused error Conflict: terminated by other getUpdates request; make sure that only one bot instance is running
2025-01-21 19:37:05,036 - httpx - INFO - HTTP Request: POST https://api.telegram.org/bot7099400053:AAGpkQ978uhK1M3GnFwNoNH04QyNVb4ufsk/getUpdates "HTTP/1.1 409 Conflict"
2025-01-21 19:37:05,036 - __main__ - ERROR - Update None caused error Conflict: terminated by other getUpdates request; make sure that only one bot instance is running
2025-01-21 19:37:13,899 - httpx - INFO - HTTP Request: POST https://api.telegram.org/bot7099400053:AAGpkQ978uhK1M3GnFwNoNH04QyNVb4ufsk/getUpdates "HTTP/1.1 409 Conflict"
2025-01-21 19:37:13,899 - __main__ - ERROR - Update None caused error Conflict: terminated by other getUpdates request; make sure that only one bot instance is running
2025-01-21 19:37:25,350 - httpx - INFO - HTTP Request: POST https://api.telegram.org/bot7099400053:AAGpkQ978uhK1M3GnFwNoNH04QyNVb4ufsk/getUpdates "HTTP/1.1 409 Conflict"
2025-01-21 19:37:25,351 - __main__ - ERROR - Update None caused error Conflict: terminated by other getUpdates request; make sure that only one bot instance is running
2025-01-21 19:37:40,578 - httpx - INFO - HTTP Request: POST https://api.telegram.org/bot7099400053:AAGpkQ978uhK1M3GnFwNoNH04QyNVb4ufsk/getUpdates "HTTP/1.1 409 Conflict"
2025-01-21 19:37:40,578 - __main__ - ERROR - Update None caused error Conflict: terminated by other getUpdates request; make sure that only one bot instance is running
2025-01-21 19:37:58,283 - httpx - INFO - HTTP Request: POST https://api.telegram.org/bot7099400053:AAGpkQ978uhK1M3GnFwNoNH04QyNVb4ufsk/getUpdates "HTTP/1.1 409 Conflict"
2025-01-21 19:37:58,284 - __main__ - ERROR - Update None caused error Conflict: terminated by other getUpdates request; make sure that only one bot instance is running
2025-01-21 19:38:25,662 - httpx - INFO - HTTP Request: POST https://api.telegram.org/bot7099400053:AAGpkQ978uhK1M3GnFwNoNH04QyNVb4ufsk/getUpdates "HTTP/1.1 409 Conflict"
2025-01-21 19:38:25,663 - __main__ - ERROR - Update None caused error Conflict: terminated by other getUpdates request; make sure that only one bot instance is running
2025-01-21 19:39:06,220 - httpx - INFO - HTTP Request: POST https://api.telegram.org/bot7099400053:AAGpkQ978uhK1M3GnFwNoNH04QyNVb4ufsk/getUpdates "HTTP/1.1 200 OK"
2025-01-21 19:39:16,373 - httpx - INFO - HTTP Request: POST https://api.telegram.org/bot7099400053:AAGpkQ978uhK1M3GnFwNoNH04QyNVb4ufsk/getUpdates "HTTP/1.1 200 OK"
2025-01-21 19:39:26,526 - httpx - INFO - HTTP Request: POST https://api.telegram.org/bot7099400053:AAGpkQ978uhK1M3GnFwNoNH04QyNVb4ufsk/getUpdates "HTTP/1.1 200 OK"
2025-01-21 19:39:36,679 - httpx - INFO - HTTP Request: POST https://api.telegram.org/bot7099400053:AAGpkQ978uhK1M3GnFwNoNH04QyNVb4ufsk/getUpdates "HTTP/1.1 200 OK"
2025-01-21 19:39:46,832 - httpx - INFO - HTTP Request: POST https://api.telegram.org/bot7099400053:AAGpkQ978uhK1M3GnFwNoNH04QyNVb4ufsk/getUpdates "HTTP/1.1 200 OK"
2025-01-21 19:39:56,986 - httpx - INFO - HTTP Request: POST https://api.telegram.org/bot7099400053:AAGpkQ978uhK1M3GnFwNoNH04QyNVb4ufsk/getUpdates "HTTP/1.1 200 OK"
2025-01-21 19:40:07,140 - httpx - INFO - HTTP Request: POST https://api.telegram.org/bot7099400053:AAGpkQ978uhK1M3GnFwNoNH04QyNVb4ufsk/getUpdates "HTTP/1.1 200 OK"
2025-01-21 19:40:17,293 - httpx - INFO - HTTP Request: POST https://api.telegram.org/bot7099400053:AAGpkQ978uhK1M3GnFwNoNH04QyNVb4ufsk/getUpdates "HTTP/1.1 200 OK"
2025-01-21 19:40:27,458 - httpx - INFO - HTTP Request: POST https://api.telegram.org/bot7099400053:AAGpkQ978uhK1M3GnFwNoNH04QyNVb4ufsk/getUpdates "HTTP/1.1 200 OK"
2025-01-21 19:40:37,611 - httpx - INFO - HTTP Request: POST https://api.telegram.org/bot7099400053:AAGpkQ978uhK1M3GnFwNoNH04QyNVb4ufsk/getUpdates "HTTP/1.1 200 OK"
2025-01-21 19:40:47,766 - httpx - INFO - HTTP Request: POST https://api.telegram.org/bot7099400053:AAGpkQ978uhK1M3GnFwNoNH04QyNVb4ufsk/getUpdates "HTTP/1.1 200 OK"
2025-01-21 19:40:57,919 - httpx - INFO - HTTP Request: POST https://api.telegram.org/bot7099400053:AAGpkQ978uhK1M3GnFwNoNH04QyNVb4ufsk/getUpdates "HTTP/1.1 200 OK"
2025-01-21 19:41:08,072 - httpx - INFO - HTTP Request: POST https://api.telegram.org/bot7099400053:AAGpkQ978uhK1M3GnFwNoNH04QyNVb4ufsk/getUpdates "HTTP/1.1 200 OK"
2025-01-21 19:41:18,256 - httpx - INFO - HTTP Request: POST https://api.telegram.org/bot7099400053:AAGpkQ978uhK1M3GnFwNoNH04QyNVb4ufsk/getUpdates "HTTP/1.1 200 OK"
2025-01-21 19:41:28,411 - httpx - INFO - HTTP Request: POST https://api.telegram.org/bot7099400053:AAGpkQ978uhK1M3GnFwNoNH04QyNVb4ufsk/getUpdates "HTTP/1.1 200 OK"
2025-01-21 19:41:38,565 - httpx - INFO - HTTP Request: POST https://api.telegram.org/bot7099400053:AAGpkQ978uhK1M3GnFwNoNH04QyNVb4ufsk/getUpdates "HTTP/1.1 200 OK"
2025-01-21 19:41:48,718 - httpx - INFO - HTTP Request: POST https://api.telegram.org/bot7099400053:AAGpkQ978uhK1M3GnFwNoNH04QyNVb4ufsk/getUpdates "HTTP/1.1 200 OK"
2025-01-21 19:41:58,875 - httpx - INFO - HTTP Request: POST https://api.telegram.org/bot7099400053:AAGpkQ978uhK1M3GnFwNoNH04QyNVb4ufsk/getUpdates "HTTP/1.1 200 OK"
2025-01-21 19:42:09,032 - httpx - INFO - HTTP Request: POST https://api.telegram.org/bot7099400053:AAGpkQ978uhK1M3GnFwNoNH04QyNVb4ufsk/getUpdates "HTTP/1.1 200 OK"
2025-01-21 19:42:19,188 - httpx - INFO - HTTP Request: POST https://api.telegram.org/bot7099400053:AAGpkQ978uhK1M3GnFwNoNH04QyNVb4ufsk/getUpdates "HTTP/1.1 200 OK"
2025-01-21 19:42:29,342 - httpx - INFO - HTTP Request: POST https://api.telegram.org/bot7099400053:AAGpkQ978uhK1M3GnFwNoNH04QyNVb4ufsk/getUpdates "HTTP/1.1 200 OK"
2025-01-21 19:42:39,495 - httpx - INFO - HTTP Request: POST https://api.telegram.org/bot7099400053:AAGpkQ978uhK1M3GnFwNoNH04QyNVb4ufsk/getUpdates "HTTP/1.1 200 OK"
2025-01-21 19:42:49,649 - httpx - INFO - HTTP Request: POST https://api.telegram.org/bot7099400053:AAGpkQ978uhK1M3GnFwNoNH04QyNVb4ufsk/getUpdates "HTTP/1.1 200 OK"
2025-01-21 19:42:59,803 - httpx - INFO - HTTP Request: POST https://api.telegram.org/bot7099400053:AAGpkQ978uhK1M3GnFwNoNH04QyNVb4ufsk/getUpdates "HTTP/1.1 200 OK"
2025-01-21 19:43:09,956 - httpx - INFO - HTTP Request: POST https://api.telegram.org/bot7099400053:AAGpkQ978uhK1M3GnFwNoNH04QyNVb4ufsk/getUpdates "HTTP/1.1 200 OK"
2025-01-21 19:43:20,110 - httpx - INFO - HTTP Request: POST https://api.telegram.org/bot7099400053:AAGpkQ978uhK1M3GnFwNoNH04QyNVb4ufsk/getUpdates "HTTP/1.1 200 OK"
2025-01-21 19:43:30,264 - httpx - INFO - HTTP Request: POST https://api.telegram.org/bot7099400053:AAGpkQ978uhK1M3GnFwNoNH04QyNVb4ufsk/getUpdates "HTTP/1.1 200 OK"
2025-01-21 19:43:40,418 - httpx - INFO - HTTP Request: POST https://api.telegram.org/bot7099400053:AAGpkQ978uhK1M3GnFwNoNH04QyNVb4ufsk/getUpdates "HTTP/1.1 200 OK"
2025-01-21 19:43:50,572 - httpx - INFO - HTTP Request: POST https://api.telegram.org/bot7099400053:AAGpkQ978uhK1M3GnFwNoNH04QyNVb4ufsk/getUpdates "HTTP/1.1 200 OK"
2025-01-21 19:44:00,726 - httpx - INFO - HTTP Request: POST https://api.telegram.org/bot7099400053:AAGpkQ978uhK1M3GnFwNoNH04QyNVb4ufsk/getUpdates "HTTP/1.1 200 OK"
2025-01-21 19:44:10,880 - httpx - INFO - HTTP Request: POST https://api.telegram.org/bot7099400053:AAGpkQ978uhK1M3GnFwNoNH04QyNVb4ufsk/getUpdates "HTTP/1.1 200 OK"
2025-01-21 19:44:15,118 - httpx - INFO - HTTP Request: POST https://api.telegram.org/bot7099400053:AAGpkQ978uhK1M3GnFwNoNH04QyNVb4ufsk/getUpdates "HTTP/1.1 409 Conflict"
2025-01-21 19:44:15,119 - __main__ - ERROR - Update None caused error Conflict: terminated by other getUpdates request; make sure that only one bot instance is running
2025-01-21 19:44:23,482 - httpx - INFO - HTTP Request: POST https://api.telegram.org/bot7099400053:AAGpkQ978uhK1M3GnFwNoNH04QyNVb4ufsk/getUpdates "HTTP/1.1 409 Conflict"
2025-01-21 19:44:23,483 - __main__ - ERROR - Update None caused error Conflict: terminated by other getUpdates request; make sure that only one bot instance is running
2025-01-21 19:44:31,315 - httpx - INFO - HTTP Request: POST https://api.telegram.org/bot7099400053:AAGpkQ978uhK1M3GnFwNoNH04QyNVb4ufsk/getUpdates "HTTP/1.1 409 Conflict"
2025-01-21 19:44:31,316 - __main__ - ERROR - Update None caused error Conflict: terminated by other getUpdates request; make sure that only one bot instance is running
2025-01-21 19:44:35,479 - httpx - INFO - HTTP Request: POST https://api.telegram.org/bot7099400053:AAGpkQ978uhK1M3GnFwNoNH04QyNVb4ufsk/getUpdates "HTTP/1.1 409 Conflict"
2025-01-21 19:44:35,480 - __main__ - ERROR - Update None caused error Conflict: terminated by other getUpdates request; make sure that only one bot instance is running
2025-01-21 19:44:40,643 - httpx - INFO - HTTP Request: POST https://api.telegram.org/bot7099400053:AAGpkQ978uhK1M3GnFwNoNH04QyNVb4ufsk/getUpdates "HTTP/1.1 409 Conflict"
2025-01-21 19:44:40,643 - __main__ - ERROR - Update None caused error Conflict: terminated by other getUpdates request; make sure that only one bot instance is running
2025-01-21 19:44:49,374 - httpx - INFO - HTTP Request: POST https://api.telegram.org/bot7099400053:AAGpkQ978uhK1M3GnFwNoNH04QyNVb4ufsk/getUpdates "HTTP/1.1 409 Conflict"
2025-01-21 19:44:49,375 - __main__ - ERROR - Update None caused error Conflict: terminated by other getUpdates request; make sure that only one bot instance is running
2025-01-21 19:44:59,203 - httpx - INFO - HTTP Request: POST https://api.telegram.org/bot7099400053:AAGpkQ978uhK1M3GnFwNoNH04QyNVb4ufsk/getUpdates "HTTP/1.1 409 Conflict"
2025-01-21 19:44:59,203 - __main__ - ERROR - Update None caused error Conflict: terminated by other getUpdates request; make sure that only one bot instance is running
2025-01-21 19:45:12,712 - httpx - INFO - HTTP Request: POST https://api.telegram.org/bot7099400053:AAGpkQ978uhK1M3GnFwNoNH04QyNVb4ufsk/getUpdates "HTTP/1.1 409 Conflict"
2025-01-21 19:45:12,713 - __main__ - ERROR - Update None caused error Conflict: terminated by other getUpdates request; make sure that only one bot instance is running
2025-01-21 19:45:33,530 - httpx - INFO - HTTP Request: POST https://api.telegram.org/bot7099400053:AAGpkQ978uhK1M3GnFwNoNH04QyNVb4ufsk/getUpdates "HTTP/1.1 409 Conflict"
2025-01-21 19:45:33,530 - __main__ - ERROR - Update None caused error Conflict: terminated by other getUpdates request; make sure that only one bot instance is running
2025-01-21 19:46:09,726 - httpx - INFO - HTTP Request: POST https://api.telegram.org/bot7099400053:AAGpkQ978uhK1M3GnFwNoNH04QyNVb4ufsk/getUpdates "HTTP/1.1 200 OK"
2025-01-21 19:46:19,880 - httpx - INFO - HTTP Request: POST https://api.telegram.org/bot7099400053:AAGpkQ978uhK1M3GnFwNoNH04QyNVb4ufsk/getUpdates "HTTP/1.1 200 OK"
2025-01-21 19:46:30,037 - httpx - INFO - HTTP Request: POST https://api.telegram.org/bot7099400053:AAGpkQ978uhK1M3GnFwNoNH04QyNVb4ufsk/getUpdates "HTTP/1.1 200 OK"
2025-01-21 19:46:40,190 - httpx - INFO - HTTP Request: POST https://api.telegram.org/bot7099400053:AAGpkQ978uhK1M3GnFwNoNH04QyNVb4ufsk/getUpdates "HTTP/1.1 200 OK"
2025-01-21 19:46:50,355 - httpx - INFO - HTTP Request: POST https://api.telegram.org/bot7099400053:AAGpkQ978uhK1M3GnFwNoNH04QyNVb4ufsk/getUpdates "HTTP/1.1 200 OK"
2025-01-21 19:47:00,532 - httpx - INFO - HTTP Request: POST https://api.telegram.org/bot7099400053:AAGpkQ978uhK1M3GnFwNoNH04QyNVb4ufsk/getUpdates "HTTP/1.1 200 OK"
2025-01-21 19:47:10,685 - httpx - INFO - HTTP Request: POST https://api.telegram.org/bot7099400053:AAGpkQ978uhK1M3GnFwNoNH04QyNVb4ufsk/getUpdates "HTTP/1.1 200 OK"
2025-01-21 19:47:20,845 - httpx - INFO - HTTP Request: POST https://api.telegram.org/bot7099400053:AAGpkQ978uhK1M3GnFwNoNH04QyNVb4ufsk/getUpdates "HTTP/1.1 200 OK"
2025-01-21 19:47:30,999 - httpx - INFO - HTTP Request: POST https://api.telegram.org/bot7099400053:AAGpkQ978uhK1M3GnFwNoNH04QyNVb4ufsk/getUpdates "HTTP/1.1 200 OK"
2025-01-21 19:47:41,157 - httpx - INFO - HTTP Request: POST https://api.telegram.org/bot7099400053:AAGpkQ978uhK1M3GnFwNoNH04QyNVb4ufsk/getUpdates "HTTP/1.1 200 OK"
2025-01-21 19:47:51,313 - httpx - INFO - HTTP Request: POST https://api.telegram.org/bot7099400053:AAGpkQ978uhK1M3GnFwNoNH04QyNVb4ufsk/getUpdates "HTTP/1.1 200 OK"
2025-01-21 19:48:01,467 - httpx - INFO - HTTP Request: POST https://api.telegram.org/bot7099400053:AAGpkQ978uhK1M3GnFwNoNH04QyNVb4ufsk/getUpdates "HTTP/1.1 200 OK"
2025-01-21 19:48:11,623 - httpx - INFO - HTTP Request: POST https://api.telegram.org/bot7099400053:AAGpkQ978uhK1M3GnFwNoNH04QyNVb4ufsk/getUpdates "HTTP/1.1 200 OK"
2025-01-21 19:48:21,778 - httpx - INFO - HTTP Request: POST https://api.telegram.org/bot7099400053:AAGpkQ978uhK1M3GnFwNoNH04QyNVb4ufsk/getUpdates "HTTP/1.1 200 OK"
2025-01-21 19:48:31,933 - httpx - INFO - HTTP Request: POST https://api.telegram.org/bot7099400053:AAGpkQ978uhK1M3GnFwNoNH04QyNVb4ufsk/getUpdates "HTTP/1.1 200 OK"
2025-01-21 19:48:42,086 - httpx - INFO - HTTP Request: POST https://api.telegram.org/bot7099400053:AAGpkQ978uhK1M3GnFwNoNH04QyNVb4ufsk/getUpdates "HTTP/1.1 200 OK"
2025-01-21 19:48:52,239 - httpx - INFO - HTTP Request: POST https://api.telegram.org/bot7099400053:AAGpkQ978uhK1M3GnFwNoNH04QyNVb4ufsk/getUpdates "HTTP/1.1 200 OK"
2025-01-21 19:49:02,400 - httpx - INFO - HTTP Request: POST https://api.telegram.org/bot7099400053:AAGpkQ978uhK1M3GnFwNoNH04QyNVb4ufsk/getUpdates "HTTP/1.1 200 OK"
2025-01-21 19:49:12,553 - httpx - INFO - HTTP Request: POST https://api.telegram.org/bot7099400053:AAGpkQ978uhK1M3GnFwNoNH04QyNVb4ufsk/getUpdates "HTTP/1.1 200 OK"
2025-01-21 19:49:18,304 - httpx - INFO - HTTP Request: POST https://api.telegram.org/bot7099400053:AAGpkQ978uhK1M3GnFwNoNH04QyNVb4ufsk/getUpdates "HTTP/1.1 409 Conflict"
2025-01-21 19:49:18,304 - __main__ - ERROR - Update None caused error Conflict: terminated by other getUpdates request; make sure that only one bot instance is running
2025-01-21 19:49:26,602 - httpx - INFO - HTTP Request: POST https://api.telegram.org/bot7099400053:AAGpkQ978uhK1M3GnFwNoNH04QyNVb4ufsk/getUpdates "HTTP/1.1 409 Conflict"
2025-01-21 19:49:26,602 - __main__ - ERROR - Update None caused error Conflict: terminated by other getUpdates request; make sure that only one bot instance is running
2025-01-21 19:49:31,416 - httpx - INFO - HTTP Request: POST https://api.telegram.org/bot7099400053:AAGpkQ978uhK1M3GnFwNoNH04QyNVb4ufsk/getUpdates "HTTP/1.1 409 Conflict"
2025-01-21 19:49:31,417 - __main__ - ERROR - Update None caused error Conflict: terminated by other getUpdates request; make sure that only one bot instance is running
2025-01-21 19:49:34,592 - httpx - INFO - HTTP Request: POST https://api.telegram.org/bot7099400053:AAGpkQ978uhK1M3GnFwNoNH04QyNVb4ufsk/getUpdates "HTTP/1.1 409 Conflict"
2025-01-21 19:49:34,593 - __main__ - ERROR - Update None caused error Conflict: terminated by other getUpdates request; make sure that only one bot instance is running
2025-01-21 19:49:41,321 - httpx - INFO - HTTP Request: POST https://api.telegram.org/bot7099400053:AAGpkQ978uhK1M3GnFwNoNH04QyNVb4ufsk/getUpdates "HTTP/1.1 409 Conflict"
2025-01-21 19:49:41,321 - __main__ - ERROR - Update None caused error Conflict: terminated by other getUpdates request; make sure that only one bot instance is running
2025-01-21 19:49:47,636 - httpx - INFO - HTTP Request: POST https://api.telegram.org/bot7099400053:AAGpkQ978uhK1M3GnFwNoNH04QyNVb4ufsk/getUpdates "HTTP/1.1 409 Conflict"
2025-01-21 19:49:47,637 - __main__ - ERROR - Update None caused error Conflict: terminated by other getUpdates request; make sure that only one bot instance is running
2025-01-21 19:49:58,849 - httpx - INFO - HTTP Request: POST https://api.telegram.org/bot7099400053:AAGpkQ978uhK1M3GnFwNoNH04QyNVb4ufsk/getUpdates "HTTP/1.1 409 Conflict"
2025-01-21 19:49:58,850 - __main__ - ERROR - Update None caused error Conflict: terminated by other getUpdates request; make sure that only one bot instance is running
2025-01-21 19:50:13,911 - httpx - INFO - HTTP Request: POST https://api.telegram.org/bot7099400053:AAGpkQ978uhK1M3GnFwNoNH04QyNVb4ufsk/getUpdates "HTTP/1.1 409 Conflict"
2025-01-21 19:50:13,911 - __main__ - ERROR - Update None caused error Conflict: terminated by other getUpdates request; make sure that only one bot instance is running
2025-01-21 19:50:35,060 - httpx - INFO - HTTP Request: POST https://api.telegram.org/bot7099400053:AAGpkQ978uhK1M3GnFwNoNH04QyNVb4ufsk/getUpdates "HTTP/1.1 409 Conflict"
2025-01-21 19:50:35,060 - __main__ - ERROR - Update None caused error Conflict: terminated by other getUpdates request; make sure that only one bot instance is running
2025-01-21 19:51:11,255 - httpx - INFO - HTTP Request: POST https://api.telegram.org/bot7099400053:AAGpkQ978uhK1M3GnFwNoNH04QyNVb4ufsk/getUpdates "HTTP/1.1 200 OK"
2025-01-21 19:51:21,412 - httpx - INFO - HTTP Request: POST https://api.telegram.org/bot7099400053:AAGpkQ978uhK1M3GnFwNoNH04QyNVb4ufsk/getUpdates "HTTP/1.1 200 OK"
2025-01-21 19:51:31,567 - httpx - INFO - HTTP Request: POST https://api.telegram.org/bot7099400053:AAGpkQ978uhK1M3GnFwNoNH04QyNVb4ufsk/getUpdates "HTTP/1.1 200 OK"
2025-01-21 19:51:41,723 - httpx - INFO - HTTP Request: POST https://api.telegram.org/bot7099400053:AAGpkQ978uhK1M3GnFwNoNH04QyNVb4ufsk/getUpdates "HTTP/1.1 200 OK"
2025-01-21 19:51:51,882 - httpx - INFO - HTTP Request: POST https://api.telegram.org/bot7099400053:AAGpkQ978uhK1M3GnFwNoNH04QyNVb4ufsk/getUpdates "HTTP/1.1 200 OK"
2025-01-21 19:52:02,045 - httpx - INFO - HTTP Request: POST https://api.telegram.org/bot7099400053:AAGpkQ978uhK1M3GnFwNoNH04QyNVb4ufsk/getUpdates "HTTP/1.1 200 OK"
2025-01-21 19:52:12,205 - httpx - INFO - HTTP Request: POST https://api.telegram.org/bot7099400053:AAGpkQ978uhK1M3GnFwNoNH04QyNVb4ufsk/getUpdates "HTTP/1.1 200 OK"
2025-01-21 19:52:22,359 - httpx - INFO - HTTP Request: POST https://api.telegram.org/bot7099400053:AAGpkQ978uhK1M3GnFwNoNH04QyNVb4ufsk/getUpdates "HTTP/1.1 200 OK"
2025-01-21 19:52:23,337 - httpx - INFO - HTTP Request: POST https://api.telegram.org/bot7099400053:AAGpkQ978uhK1M3GnFwNoNH04QyNVb4ufsk/getUpdates "HTTP/1.1 409 Conflict"
2025-01-21 19:52:23,337 - __main__ - ERROR - Update None caused error Conflict: terminated by other getUpdates request; make sure that only one bot instance is running
2025-01-21 19:52:31,716 - httpx - INFO - HTTP Request: POST https://api.telegram.org/bot7099400053:AAGpkQ978uhK1M3GnFwNoNH04QyNVb4ufsk/getUpdates "HTTP/1.1 409 Conflict"
2025-01-21 19:52:31,717 - __main__ - ERROR - Update None caused error Conflict: terminated by other getUpdates request; make sure that only one bot instance is running
2025-01-21 19:52:36,534 - httpx - INFO - HTTP Request: POST https://api.telegram.org/bot7099400053:AAGpkQ978uhK1M3GnFwNoNH04QyNVb4ufsk/getUpdates "HTTP/1.1 409 Conflict"
2025-01-21 19:52:36,535 - __main__ - ERROR - Update None caused error Conflict: terminated by other getUpdates request; make sure that only one bot instance is running
2025-01-21 19:52:39,695 - httpx - INFO - HTTP Request: POST https://api.telegram.org/bot7099400053:AAGpkQ978uhK1M3GnFwNoNH04QyNVb4ufsk/getUpdates "HTTP/1.1 409 Conflict"
2025-01-21 19:52:39,696 - __main__ - ERROR - Update None caused error Conflict: terminated by other getUpdates request; make sure that only one bot instance is running
2025-01-21 19:52:46,405 - httpx - INFO - HTTP Request: POST https://api.telegram.org/bot7099400053:AAGpkQ978uhK1M3GnFwNoNH04QyNVb4ufsk/getUpdates "HTTP/1.1 409 Conflict"
2025-01-21 19:52:46,406 - __main__ - ERROR - Update None caused error Conflict: terminated by other getUpdates request; make sure that only one bot instance is running
2025-01-21 19:52:52,725 - httpx - INFO - HTTP Request: POST https://api.telegram.org/bot7099400053:AAGpkQ978uhK1M3GnFwNoNH04QyNVb4ufsk/getUpdates "HTTP/1.1 409 Conflict"
2025-01-21 19:52:52,726 - __main__ - ERROR - Update None caused error Conflict: terminated by other getUpdates request; make sure that only one bot instance is running
2025-01-21 19:53:03,960 - httpx - INFO - HTTP Request: POST https://api.telegram.org/bot7099400053:AAGpkQ978uhK1M3GnFwNoNH04QyNVb4ufsk/getUpdates "HTTP/1.1 409 Conflict"
2025-01-21 19:53:03,961 - __main__ - ERROR - Update None caused error Conflict: terminated by other getUpdates request; make sure that only one bot instance is running
2025-01-21 19:53:19,006 - httpx - INFO - HTTP Request: POST https://api.telegram.org/bot7099400053:AAGpkQ978uhK1M3GnFwNoNH04QyNVb4ufsk/getUpdates "HTTP/1.1 409 Conflict"
2025-01-21 19:53:19,006 - __main__ - ERROR - Update None caused error Conflict: terminated by other getUpdates request; make sure that only one bot instance is running
2025-01-21 19:53:46,636 - httpx - INFO - HTTP Request: POST https://api.telegram.org/bot7099400053:AAGpkQ978uhK1M3GnFwNoNH04QyNVb4ufsk/getUpdates "HTTP/1.1 200 OK"
2025-01-21 19:53:56,817 - httpx - INFO - HTTP Request: POST https://api.telegram.org/bot7099400053:AAGpkQ978uhK1M3GnFwNoNH04QyNVb4ufsk/getUpdates "HTTP/1.1 200 OK"
2025-01-21 19:54:06,970 - httpx - INFO - HTTP Request: POST https://api.telegram.org/bot7099400053:AAGpkQ978uhK1M3GnFwNoNH04QyNVb4ufsk/getUpdates "HTTP/1.1 200 OK"
2025-01-21 19:54:17,122 - httpx - INFO - HTTP Request: POST https://api.telegram.org/bot7099400053:AAGpkQ978uhK1M3GnFwNoNH04QyNVb4ufsk/getUpdates "HTTP/1.1 200 OK"
2025-01-21 19:54:27,275 - httpx - INFO - HTTP Request: POST https://api.telegram.org/bot7099400053:AAGpkQ978uhK1M3GnFwNoNH04QyNVb4ufsk/getUpdates "HTTP/1.1 200 OK"
2025-01-21 19:54:37,445 - httpx - INFO - HTTP Request: POST https://api.telegram.org/bot7099400053:AAGpkQ978uhK1M3GnFwNoNH04QyNVb4ufsk/getUpdates "HTTP/1.1 200 OK"
2025-01-21 19:54:47,598 - httpx - INFO - HTTP Request: POST https://api.telegram.org/bot7099400053:AAGpkQ978uhK1M3GnFwNoNH04QyNVb4ufsk/getUpdates "HTTP/1.1 200 OK"
2025-01-21 19:54:57,756 - httpx - INFO - HTTP Request: POST https://api.telegram.org/bot7099400053:AAGpkQ978uhK1M3GnFwNoNH04QyNVb4ufsk/getUpdates "HTTP/1.1 200 OK"
2025-01-21 19:55:07,908 - httpx - INFO - HTTP Request: POST https://api.telegram.org/bot7099400053:AAGpkQ978uhK1M3GnFwNoNH04QyNVb4ufsk/getUpdates "HTTP/1.1 200 OK"
2025-01-21 19:55:18,066 - httpx - INFO - HTTP Request: POST https://api.telegram.org/bot7099400053:AAGpkQ978uhK1M3GnFwNoNH04QyNVb4ufsk/getUpdates "HTTP/1.1 200 OK"
2025-01-21 19:55:28,219 - httpx - INFO - HTTP Request: POST https://api.telegram.org/bot7099400053:AAGpkQ978uhK1M3GnFwNoNH04QyNVb4ufsk/getUpdates "HTTP/1.1 200 OK"
2025-01-21 19:55:38,373 - httpx - INFO - HTTP Request: POST https://api.telegram.org/bot7099400053:AAGpkQ978uhK1M3GnFwNoNH04QyNVb4ufsk/getUpdates "HTTP/1.1 200 OK"
2025-01-21 19:55:48,527 - httpx - INFO - HTTP Request: POST https://api.telegram.org/bot7099400053:AAGpkQ978uhK1M3GnFwNoNH04QyNVb4ufsk/getUpdates "HTTP/1.1 200 OK"
2025-01-21 19:55:58,681 - httpx - INFO - HTTP Request: POST https://api.telegram.org/bot7099400053:AAGpkQ978uhK1M3GnFwNoNH04QyNVb4ufsk/getUpdates "HTTP/1.1 200 OK"
2025-01-21 19:56:08,835 - httpx - INFO - HTTP Request: POST https://api.telegram.org/bot7099400053:AAGpkQ978uhK1M3GnFwNoNH04QyNVb4ufsk/getUpdates "HTTP/1.1 200 OK"
2025-01-21 19:56:19,000 - httpx - INFO - HTTP Request: POST https://api.telegram.org/bot7099400053:AAGpkQ978uhK1M3GnFwNoNH04QyNVb4ufsk/getUpdates "HTTP/1.1 200 OK"
2025-01-21 19:56:21,738 - httpx - INFO - HTTP Request: POST https://api.telegram.org/bot7099400053:AAGpkQ978uhK1M3GnFwNoNH04QyNVb4ufsk/getUpdates "HTTP/1.1 409 Conflict"
2025-01-21 19:56:21,739 - __main__ - ERROR - Update None caused error Conflict: terminated by other getUpdates request; make sure that only one bot instance is running
2025-01-21 19:56:30,052 - httpx - INFO - HTTP Request: POST https://api.telegram.org/bot7099400053:AAGpkQ978uhK1M3GnFwNoNH04QyNVb4ufsk/getUpdates "HTTP/1.1 409 Conflict"
2025-01-21 19:56:30,052 - __main__ - ERROR - Update None caused error Conflict: terminated by other getUpdates request; make sure that only one bot instance is running
2025-01-21 19:56:34,872 - httpx - INFO - HTTP Request: POST https://api.telegram.org/bot7099400053:AAGpkQ978uhK1M3GnFwNoNH04QyNVb4ufsk/getUpdates "HTTP/1.1 409 Conflict"
2025-01-21 19:56:34,872 - __main__ - ERROR - Update None caused error Conflict: terminated by other getUpdates request; make sure that only one bot instance is running
2025-01-21 19:56:38,033 - httpx - INFO - HTTP Request: POST https://api.telegram.org/bot7099400053:AAGpkQ978uhK1M3GnFwNoNH04QyNVb4ufsk/getUpdates "HTTP/1.1 409 Conflict"
2025-01-21 19:56:38,033 - __main__ - ERROR - Update None caused error Conflict: terminated by other getUpdates request; make sure that only one bot instance is running
2025-01-21 19:56:41,690 - httpx - INFO - HTTP Request: POST https://api.telegram.org/bot7099400053:AAGpkQ978uhK1M3GnFwNoNH04QyNVb4ufsk/getUpdates "HTTP/1.1 409 Conflict"
2025-01-21 19:56:41,691 - __main__ - ERROR - Update None caused error Conflict: terminated by other getUpdates request; make sure that only one bot instance is running
2025-01-21 19:56:50,384 - httpx - INFO - HTTP Request: POST https://api.telegram.org/bot7099400053:AAGpkQ978uhK1M3GnFwNoNH04QyNVb4ufsk/getUpdates "HTTP/1.1 409 Conflict"
2025-01-21 19:56:50,385 - __main__ - ERROR - Update None caused error Conflict: terminated by other getUpdates request; make sure that only one bot instance is running
2025-01-21 19:57:01,622 - httpx - INFO - HTTP Request: POST https://api.telegram.org/bot7099400053:AAGpkQ978uhK1M3GnFwNoNH04QyNVb4ufsk/getUpdates "HTTP/1.1 409 Conflict"
2025-01-21 19:57:01,622 - __main__ - ERROR - Update None caused error Conflict: terminated by other getUpdates request; make sure that only one bot instance is running
2025-01-21 19:57:16,765 - httpx - INFO - HTTP Request: POST https://api.telegram.org/bot7099400053:AAGpkQ978uhK1M3GnFwNoNH04QyNVb4ufsk/getUpdates "HTTP/1.1 409 Conflict"
2025-01-21 19:57:16,766 - __main__ - ERROR - Update None caused error Conflict: terminated by other getUpdates request; make sure that only one bot instance is running
2025-01-21 19:57:44,384 - httpx - INFO - HTTP Request: POST https://api.telegram.org/bot7099400053:AAGpkQ978uhK1M3GnFwNoNH04QyNVb4ufsk/getUpdates "HTTP/1.1 200 OK"
2025-01-21 19:57:54,539 - httpx - INFO - HTTP Request: POST https://api.telegram.org/bot7099400053:AAGpkQ978uhK1M3GnFwNoNH04QyNVb4ufsk/getUpdates "HTTP/1.1 200 OK"
2025-01-21 19:58:04,695 - httpx - INFO - HTTP Request: POST https://api.telegram.org/bot7099400053:AAGpkQ978uhK1M3GnFwNoNH04QyNVb4ufsk/getUpdates "HTTP/1.1 200 OK"
2025-01-21 19:58:14,851 - httpx - INFO - HTTP Request: POST https://api.telegram.org/bot7099400053:AAGpkQ978uhK1M3GnFwNoNH04QyNVb4ufsk/getUpdates "HTTP/1.1 200 OK"
2025-01-21 19:58:25,008 - httpx - INFO - HTTP Request: POST https://api.telegram.org/bot7099400053:AAGpkQ978uhK1M3GnFwNoNH04QyNVb4ufsk/getUpdates "HTTP/1.1 200 OK"
2025-01-21 19:58:35,162 - httpx - INFO - HTTP Request: POST https://api.telegram.org/bot7099400053:AAGpkQ978uhK1M3GnFwNoNH04QyNVb4ufsk/getUpdates "HTTP/1.1 200 OK"
2025-01-21 19:58:45,316 - httpx - INFO - HTTP Request: POST https://api.telegram.org/bot7099400053:AAGpkQ978uhK1M3GnFwNoNH04QyNVb4ufsk/getUpdates "HTTP/1.1 200 OK"
2025-01-21 19:58:55,479 - httpx - INFO - HTTP Request: POST https://api.telegram.org/bot7099400053:AAGpkQ978uhK1M3GnFwNoNH04QyNVb4ufsk/getUpdates "HTTP/1.1 200 OK"
2025-01-21 19:59:05,633 - httpx - INFO - HTTP Request: POST https://api.telegram.org/bot7099400053:AAGpkQ978uhK1M3GnFwNoNH04QyNVb4ufsk/getUpdates "HTTP/1.1 200 OK"
2025-01-21 19:59:15,787 - httpx - INFO - HTTP Request: POST https://api.telegram.org/bot7099400053:AAGpkQ978uhK1M3GnFwNoNH04QyNVb4ufsk/getUpdates "HTTP/1.1 200 OK"
2025-01-21 19:59:25,940 - httpx - INFO - HTTP Request: POST https://api.telegram.org/bot7099400053:AAGpkQ978uhK1M3GnFwNoNH04QyNVb4ufsk/getUpdates "HTTP/1.1 200 OK"
2025-01-21 19:59:36,095 - httpx - INFO - HTTP Request: POST https://api.telegram.org/bot7099400053:AAGpkQ978uhK1M3GnFwNoNH04QyNVb4ufsk/getUpdates "HTTP/1.1 200 OK"
2025-01-21 19:59:40,684 - httpx - INFO - HTTP Request: POST https://api.telegram.org/bot7099400053:AAGpkQ978uhK1M3GnFwNoNH04QyNVb4ufsk/getUpdates "HTTP/1.1 409 Conflict"
2025-01-21 19:59:40,685 - __main__ - ERROR - Update None caused error Conflict: terminated by other getUpdates request; make sure that only one bot instance is running
2025-01-21 19:59:48,022 - httpx - INFO - HTTP Request: POST https://api.telegram.org/bot7099400053:AAGpkQ978uhK1M3GnFwNoNH04QyNVb4ufsk/getUpdates "HTTP/1.1 409 Conflict"
2025-01-21 19:59:48,023 - __main__ - ERROR - Update None caused error Conflict: terminated by other getUpdates request; make sure that only one bot instance is running
2025-01-21 19:59:52,791 - httpx - INFO - HTTP Request: POST https://api.telegram.org/bot7099400053:AAGpkQ978uhK1M3GnFwNoNH04QyNVb4ufsk/getUpdates "HTTP/1.1 409 Conflict"
2025-01-21 19:59:52,792 - __main__ - ERROR - Update None caused error Conflict: terminated by other getUpdates request; make sure that only one bot instance is running
2025-01-21 19:59:58,311 - httpx - INFO - HTTP Request: POST https://api.telegram.org/bot7099400053:AAGpkQ978uhK1M3GnFwNoNH04QyNVb4ufsk/getUpdates "HTTP/1.1 409 Conflict"
2025-01-21 19:59:58,312 - __main__ - ERROR - Update None caused error Conflict: terminated by other getUpdates request; make sure that only one bot instance is running
2025-01-21 20:00:05,207 - httpx - INFO - HTTP Request: POST https://api.telegram.org/bot7099400053:AAGpkQ978uhK1M3GnFwNoNH04QyNVb4ufsk/getUpdates "HTTP/1.1 409 Conflict"
2025-01-21 20:00:05,208 - __main__ - ERROR - Update None caused error Conflict: terminated by other getUpdates request; make sure that only one bot instance is running
2025-01-21 20:00:14,121 - httpx - INFO - HTTP Request: POST https://api.telegram.org/bot7099400053:AAGpkQ978uhK1M3GnFwNoNH04QyNVb4ufsk/getUpdates "HTTP/1.1 409 Conflict"
2025-01-21 20:00:14,122 - __main__ - ERROR - Update None caused error Conflict: terminated by other getUpdates request; make sure that only one bot instance is running
2025-01-21 20:00:25,572 - httpx - INFO - HTTP Request: POST https://api.telegram.org/bot7099400053:AAGpkQ978uhK1M3GnFwNoNH04QyNVb4ufsk/getUpdates "HTTP/1.1 409 Conflict"
2025-01-21 20:00:25,573 - __main__ - ERROR - Update None caused error Conflict: terminated by other getUpdates request; make sure that only one bot instance is running
2025-01-21 20:00:41,101 - httpx - INFO - HTTP Request: POST https://api.telegram.org/bot7099400053:AAGpkQ978uhK1M3GnFwNoNH04QyNVb4ufsk/getUpdates "HTTP/1.1 409 Conflict"
2025-01-21 20:00:41,101 - __main__ - ERROR - Update None caused error Conflict: terminated by other getUpdates request; make sure that only one bot instance is running
2025-01-21 20:01:08,714 - httpx - INFO - HTTP Request: POST https://api.telegram.org/bot7099400053:AAGpkQ978uhK1M3GnFwNoNH04QyNVb4ufsk/getUpdates "HTTP/1.1 200 OK"
2025-01-21 20:01:18,864 - httpx - INFO - HTTP Request: POST https://api.telegram.org/bot7099400053:AAGpkQ978uhK1M3GnFwNoNH04QyNVb4ufsk/getUpdates "HTTP/1.1 200 OK"
2025-01-21 20:01:29,018 - httpx - INFO - HTTP Request: POST https://api.telegram.org/bot7099400053:AAGpkQ978uhK1M3GnFwNoNH04QyNVb4ufsk/getUpdates "HTTP/1.1 200 OK"
2025-01-21 20:01:39,171 - httpx - INFO - HTTP Request: POST https://api.telegram.org/bot7099400053:AAGpkQ978uhK1M3GnFwNoNH04QyNVb4ufsk/getUpdates "HTTP/1.1 200 OK"
2025-01-21 20:01:49,321 - httpx - INFO - HTTP Request: POST https://api.telegram.org/bot7099400053:AAGpkQ978uhK1M3GnFwNoNH04QyNVb4ufsk/getUpdates "HTTP/1.1 200 OK"
2025-01-21 20:01:59,480 - httpx - INFO - HTTP Request: POST https://api.telegram.org/bot7099400053:AAGpkQ978uhK1M3GnFwNoNH04QyNVb4ufsk/getUpdates "HTTP/1.1 200 OK"
2025-01-21 20:02:09,633 - httpx - INFO - HTTP Request: POST https://api.telegram.org/bot7099400053:AAGpkQ978uhK1M3GnFwNoNH04QyNVb4ufsk/getUpdates "HTTP/1.1 200 OK"
2025-01-21 20:02:19,792 - httpx - INFO - HTTP Request: POST https://api.telegram.org/bot7099400053:AAGpkQ978uhK1M3GnFwNoNH04QyNVb4ufsk/getUpdates "HTTP/1.1 200 OK"
2025-01-21 20:02:29,942 - httpx - INFO - HTTP Request: POST https://api.telegram.org/bot7099400053:AAGpkQ978uhK1M3GnFwNoNH04QyNVb4ufsk/getUpdates "HTTP/1.1 200 OK"
2025-01-21 20:02:40,093 - httpx - INFO - HTTP Request: POST https://api.telegram.org/bot7099400053:AAGpkQ978uhK1M3GnFwNoNH04QyNVb4ufsk/getUpdates "HTTP/1.1 200 OK"
2025-01-21 20:02:45,766 - httpx - INFO - HTTP Request: POST https://api.telegram.org/bot7099400053:AAGpkQ978uhK1M3GnFwNoNH04QyNVb4ufsk/getUpdates "HTTP/1.1 200 OK"
2025-01-21 20:02:45,766 - telegram.ext.Application - INFO - Application is stopping. This might take a moment.
2025-01-21 20:02:45,766 - telegram.ext.Application - INFO - Application.stop() complete
2025-01-21 20:02:45,767 - __main__ - INFO - Bot started successfully
2025-01-21 20:15:47,702 - httpx - INFO - HTTP Request: POST https://api.telegram.org/bot7099400053:AAGpkQ978uhK1M3GnFwNoNH04QyNVb4ufsk/getMe "HTTP/1.1 200 OK"
2025-01-21 20:15:47,855 - httpx - INFO - HTTP Request: POST https://api.telegram.org/bot7099400053:AAGpkQ978uhK1M3GnFwNoNH04QyNVb4ufsk/deleteWebhook "HTTP/1.1 200 OK"
2025-01-21 20:15:47,856 - telegram.ext.Application - INFO - Application started
2025-01-21 20:15:58,316 - httpx - INFO - HTTP Request: POST https://api.telegram.org/bot7099400053:AAGpkQ978uhK1M3GnFwNoNH04QyNVb4ufsk/getUpdates "HTTP/1.1 200 OK"
2025-01-21 20:16:08,472 - httpx - INFO - HTTP Request: POST https://api.telegram.org/bot7099400053:AAGpkQ978uhK1M3GnFwNoNH04QyNVb4ufsk/getUpdates "HTTP/1.1 200 OK"
2025-01-21 20:16:18,628 - httpx - INFO - HTTP Request: POST https://api.telegram.org/bot7099400053:AAGpkQ978uhK1M3GnFwNoNH04QyNVb4ufsk/getUpdates "HTTP/1.1 200 OK"
2025-01-21 20:16:28,786 - httpx - INFO - HTTP Request: POST https://api.telegram.org/bot7099400053:AAGpkQ978uhK1M3GnFwNoNH04QyNVb4ufsk/getUpdates "HTTP/1.1 200 OK"
2025-01-21 20:16:38,944 - httpx - INFO - HTTP Request: POST https://api.telegram.org/bot7099400053:AAGpkQ978uhK1M3GnFwNoNH04QyNVb4ufsk/getUpdates "HTTP/1.1 200 OK"
2025-01-21 20:16:49,097 - httpx - INFO - HTTP Request: POST https://api.telegram.org/bot7099400053:AAGpkQ978uhK1M3GnFwNoNH04QyNVb4ufsk/getUpdates "HTTP/1.1 200 OK"
2025-01-21 20:16:59,257 - httpx - INFO - HTTP Request: POST https://api.telegram.org/bot7099400053:AAGpkQ978uhK1M3GnFwNoNH04QyNVb4ufsk/getUpdates "HTTP/1.1 200 OK"
2025-01-21 20:17:09,411 - httpx - INFO - HTTP Request: POST https://api.telegram.org/bot7099400053:AAGpkQ978uhK1M3GnFwNoNH04QyNVb4ufsk/getUpdates "HTTP/1.1 200 OK"
2025-01-21 20:17:19,565 - httpx - INFO - HTTP Request: POST https://api.telegram.org/bot7099400053:AAGpkQ978uhK1M3GnFwNoNH04QyNVb4ufsk/getUpdates "HTTP/1.1 200 OK"
2025-01-21 20:17:29,718 - httpx - INFO - HTTP Request: POST https://api.telegram.org/bot7099400053:AAGpkQ978uhK1M3GnFwNoNH04QyNVb4ufsk/getUpdates "HTTP/1.1 200 OK"
2025-01-21 20:17:39,874 - httpx - INFO - HTTP Request: POST https://api.telegram.org/bot7099400053:AAGpkQ978uhK1M3GnFwNoNH04QyNVb4ufsk/getUpdates "HTTP/1.1 200 OK"
2025-01-21 20:17:50,028 - httpx - INFO - HTTP Request: POST https://api.telegram.org/bot7099400053:AAGpkQ978uhK1M3GnFwNoNH04QyNVb4ufsk/getUpdates "HTTP/1.1 200 OK"
2025-01-21 20:18:00,198 - httpx - INFO - HTTP Request: POST https://api.telegram.org/bot7099400053:AAGpkQ978uhK1M3GnFwNoNH04QyNVb4ufsk/getUpdates "HTTP/1.1 200 OK"
2025-01-21 20:18:10,364 - httpx - INFO - HTTP Request: POST https://api.telegram.org/bot7099400053:AAGpkQ978uhK1M3GnFwNoNH04QyNVb4ufsk/getUpdates "HTTP/1.1 200 OK"
2025-01-21 20:18:20,520 - httpx - INFO - HTTP Request: POST https://api.telegram.org/bot7099400053:AAGpkQ978uhK1M3GnFwNoNH04QyNVb4ufsk/getUpdates "HTTP/1.1 200 OK"
2025-01-21 20:18:30,699 - httpx - INFO - HTTP Request: POST https://api.telegram.org/bot7099400053:AAGpkQ978uhK1M3GnFwNoNH04QyNVb4ufsk/getUpdates "HTTP/1.1 200 OK"
2025-01-21 20:18:36,580 - httpx - INFO - HTTP Request: POST https://api.telegram.org/bot7099400053:AAGpkQ978uhK1M3GnFwNoNH04QyNVb4ufsk/getUpdates "HTTP/1.1 200 OK"
2025-01-21 20:18:36,580 - telegram.ext.Application - INFO - Application is stopping. This might take a moment.
2025-01-21 20:18:36,580 - telegram.ext.Application - INFO - Application.stop() complete
2025-01-21 20:18:36,581 - __main__ - INFO - Bot started successfully
2025-01-21 20:18:37,424 - httpx - INFO - HTTP Request: POST https://api.telegram.org/bot7099400053:AAGpkQ978uhK1M3GnFwNoNH04QyNVb4ufsk/getMe "HTTP/1.1 200 OK"
2025-01-21 20:18:37,581 - httpx - INFO - HTTP Request: POST https://api.telegram.org/bot7099400053:AAGpkQ978uhK1M3GnFwNoNH04QyNVb4ufsk/deleteWebhook "HTTP/1.1 200 OK"
2025-01-21 20:18:37,582 - telegram.ext.Application - INFO - Application started
2025-01-21 20:18:41,194 - httpx - INFO - HTTP Request: POST https://api.telegram.org/bot7099400053:AAGpkQ978uhK1M3GnFwNoNH04QyNVb4ufsk/getUpdates "HTTP/1.1 409 Conflict"
2025-01-21 20:18:41,195 - __main__ - ERROR - Update None caused error Conflict: terminated by other getUpdates request; make sure that only one bot instance is running
2025-01-21 20:18:45,326 - httpx - INFO - HTTP Request: POST https://api.telegram.org/bot7099400053:AAGpkQ978uhK1M3GnFwNoNH04QyNVb4ufsk/getUpdates "HTTP/1.1 409 Conflict"
2025-01-21 20:18:45,327 - __main__ - ERROR - Update None caused error Conflict: terminated by other getUpdates request; make sure that only one bot instance is running
2025-01-21 20:18:52,800 - httpx - INFO - HTTP Request: POST https://api.telegram.org/bot7099400053:AAGpkQ978uhK1M3GnFwNoNH04QyNVb4ufsk/getUpdates "HTTP/1.1 409 Conflict"
2025-01-21 20:18:52,801 - __main__ - ERROR - Update None caused error Conflict: terminated by other getUpdates request; make sure that only one bot instance is running
2025-01-21 20:18:57,559 - httpx - INFO - HTTP Request: POST https://api.telegram.org/bot7099400053:AAGpkQ978uhK1M3GnFwNoNH04QyNVb4ufsk/getUpdates "HTTP/1.1 409 Conflict"
2025-01-21 20:18:57,559 - __main__ - ERROR - Update None caused error Conflict: terminated by other getUpdates request; make sure that only one bot instance is running
2025-01-21 20:19:01,270 - httpx - INFO - HTTP Request: POST https://api.telegram.org/bot7099400053:AAGpkQ978uhK1M3GnFwNoNH04QyNVb4ufsk/getUpdates "HTTP/1.1 409 Conflict"
2025-01-21 20:19:01,271 - __main__ - ERROR - Update None caused error Conflict: terminated by other getUpdates request; make sure that only one bot instance is running
2025-01-21 20:19:10,956 - httpx - INFO - HTTP Request: POST https://api.telegram.org/bot7099400053:AAGpkQ978uhK1M3GnFwNoNH04QyNVb4ufsk/getUpdates "HTTP/1.1 409 Conflict"
2025-01-21 20:19:10,957 - __main__ - ERROR - Update None caused error Conflict: terminated by other getUpdates request; make sure that only one bot instance is running
2025-01-21 20:19:19,385 - httpx - INFO - HTTP Request: POST https://api.telegram.org/bot7099400053:AAGpkQ978uhK1M3GnFwNoNH04QyNVb4ufsk/getUpdates "HTTP/1.1 409 Conflict"
2025-01-21 20:19:19,386 - __main__ - ERROR - Update None caused error Conflict: terminated by other getUpdates request; make sure that only one bot instance is running
2025-01-21 20:19:34,868 - httpx - INFO - HTTP Request: POST https://api.telegram.org/bot7099400053:AAGpkQ978uhK1M3GnFwNoNH04QyNVb4ufsk/getUpdates "HTTP/1.1 409 Conflict"
2025-01-21 20:19:34,869 - __main__ - ERROR - Update None caused error Conflict: terminated by other getUpdates request; make sure that only one bot instance is running
2025-01-21 20:19:56,066 - httpx - INFO - HTTP Request: POST https://api.telegram.org/bot7099400053:AAGpkQ978uhK1M3GnFwNoNH04QyNVb4ufsk/getUpdates "HTTP/1.1 409 Conflict"
2025-01-21 20:19:56,067 - __main__ - ERROR - Update None caused error Conflict: terminated by other getUpdates request; make sure that only one bot instance is running
2025-01-21 20:20:32,212 - httpx - INFO - HTTP Request: POST https://api.telegram.org/bot7099400053:AAGpkQ978uhK1M3GnFwNoNH04QyNVb4ufsk/getUpdates "HTTP/1.1 200 OK"
2025-01-21 20:20:42,367 - httpx - INFO - HTTP Request: POST https://api.telegram.org/bot7099400053:AAGpkQ978uhK1M3GnFwNoNH04QyNVb4ufsk/getUpdates "HTTP/1.1 200 OK"
2025-01-21 20:20:52,525 - httpx - INFO - HTTP Request: POST https://api.telegram.org/bot7099400053:AAGpkQ978uhK1M3GnFwNoNH04QyNVb4ufsk/getUpdates "HTTP/1.1 200 OK"
2025-01-21 20:21:02,679 - httpx - INFO - HTTP Request: POST https://api.telegram.org/bot7099400053:AAGpkQ978uhK1M3GnFwNoNH04QyNVb4ufsk/getUpdates "HTTP/1.1 200 OK"
2025-01-21 20:21:12,835 - httpx - INFO - HTTP Request: POST https://api.telegram.org/bot7099400053:AAGpkQ978uhK1M3GnFwNoNH04QyNVb4ufsk/getUpdates "HTTP/1.1 200 OK"
2025-01-21 20:21:22,989 - httpx - INFO - HTTP Request: POST https://api.telegram.org/bot7099400053:AAGpkQ978uhK1M3GnFwNoNH04QyNVb4ufsk/getUpdates "HTTP/1.1 200 OK"
2025-01-21 20:21:33,144 - httpx - INFO - HTTP Request: POST https://api.telegram.org/bot7099400053:AAGpkQ978uhK1M3GnFwNoNH04QyNVb4ufsk/getUpdates "HTTP/1.1 200 OK"
2025-01-21 20:21:43,298 - httpx - INFO - HTTP Request: POST https://api.telegram.org/bot7099400053:AAGpkQ978uhK1M3GnFwNoNH04QyNVb4ufsk/getUpdates "HTTP/1.1 200 OK"
2025-01-21 20:21:53,453 - httpx - INFO - HTTP Request: POST https://api.telegram.org/bot7099400053:AAGpkQ978uhK1M3GnFwNoNH04QyNVb4ufsk/getUpdates "HTTP/1.1 200 OK"
2025-01-21 20:22:03,607 - httpx - INFO - HTTP Request: POST https://api.telegram.org/bot7099400053:AAGpkQ978uhK1M3GnFwNoNH04QyNVb4ufsk/getUpdates "HTTP/1.1 200 OK"
2025-01-21 20:22:13,761 - httpx - INFO - HTTP Request: POST https://api.telegram.org/bot7099400053:AAGpkQ978uhK1M3GnFwNoNH04QyNVb4ufsk/getUpdates "HTTP/1.1 200 OK"
2025-01-21 20:22:23,916 - httpx - INFO - HTTP Request: POST https://api.telegram.org/bot7099400053:AAGpkQ978uhK1M3GnFwNoNH04QyNVb4ufsk/getUpdates "HTTP/1.1 200 OK"
2025-01-21 20:22:34,069 - httpx - INFO - HTTP Request: POST https://api.telegram.org/bot7099400053:AAGpkQ978uhK1M3GnFwNoNH04QyNVb4ufsk/getUpdates "HTTP/1.1 200 OK"
2025-01-21 20:22:44,224 - httpx - INFO - HTTP Request: POST https://api.telegram.org/bot7099400053:AAGpkQ978uhK1M3GnFwNoNH04QyNVb4ufsk/getUpdates "HTTP/1.1 200 OK"
2025-01-21 20:22:54,377 - httpx - INFO - HTTP Request: POST https://api.telegram.org/bot7099400053:AAGpkQ978uhK1M3GnFwNoNH04QyNVb4ufsk/getUpdates "HTTP/1.1 200 OK"
2025-01-21 20:23:04,531 - httpx - INFO - HTTP Request: POST https://api.telegram.org/bot7099400053:AAGpkQ978uhK1M3GnFwNoNH04QyNVb4ufsk/getUpdates "HTTP/1.1 200 OK"
2025-01-21 20:23:14,686 - httpx - INFO - HTTP Request: POST https://api.telegram.org/bot7099400053:AAGpkQ978uhK1M3GnFwNoNH04QyNVb4ufsk/getUpdates "HTTP/1.1 200 OK"
2025-01-21 20:23:24,840 - httpx - INFO - HTTP Request: POST https://api.telegram.org/bot7099400053:AAGpkQ978uhK1M3GnFwNoNH04QyNVb4ufsk/getUpdates "HTTP/1.1 200 OK"
2025-01-21 20:23:34,993 - httpx - INFO - HTTP Request: POST https://api.telegram.org/bot7099400053:AAGpkQ978uhK1M3GnFwNoNH04QyNVb4ufsk/getUpdates "HTTP/1.1 200 OK"
2025-01-21 20:23:45,147 - httpx - INFO - HTTP Request: POST https://api.telegram.org/bot7099400053:AAGpkQ978uhK1M3GnFwNoNH04QyNVb4ufsk/getUpdates "HTTP/1.1 200 OK"
2025-01-21 20:23:55,302 - httpx - INFO - HTTP Request: POST https://api.telegram.org/bot7099400053:AAGpkQ978uhK1M3GnFwNoNH04QyNVb4ufsk/getUpdates "HTTP/1.1 200 OK"
2025-01-21 20:24:05,684 - httpx - INFO - HTTP Request: POST https://api.telegram.org/bot7099400053:AAGpkQ978uhK1M3GnFwNoNH04QyNVb4ufsk/getUpdates "HTTP/1.1 200 OK"
2025-01-21 20:24:05,684 - telegram.ext.Application - INFO - Application is stopping. This might take a moment.
2025-01-21 20:24:05,684 - telegram.ext.Application - INFO - Application.stop() complete
2025-01-21 20:24:05,685 - __main__ - INFO - Bot started successfully
2025-01-21 20:24:06,525 - httpx - INFO - HTTP Request: POST https://api.telegram.org/bot7099400053:AAGpkQ978uhK1M3GnFwNoNH04QyNVb4ufsk/getMe "HTTP/1.1 200 OK"
2025-01-21 20:24:06,678 - httpx - INFO - HTTP Request: POST https://api.telegram.org/bot7099400053:AAGpkQ978uhK1M3GnFwNoNH04QyNVb4ufsk/deleteWebhook "HTTP/1.1 200 OK"
2025-01-21 20:24:06,679 - telegram.ext.Application - INFO - Application started
2025-01-21 20:24:07,304 - httpx - INFO - HTTP Request: POST https://api.telegram.org/bot7099400053:AAGpkQ978uhK1M3GnFwNoNH04QyNVb4ufsk/getUpdates "HTTP/1.1 409 Conflict"
2025-01-21 20:24:07,305 - telegram.ext.Updater - ERROR - Error while getting Updates: Conflict: terminated by other getUpdates request; make sure that only one bot instance is running
2025-01-21 20:24:07,305 - __main__ - ERROR - Update None caused error Conflict: terminated by other getUpdates request; make sure that only one bot instance is running
2025-01-21 20:24:14,425 - httpx - INFO - HTTP Request: POST https://api.telegram.org/bot7099400053:AAGpkQ978uhK1M3GnFwNoNH04QyNVb4ufsk/getUpdates "HTTP/1.1 409 Conflict"
2025-01-21 20:24:14,426 - telegram.ext.Updater - ERROR - Error while getting Updates: Conflict: terminated by other getUpdates request; make sure that only one bot instance is running
2025-01-21 20:24:14,426 - __main__ - ERROR - Update None caused error Conflict: terminated by other getUpdates request; make sure that only one bot instance is running
2025-01-21 20:24:21,730 - httpx - INFO - HTTP Request: POST https://api.telegram.org/bot7099400053:AAGpkQ978uhK1M3GnFwNoNH04QyNVb4ufsk/getUpdates "HTTP/1.1 409 Conflict"
2025-01-21 20:24:21,731 - telegram.ext.Updater - ERROR - Error while getting Updates: Conflict: terminated by other getUpdates request; make sure that only one bot instance is running
2025-01-21 20:24:21,731 - __main__ - ERROR - Update None caused error Conflict: terminated by other getUpdates request; make sure that only one bot instance is running
2025-01-21 20:24:27,311 - httpx - INFO - HTTP Request: POST https://api.telegram.org/bot7099400053:AAGpkQ978uhK1M3GnFwNoNH04QyNVb4ufsk/getUpdates "HTTP/1.1 409 Conflict"
2025-01-21 20:24:27,312 - telegram.ext.Updater - ERROR - Error while getting Updates: Conflict: terminated by other getUpdates request; make sure that only one bot instance is running
2025-01-21 20:24:27,312 - __main__ - ERROR - Update None caused error Conflict: terminated by other getUpdates request; make sure that only one bot instance is running
2025-01-21 20:24:34,018 - httpx - INFO - HTTP Request: POST https://api.telegram.org/bot7099400053:AAGpkQ978uhK1M3GnFwNoNH04QyNVb4ufsk/getUpdates "HTTP/1.1 409 Conflict"
2025-01-21 20:24:34,019 - telegram.ext.Updater - ERROR - Error while getting Updates: Conflict: terminated by other getUpdates request; make sure that only one bot instance is running
2025-01-21 20:24:34,019 - __main__ - ERROR - Update None caused error Conflict: terminated by other getUpdates request; make sure that only one bot instance is running
2025-01-21 20:24:42,715 - httpx - INFO - HTTP Request: POST https://api.telegram.org/bot7099400053:AAGpkQ978uhK1M3GnFwNoNH04QyNVb4ufsk/getUpdates "HTTP/1.1 409 Conflict"
2025-01-21 20:24:42,716 - telegram.ext.Updater - ERROR - Error while getting Updates: Conflict: terminated by other getUpdates request; make sure that only one bot instance is running
2025-01-21 20:24:42,716 - __main__ - ERROR - Update None caused error Conflict: terminated by other getUpdates request; make sure that only one bot instance is running
2025-01-21 20:24:53,950 - httpx - INFO - HTTP Request: POST https://api.telegram.org/bot7099400053:AAGpkQ978uhK1M3GnFwNoNH04QyNVb4ufsk/getUpdates "HTTP/1.1 409 Conflict"
2025-01-21 20:24:53,950 - telegram.ext.Updater - ERROR - Error while getting Updates: Conflict: terminated by other getUpdates request; make sure that only one bot instance is running
2025-01-21 20:24:53,950 - __main__ - ERROR - Update None caused error Conflict: terminated by other getUpdates request; make sure that only one bot instance is running
2025-01-21 20:25:09,011 - httpx - INFO - HTTP Request: POST https://api.telegram.org/bot7099400053:AAGpkQ978uhK1M3GnFwNoNH04QyNVb4ufsk/getUpdates "HTTP/1.1 409 Conflict"
2025-01-21 20:25:09,012 - telegram.ext.Updater - ERROR - Error while getting Updates: Conflict: terminated by other getUpdates request; make sure that only one bot instance is running
2025-01-21 20:25:09,012 - __main__ - ERROR - Update None caused error Conflict: terminated by other getUpdates request; make sure that only one bot instance is running
2025-01-21 20:25:30,364 - httpx - INFO - HTTP Request: POST https://api.telegram.org/bot7099400053:AAGpkQ978uhK1M3GnFwNoNH04QyNVb4ufsk/getUpdates "HTTP/1.1 409 Conflict"
2025-01-21 20:25:30,364 - telegram.ext.Updater - ERROR - Error while getting Updates: Conflict: terminated by other getUpdates request; make sure that only one bot instance is running
2025-01-21 20:25:30,364 - __main__ - ERROR - Update None caused error Conflict: terminated by other getUpdates request; make sure that only one bot instance is running
2025-01-21 20:26:06,473 - httpx - INFO - HTTP Request: POST https://api.telegram.org/bot7099400053:AAGpkQ978uhK1M3GnFwNoNH04QyNVb4ufsk/getUpdates "HTTP/1.1 200 OK"
2025-01-21 20:26:16,627 - httpx - INFO - HTTP Request: POST https://api.telegram.org/bot7099400053:AAGpkQ978uhK1M3GnFwNoNH04QyNVb4ufsk/getUpdates "HTTP/1.1 200 OK"
2025-01-21 20:26:26,782 - httpx - INFO - HTTP Request: POST https://api.telegram.org/bot7099400053:AAGpkQ978uhK1M3GnFwNoNH04QyNVb4ufsk/getUpdates "HTTP/1.1 200 OK"
2025-01-21 20:26:36,937 - httpx - INFO - HTTP Request: POST https://api.telegram.org/bot7099400053:AAGpkQ978uhK1M3GnFwNoNH04QyNVb4ufsk/getUpdates "HTTP/1.1 200 OK"
2025-01-21 20:26:47,096 - httpx - INFO - HTTP Request: POST https://api.telegram.org/bot7099400053:AAGpkQ978uhK1M3GnFwNoNH04QyNVb4ufsk/getUpdates "HTTP/1.1 200 OK"
2025-01-21 20:26:57,249 - httpx - INFO - HTTP Request: POST https://api.telegram.org/bot7099400053:AAGpkQ978uhK1M3GnFwNoNH04QyNVb4ufsk/getUpdates "HTTP/1.1 200 OK"
2025-01-21 20:27:07,401 - httpx - INFO - HTTP Request: POST https://api.telegram.org/bot7099400053:AAGpkQ978uhK1M3GnFwNoNH04QyNVb4ufsk/getUpdates "HTTP/1.1 200 OK"
2025-01-21 20:27:11,054 - httpx - INFO - HTTP Request: POST https://api.telegram.org/bot7099400053:AAGpkQ978uhK1M3GnFwNoNH04QyNVb4ufsk/getUpdates "HTTP/1.1 200 OK"
2025-01-21 20:27:11,055 - telegram.ext.Application - INFO - Application is stopping. This might take a moment.
2025-01-21 20:27:11,055 - telegram.ext.Application - INFO - Application.stop() complete
2025-01-21 20:27:11,056 - __main__ - INFO - Bot started successfully
2025-01-21 20:27:14,247 - httpx - INFO - HTTP Request: POST https://api.telegram.org/bot7099400053:AAGpkQ978uhK1M3GnFwNoNH04QyNVb4ufsk/getMe "HTTP/1.1 200 OK"
2025-01-21 20:27:14,403 - httpx - INFO - HTTP Request: POST https://api.telegram.org/bot7099400053:AAGpkQ978uhK1M3GnFwNoNH04QyNVb4ufsk/deleteWebhook "HTTP/1.1 200 OK"
2025-01-21 20:27:14,404 - telegram.ext.Application - INFO - Application started
2025-01-21 20:27:18,002 - httpx - INFO - HTTP Request: POST https://api.telegram.org/bot7099400053:AAGpkQ978uhK1M3GnFwNoNH04QyNVb4ufsk/getUpdates "HTTP/1.1 409 Conflict"
2025-01-21 20:27:18,003 - telegram.ext.Updater - ERROR - Error while getting Updates: Conflict: terminated by other getUpdates request; make sure that only one bot instance is running
2025-01-21 20:27:18,003 - __main__ - ERROR - Update None caused error Conflict: terminated by other getUpdates request; make sure that only one bot instance is running
2025-01-21 20:27:22,126 - httpx - INFO - HTTP Request: POST https://api.telegram.org/bot7099400053:AAGpkQ978uhK1M3GnFwNoNH04QyNVb4ufsk/getUpdates "HTTP/1.1 409 Conflict"
2025-01-21 20:27:22,127 - telegram.ext.Updater - ERROR - Error while getting Updates: Conflict: terminated by other getUpdates request; make sure that only one bot instance is running
2025-01-21 20:27:22,127 - __main__ - ERROR - Update None caused error Conflict: terminated by other getUpdates request; make sure that only one bot instance is running
2025-01-21 20:27:29,323 - httpx - INFO - HTTP Request: POST https://api.telegram.org/bot7099400053:AAGpkQ978uhK1M3GnFwNoNH04QyNVb4ufsk/getUpdates "HTTP/1.1 409 Conflict"
2025-01-21 20:27:29,323 - telegram.ext.Updater - ERROR - Error while getting Updates: Conflict: terminated by other getUpdates request; make sure that only one bot instance is running
2025-01-21 20:27:29,324 - __main__ - ERROR - Update None caused error Conflict: terminated by other getUpdates request; make sure that only one bot instance is running
2025-01-21 20:27:34,625 - httpx - INFO - HTTP Request: POST https://api.telegram.org/bot7099400053:AAGpkQ978uhK1M3GnFwNoNH04QyNVb4ufsk/getUpdates "HTTP/1.1 409 Conflict"
2025-01-21 20:27:34,626 - telegram.ext.Updater - ERROR - Error while getting Updates: Conflict: terminated by other getUpdates request; make sure that only one bot instance is running
2025-01-21 20:27:34,626 - __main__ - ERROR - Update None caused error Conflict: terminated by other getUpdates request; make sure that only one bot instance is running
2025-01-21 20:27:39,278 - httpx - INFO - HTTP Request: POST https://api.telegram.org/bot7099400053:AAGpkQ978uhK1M3GnFwNoNH04QyNVb4ufsk/getUpdates "HTTP/1.1 409 Conflict"
2025-01-21 20:27:39,279 - telegram.ext.Updater - ERROR - Error while getting Updates: Conflict: terminated by other getUpdates request; make sure that only one bot instance is running
2025-01-21 20:27:39,279 - __main__ - ERROR - Update None caused error Conflict: terminated by other getUpdates request; make sure that only one bot instance is running
2025-01-21 20:27:47,981 - httpx - INFO - HTTP Request: POST https://api.telegram.org/bot7099400053:AAGpkQ978uhK1M3GnFwNoNH04QyNVb4ufsk/getUpdates "HTTP/1.1 409 Conflict"
2025-01-21 20:27:47,982 - telegram.ext.Updater - ERROR - Error while getting Updates: Conflict: terminated by other getUpdates request; make sure that only one bot instance is running
2025-01-21 20:27:47,982 - __main__ - ERROR - Update None caused error Conflict: terminated by other getUpdates request; make sure that only one bot instance is running
2025-01-21 20:28:00,904 - httpx - INFO - HTTP Request: POST https://api.telegram.org/bot7099400053:AAGpkQ978uhK1M3GnFwNoNH04QyNVb4ufsk/getUpdates "HTTP/1.1 409 Conflict"
2025-01-21 20:28:00,905 - telegram.ext.Updater - ERROR - Error while getting Updates: Conflict: terminated by other getUpdates request; make sure that only one bot instance is running
2025-01-21 20:28:00,905 - __main__ - ERROR - Update None caused error Conflict: terminated by other getUpdates request; make sure that only one bot instance is running
2025-01-21 20:28:15,941 - httpx - INFO - HTTP Request: POST https://api.telegram.org/bot7099400053:AAGpkQ978uhK1M3GnFwNoNH04QyNVb4ufsk/getUpdates "HTTP/1.1 409 Conflict"
2025-01-21 20:28:15,942 - telegram.ext.Updater - ERROR - Error while getting Updates: Conflict: terminated by other getUpdates request; make sure that only one bot instance is running
2025-01-21 20:28:15,942 - __main__ - ERROR - Update None caused error Conflict: terminated by other getUpdates request; make sure that only one bot instance is running
2025-01-21 20:28:36,799 - httpx - INFO - HTTP Request: POST https://api.telegram.org/bot7099400053:AAGpkQ978uhK1M3GnFwNoNH04QyNVb4ufsk/getUpdates "HTTP/1.1 409 Conflict"
2025-01-21 20:28:36,799 - telegram.ext.Updater - ERROR - Error while getting Updates: Conflict: terminated by other getUpdates request; make sure that only one bot instance is running
2025-01-21 20:28:36,800 - __main__ - ERROR - Update None caused error Conflict: terminated by other getUpdates request; make sure that only one bot instance is running
2025-01-21 20:29:06,119 - httpx - INFO - HTTP Request: POST https://api.telegram.org/bot7099400053:AAGpkQ978uhK1M3GnFwNoNH04QyNVb4ufsk/getUpdates "HTTP/1.1 409 Conflict"
2025-01-21 20:29:06,120 - telegram.ext.Updater - ERROR - Error while getting Updates: Conflict: terminated by other getUpdates request; make sure that only one bot instance is running
2025-01-21 20:29:06,120 - __main__ - ERROR - Update None caused error Conflict: terminated by other getUpdates request; make sure that only one bot instance is running
2025-01-21 20:29:41,479 - httpx - INFO - HTTP Request: POST https://api.telegram.org/bot7099400053:AAGpkQ978uhK1M3GnFwNoNH04QyNVb4ufsk/getUpdates "HTTP/1.1 409 Conflict"
2025-01-21 20:29:41,479 - telegram.ext.Updater - ERROR - Error while getting Updates: Conflict: terminated by other getUpdates request; make sure that only one bot instance is running
2025-01-21 20:29:41,480 - __main__ - ERROR - Update None caused error Conflict: terminated by other getUpdates request; make sure that only one bot instance is running
2025-01-21 20:30:15,162 - httpx - INFO - HTTP Request: POST https://api.telegram.org/bot7099400053:AAGpkQ978uhK1M3GnFwNoNH04QyNVb4ufsk/getUpdates "HTTP/1.1 409 Conflict"
2025-01-21 20:30:15,162 - telegram.ext.Updater - ERROR - Error while getting Updates: Conflict: terminated by other getUpdates request; make sure that only one bot instance is running
2025-01-21 20:30:15,163 - __main__ - ERROR - Update None caused error Conflict: terminated by other getUpdates request; make sure that only one bot instance is running
2025-01-21 20:30:48,793 - httpx - INFO - HTTP Request: POST https://api.telegram.org/bot7099400053:AAGpkQ978uhK1M3GnFwNoNH04QyNVb4ufsk/getUpdates "HTTP/1.1 409 Conflict"
2025-01-21 20:30:48,794 - telegram.ext.Updater - ERROR - Error while getting Updates: Conflict: terminated by other getUpdates request; make sure that only one bot instance is running
2025-01-21 20:30:48,794 - __main__ - ERROR - Update None caused error Conflict: terminated by other getUpdates request; make sure that only one bot instance is running
2025-01-21 20:31:24,300 - httpx - INFO - HTTP Request: POST https://api.telegram.org/bot7099400053:AAGpkQ978uhK1M3GnFwNoNH04QyNVb4ufsk/getUpdates "HTTP/1.1 409 Conflict"
2025-01-21 20:31:24,300 - telegram.ext.Updater - ERROR - Error while getting Updates: Conflict: terminated by other getUpdates request; make sure that only one bot instance is running
2025-01-21 20:31:24,301 - __main__ - ERROR - Update None caused error Conflict: terminated by other getUpdates request; make sure that only one bot instance is running
2025-01-21 20:31:58,001 - httpx - INFO - HTTP Request: POST https://api.telegram.org/bot7099400053:AAGpkQ978uhK1M3GnFwNoNH04QyNVb4ufsk/getUpdates "HTTP/1.1 409 Conflict"
2025-01-21 20:31:58,002 - telegram.ext.Updater - ERROR - Error while getting Updates: Conflict: terminated by other getUpdates request; make sure that only one bot instance is running
2025-01-21 20:31:58,002 - __main__ - ERROR - Update None caused error Conflict: terminated by other getUpdates request; make sure that only one bot instance is running
2025-01-21 20:32:31,707 - httpx - INFO - HTTP Request: POST https://api.telegram.org/bot7099400053:AAGpkQ978uhK1M3GnFwNoNH04QyNVb4ufsk/getUpdates "HTTP/1.1 409 Conflict"
2025-01-21 20:32:31,707 - telegram.ext.Updater - ERROR - Error while getting Updates: Conflict: terminated by other getUpdates request; make sure that only one bot instance is running
2025-01-21 20:32:31,707 - __main__ - ERROR - Update None caused error Conflict: terminated by other getUpdates request; make sure that only one bot instance is running
2025-01-21 20:33:05,391 - httpx - INFO - HTTP Request: POST https://api.telegram.org/bot7099400053:AAGpkQ978uhK1M3GnFwNoNH04QyNVb4ufsk/getUpdates "HTTP/1.1 409 Conflict"
2025-01-21 20:33:05,392 - telegram.ext.Updater - ERROR - Error while getting Updates: Conflict: terminated by other getUpdates request; make sure that only one bot instance is running
2025-01-21 20:33:05,392 - __main__ - ERROR - Update None caused error Conflict: terminated by other getUpdates request; make sure that only one bot instance is running
2025-01-21 20:33:11,324 - httpx - INFO - HTTP Request: POST https://api.telegram.org/bot7099400053:AAGpkQ978uhK1M3GnFwNoNH04QyNVb4ufsk/getUpdates "HTTP/1.1 200 OK"
2025-01-21 20:33:11,324 - telegram.ext.Application - INFO - Application is stopping. This might take a moment.
2025-01-21 20:33:11,325 - telegram.ext.Application - INFO - Application.stop() complete
2025-01-21 20:33:11,325 - __main__ - INFO - Bot started successfully
2025-01-21 20:33:14,174 - httpx - INFO - HTTP Request: POST https://api.telegram.org/bot7099400053:AAGpkQ978uhK1M3GnFwNoNH04QyNVb4ufsk/getMe "HTTP/1.1 200 OK"
2025-01-21 20:33:14,327 - httpx - INFO - HTTP Request: POST https://api.telegram.org/bot7099400053:AAGpkQ978uhK1M3GnFwNoNH04QyNVb4ufsk/deleteWebhook "HTTP/1.1 200 OK"
2025-01-21 20:33:14,328 - telegram.ext.Application - INFO - Application started
2025-01-21 20:33:16,942 - httpx - INFO - HTTP Request: POST https://api.telegram.org/bot7099400053:AAGpkQ978uhK1M3GnFwNoNH04QyNVb4ufsk/getUpdates "HTTP/1.1 409 Conflict"
2025-01-21 20:33:16,942 - telegram.ext.Updater - ERROR - Error while getting Updates: Conflict: terminated by other getUpdates request; make sure that only one bot instance is running
2025-01-21 20:33:16,942 - __main__ - ERROR - Update None caused error Conflict: terminated by other getUpdates request; make sure that only one bot instance is running
2025-01-21 20:33:24,086 - httpx - INFO - HTTP Request: POST https://api.telegram.org/bot7099400053:AAGpkQ978uhK1M3GnFwNoNH04QyNVb4ufsk/getUpdates "HTTP/1.1 409 Conflict"
2025-01-21 20:33:24,087 - telegram.ext.Updater - ERROR - Error while getting Updates: Conflict: terminated by other getUpdates request; make sure that only one bot instance is running
2025-01-21 20:33:24,087 - __main__ - ERROR - Update None caused error Conflict: terminated by other getUpdates request; make sure that only one bot instance is running
2025-01-21 20:33:31,231 - httpx - INFO - HTTP Request: POST https://api.telegram.org/bot7099400053:AAGpkQ978uhK1M3GnFwNoNH04QyNVb4ufsk/getUpdates "HTTP/1.1 409 Conflict"
2025-01-21 20:33:31,232 - telegram.ext.Updater - ERROR - Error while getting Updates: Conflict: terminated by other getUpdates request; make sure that only one bot instance is running
2025-01-21 20:33:31,232 - __main__ - ERROR - Update None caused error Conflict: terminated by other getUpdates request; make sure that only one bot instance is running
2025-01-21 20:33:36,541 - httpx - INFO - HTTP Request: POST https://api.telegram.org/bot7099400053:AAGpkQ978uhK1M3GnFwNoNH04QyNVb4ufsk/getUpdates "HTTP/1.1 409 Conflict"
2025-01-21 20:33:36,541 - telegram.ext.Updater - ERROR - Error while getting Updates: Conflict: terminated by other getUpdates request; make sure that only one bot instance is running
2025-01-21 20:33:36,542 - __main__ - ERROR - Update None caused error Conflict: terminated by other getUpdates request; make sure that only one bot instance is running
2025-01-21 20:33:41,312 - httpx - INFO - HTTP Request: POST https://api.telegram.org/bot7099400053:AAGpkQ978uhK1M3GnFwNoNH04QyNVb4ufsk/getUpdates "HTTP/1.1 409 Conflict"
2025-01-21 20:33:41,312 - telegram.ext.Updater - ERROR - Error while getting Updates: Conflict: terminated by other getUpdates request; make sure that only one bot instance is running
2025-01-21 20:33:41,312 - __main__ - ERROR - Update None caused error Conflict: terminated by other getUpdates request; make sure that only one bot instance is running
2025-01-21 20:33:50,005 - httpx - INFO - HTTP Request: POST https://api.telegram.org/bot7099400053:AAGpkQ978uhK1M3GnFwNoNH04QyNVb4ufsk/getUpdates "HTTP/1.1 409 Conflict"
2025-01-21 20:33:50,005 - telegram.ext.Updater - ERROR - Error while getting Updates: Conflict: terminated by other getUpdates request; make sure that only one bot instance is running
2025-01-21 20:33:50,005 - __main__ - ERROR - Update None caused error Conflict: terminated by other getUpdates request; make sure that only one bot instance is running
2025-01-21 20:34:01,247 - httpx - INFO - HTTP Request: POST https://api.telegram.org/bot7099400053:AAGpkQ978uhK1M3GnFwNoNH04QyNVb4ufsk/getUpdates "HTTP/1.1 409 Conflict"
2025-01-21 20:34:01,248 - telegram.ext.Updater - ERROR - Error while getting Updates: Conflict: terminated by other getUpdates request; make sure that only one bot instance is running
2025-01-21 20:34:01,248 - __main__ - ERROR - Update None caused error Conflict: terminated by other getUpdates request; make sure that only one bot instance is running
2025-01-21 20:34:18,012 - httpx - INFO - HTTP Request: POST https://api.telegram.org/bot7099400053:AAGpkQ978uhK1M3GnFwNoNH04QyNVb4ufsk/getUpdates "HTTP/1.1 409 Conflict"
2025-01-21 20:34:18,013 - telegram.ext.Updater - ERROR - Error while getting Updates: Conflict: terminated by other getUpdates request; make sure that only one bot instance is running
2025-01-21 20:34:18,013 - __main__ - ERROR - Update None caused error Conflict: terminated by other getUpdates request; make sure that only one bot instance is running
2025-01-21 20:34:38,805 - httpx - INFO - HTTP Request: POST https://api.telegram.org/bot7099400053:AAGpkQ978uhK1M3GnFwNoNH04QyNVb4ufsk/getUpdates "HTTP/1.1 409 Conflict"
2025-01-21 20:34:38,806 - telegram.ext.Updater - ERROR - Error while getting Updates: Conflict: terminated by other getUpdates request; make sure that only one bot instance is running
2025-01-21 20:34:38,806 - __main__ - ERROR - Update None caused error Conflict: terminated by other getUpdates request; make sure that only one bot instance is running
2025-01-21 20:35:08,133 - httpx - INFO - HTTP Request: POST https://api.telegram.org/bot7099400053:AAGpkQ978uhK1M3GnFwNoNH04QyNVb4ufsk/getUpdates "HTTP/1.1 409 Conflict"
2025-01-21 20:35:08,134 - telegram.ext.Updater - ERROR - Error while getting Updates: Conflict: terminated by other getUpdates request; make sure that only one bot instance is running
2025-01-21 20:35:08,134 - __main__ - ERROR - Update None caused error Conflict: terminated by other getUpdates request; make sure that only one bot instance is running
2025-01-21 20:35:41,842 - httpx - INFO - HTTP Request: POST https://api.telegram.org/bot7099400053:AAGpkQ978uhK1M3GnFwNoNH04QyNVb4ufsk/getUpdates "HTTP/1.1 409 Conflict"
2025-01-21 20:35:41,843 - telegram.ext.Updater - ERROR - Error while getting Updates: Conflict: terminated by other getUpdates request; make sure that only one bot instance is running
2025-01-21 20:35:41,843 - __main__ - ERROR - Update None caused error Conflict: terminated by other getUpdates request; make sure that only one bot instance is running
2025-01-21 20:36:15,548 - httpx - INFO - HTTP Request: POST https://api.telegram.org/bot7099400053:AAGpkQ978uhK1M3GnFwNoNH04QyNVb4ufsk/getUpdates "HTTP/1.1 409 Conflict"
2025-01-21 20:36:15,549 - telegram.ext.Updater - ERROR - Error while getting Updates: Conflict: terminated by other getUpdates request; make sure that only one bot instance is running
2025-01-21 20:36:15,549 - __main__ - ERROR - Update None caused error Conflict: terminated by other getUpdates request; make sure that only one bot instance is running
2025-01-21 20:36:49,221 - httpx - INFO - HTTP Request: POST https://api.telegram.org/bot7099400053:AAGpkQ978uhK1M3GnFwNoNH04QyNVb4ufsk/getUpdates "HTTP/1.1 409 Conflict"
2025-01-21 20:36:49,222 - telegram.ext.Updater - ERROR - Error while getting Updates: Conflict: terminated by other getUpdates request; make sure that only one bot instance is running
2025-01-21 20:36:49,222 - __main__ - ERROR - Update None caused error Conflict: terminated by other getUpdates request; make sure that only one bot instance is running
2025-01-21 20:37:22,925 - httpx - INFO - HTTP Request: POST https://api.telegram.org/bot7099400053:AAGpkQ978uhK1M3GnFwNoNH04QyNVb4ufsk/getUpdates "HTTP/1.1 409 Conflict"
2025-01-21 20:37:22,925 - telegram.ext.Updater - ERROR - Error while getting Updates: Conflict: terminated by other getUpdates request; make sure that only one bot instance is running
2025-01-21 20:37:22,926 - __main__ - ERROR - Update None caused error Conflict: terminated by other getUpdates request; make sure that only one bot instance is running
2025-01-21 20:38:03,480 - httpx - INFO - HTTP Request: POST https://api.telegram.org/bot7099400053:AAGpkQ978uhK1M3GnFwNoNH04QyNVb4ufsk/getUpdates "HTTP/1.1 200 OK"
2025-01-21 20:38:13,634 - httpx - INFO - HTTP Request: POST https://api.telegram.org/bot7099400053:AAGpkQ978uhK1M3GnFwNoNH04QyNVb4ufsk/getUpdates "HTTP/1.1 200 OK"
2025-01-21 20:38:23,788 - httpx - INFO - HTTP Request: POST https://api.telegram.org/bot7099400053:AAGpkQ978uhK1M3GnFwNoNH04QyNVb4ufsk/getUpdates "HTTP/1.1 200 OK"
2025-01-21 20:38:33,941 - httpx - INFO - HTTP Request: POST https://api.telegram.org/bot7099400053:AAGpkQ978uhK1M3GnFwNoNH04QyNVb4ufsk/getUpdates "HTTP/1.1 200 OK"
2025-01-21 20:38:44,095 - httpx - INFO - HTTP Request: POST https://api.telegram.org/bot7099400053:AAGpkQ978uhK1M3GnFwNoNH04QyNVb4ufsk/getUpdates "HTTP/1.1 200 OK"
2025-01-21 20:38:47,600 - httpx - INFO - HTTP Request: POST https://api.telegram.org/bot7099400053:AAGpkQ978uhK1M3GnFwNoNH04QyNVb4ufsk/getUpdates "HTTP/1.1 200 OK"
2025-01-21 20:38:47,600 - telegram.ext.Application - INFO - Application is stopping. This might take a moment.
2025-01-21 20:38:47,600 - telegram.ext.Application - INFO - Application.stop() complete
2025-01-21 20:38:47,601 - __main__ - INFO - Bot started successfully
2025-01-21 20:38:55,496 - httpx - INFO - HTTP Request: POST https://api.telegram.org/bot7099400053:AAGpkQ978uhK1M3GnFwNoNH04QyNVb4ufsk/getMe "HTTP/1.1 200 OK"
2025-01-21 20:38:55,648 - httpx - INFO - HTTP Request: POST https://api.telegram.org/bot7099400053:AAGpkQ978uhK1M3GnFwNoNH04QyNVb4ufsk/deleteWebhook "HTTP/1.1 200 OK"
2025-01-21 20:38:55,650 - telegram.ext.Application - INFO - Application started
2025-01-21 20:38:58,292 - httpx - INFO - HTTP Request: POST https://api.telegram.org/bot7099400053:AAGpkQ978uhK1M3GnFwNoNH04QyNVb4ufsk/getUpdates "HTTP/1.1 409 Conflict"
2025-01-21 20:38:58,292 - telegram.ext.Updater - ERROR - Error while getting Updates: Conflict: terminated by other getUpdates request; make sure that only one bot instance is running
2025-01-21 20:38:58,293 - __main__ - ERROR - Update None caused error Conflict: terminated by other getUpdates request; make sure that only one bot instance is running
2025-01-21 20:39:07,985 - httpx - INFO - HTTP Request: POST https://api.telegram.org/bot7099400053:AAGpkQ978uhK1M3GnFwNoNH04QyNVb4ufsk/getUpdates "HTTP/1.1 409 Conflict"
2025-01-21 20:39:07,985 - telegram.ext.Updater - ERROR - Error while getting Updates: Conflict: terminated by other getUpdates request; make sure that only one bot instance is running
2025-01-21 20:39:07,986 - __main__ - ERROR - Update None caused error Conflict: terminated by other getUpdates request; make sure that only one bot instance is running
2025-01-21 20:39:18,162 - httpx - INFO - HTTP Request: POST https://api.telegram.org/bot7099400053:AAGpkQ978uhK1M3GnFwNoNH04QyNVb4ufsk/getUpdates "HTTP/1.1 409 Conflict"
2025-01-21 20:39:18,163 - telegram.ext.Updater - ERROR - Error while getting Updates: Conflict: terminated by other getUpdates request; make sure that only one bot instance is running
2025-01-21 20:39:18,163 - __main__ - ERROR - Update None caused error Conflict: terminated by other getUpdates request; make sure that only one bot instance is running
2025-01-21 20:39:30,577 - httpx - INFO - HTTP Request: POST https://api.telegram.org/bot7099400053:AAGpkQ978uhK1M3GnFwNoNH04QyNVb4ufsk/getUpdates "HTTP/1.1 200 OK"
2025-01-21 20:39:40,734 - httpx - INFO - HTTP Request: POST https://api.telegram.org/bot7099400053:AAGpkQ978uhK1M3GnFwNoNH04QyNVb4ufsk/getUpdates "HTTP/1.1 200 OK"
2025-01-21 20:39:50,893 - httpx - INFO - HTTP Request: POST https://api.telegram.org/bot7099400053:AAGpkQ978uhK1M3GnFwNoNH04QyNVb4ufsk/getUpdates "HTTP/1.1 200 OK"
2025-01-21 20:40:01,061 - httpx - INFO - HTTP Request: POST https://api.telegram.org/bot7099400053:AAGpkQ978uhK1M3GnFwNoNH04QyNVb4ufsk/getUpdates "HTTP/1.1 200 OK"
2025-01-21 20:40:11,214 - httpx - INFO - HTTP Request: POST https://api.telegram.org/bot7099400053:AAGpkQ978uhK1M3GnFwNoNH04QyNVb4ufsk/getUpdates "HTTP/1.1 200 OK"
2025-01-21 20:40:21,371 - httpx - INFO - HTTP Request: POST https://api.telegram.org/bot7099400053:AAGpkQ978uhK1M3GnFwNoNH04QyNVb4ufsk/getUpdates "HTTP/1.1 200 OK"
2025-01-21 20:40:31,527 - httpx - INFO - HTTP Request: POST https://api.telegram.org/bot7099400053:AAGpkQ978uhK1M3GnFwNoNH04QyNVb4ufsk/getUpdates "HTTP/1.1 200 OK"
2025-01-21 20:40:41,684 - httpx - INFO - HTTP Request: POST https://api.telegram.org/bot7099400053:AAGpkQ978uhK1M3GnFwNoNH04QyNVb4ufsk/getUpdates "HTTP/1.1 200 OK"
2025-01-21 20:40:51,840 - httpx - INFO - HTTP Request: POST https://api.telegram.org/bot7099400053:AAGpkQ978uhK1M3GnFwNoNH04QyNVb4ufsk/getUpdates "HTTP/1.1 200 OK"
2025-01-21 20:41:01,993 - httpx - INFO - HTTP Request: POST https://api.telegram.org/bot7099400053:AAGpkQ978uhK1M3GnFwNoNH04QyNVb4ufsk/getUpdates "HTTP/1.1 200 OK"
2025-01-21 20:41:12,168 - httpx - INFO - HTTP Request: POST https://api.telegram.org/bot7099400053:AAGpkQ978uhK1M3GnFwNoNH04QyNVb4ufsk/getUpdates "HTTP/1.1 200 OK"
2025-01-21 20:41:22,322 - httpx - INFO - HTTP Request: POST https://api.telegram.org/bot7099400053:AAGpkQ978uhK1M3GnFwNoNH04QyNVb4ufsk/getUpdates "HTTP/1.1 200 OK"
2025-01-21 20:41:32,485 - httpx - INFO - HTTP Request: POST https://api.telegram.org/bot7099400053:AAGpkQ978uhK1M3GnFwNoNH04QyNVb4ufsk/getUpdates "HTTP/1.1 200 OK"
2025-01-21 20:41:42,640 - httpx - INFO - HTTP Request: POST https://api.telegram.org/bot7099400053:AAGpkQ978uhK1M3GnFwNoNH04QyNVb4ufsk/getUpdates "HTTP/1.1 200 OK"
2025-01-21 20:41:52,799 - httpx - INFO - HTTP Request: POST https://api.telegram.org/bot7099400053:AAGpkQ978uhK1M3GnFwNoNH04QyNVb4ufsk/getUpdates "HTTP/1.1 200 OK"
2025-01-21 20:42:02,904 - httpx - INFO - HTTP Request: POST https://api.telegram.org/bot7099400053:AAGpkQ978uhK1M3GnFwNoNH04QyNVb4ufsk/getUpdates "HTTP/1.1 200 OK"
2025-01-21 20:42:02,904 - telegram.ext.Application - INFO - Application is stopping. This might take a moment.
2025-01-21 20:42:02,904 - telegram.ext.Application - INFO - Application.stop() complete
2025-01-21 20:42:02,905 - __main__ - INFO - Bot started successfully
2025-01-21 20:42:10,928 - httpx - INFO - HTTP Request: POST https://api.telegram.org/bot7099400053:AAGpkQ978uhK1M3GnFwNoNH04QyNVb4ufsk/getMe "HTTP/1.1 200 OK"
2025-01-21 20:42:11,084 - httpx - INFO - HTTP Request: POST https://api.telegram.org/bot7099400053:AAGpkQ978uhK1M3GnFwNoNH04QyNVb4ufsk/deleteWebhook "HTTP/1.1 200 OK"
2025-01-21 20:42:11,085 - telegram.ext.Application - INFO - Application started
2025-01-21 20:42:13,597 - httpx - INFO - HTTP Request: POST https://api.telegram.org/bot7099400053:AAGpkQ978uhK1M3GnFwNoNH04QyNVb4ufsk/getUpdates "HTTP/1.1 409 Conflict"
2025-01-21 20:42:13,598 - telegram.ext.Updater - ERROR - Error while getting Updates: Conflict: terminated by other getUpdates request; make sure that only one bot instance is running
2025-01-21 20:42:13,598 - __main__ - ERROR - Update None caused error Conflict: terminated by other getUpdates request; make sure that only one bot instance is running
2025-01-21 20:42:23,269 - httpx - INFO - HTTP Request: POST https://api.telegram.org/bot7099400053:AAGpkQ978uhK1M3GnFwNoNH04QyNVb4ufsk/getUpdates "HTTP/1.1 409 Conflict"
2025-01-21 20:42:23,270 - telegram.ext.Updater - ERROR - Error while getting Updates: Conflict: terminated by other getUpdates request; make sure that only one bot instance is running
2025-01-21 20:42:23,270 - __main__ - ERROR - Update None caused error Conflict: terminated by other getUpdates request; make sure that only one bot instance is running
2025-01-21 20:42:33,448 - httpx - INFO - HTTP Request: POST https://api.telegram.org/bot7099400053:AAGpkQ978uhK1M3GnFwNoNH04QyNVb4ufsk/getUpdates "HTTP/1.1 409 Conflict"
2025-01-21 20:42:33,449 - telegram.ext.Updater - ERROR - Error while getting Updates: Conflict: terminated by other getUpdates request; make sure that only one bot instance is running
2025-01-21 20:42:33,449 - __main__ - ERROR - Update None caused error Conflict: terminated by other getUpdates request; make sure that only one bot instance is running
2025-01-21 20:42:45,855 - httpx - INFO - HTTP Request: POST https://api.telegram.org/bot7099400053:AAGpkQ978uhK1M3GnFwNoNH04QyNVb4ufsk/getUpdates "HTTP/1.1 200 OK"
2025-01-21 20:42:56,008 - httpx - INFO - HTTP Request: POST https://api.telegram.org/bot7099400053:AAGpkQ978uhK1M3GnFwNoNH04QyNVb4ufsk/getUpdates "HTTP/1.1 200 OK"
2025-01-21 20:43:06,161 - httpx - INFO - HTTP Request: POST https://api.telegram.org/bot7099400053:AAGpkQ978uhK1M3GnFwNoNH04QyNVb4ufsk/getUpdates "HTTP/1.1 200 OK"
2025-01-21 20:43:16,314 - httpx - INFO - HTTP Request: POST https://api.telegram.org/bot7099400053:AAGpkQ978uhK1M3GnFwNoNH04QyNVb4ufsk/getUpdates "HTTP/1.1 200 OK"
2025-01-21 20:43:26,469 - httpx - INFO - HTTP Request: POST https://api.telegram.org/bot7099400053:AAGpkQ978uhK1M3GnFwNoNH04QyNVb4ufsk/getUpdates "HTTP/1.1 200 OK"
2025-01-21 20:43:36,623 - httpx - INFO - HTTP Request: POST https://api.telegram.org/bot7099400053:AAGpkQ978uhK1M3GnFwNoNH04QyNVb4ufsk/getUpdates "HTTP/1.1 200 OK"
2025-01-21 20:43:46,776 - httpx - INFO - HTTP Request: POST https://api.telegram.org/bot7099400053:AAGpkQ978uhK1M3GnFwNoNH04QyNVb4ufsk/getUpdates "HTTP/1.1 200 OK"
2025-01-21 20:43:56,928 - httpx - INFO - HTTP Request: POST https://api.telegram.org/bot7099400053:AAGpkQ978uhK1M3GnFwNoNH04QyNVb4ufsk/getUpdates "HTTP/1.1 200 OK"
2025-01-21 20:44:07,082 - httpx - INFO - HTTP Request: POST https://api.telegram.org/bot7099400053:AAGpkQ978uhK1M3GnFwNoNH04QyNVb4ufsk/getUpdates "HTTP/1.1 200 OK"
2025-01-21 20:44:17,235 - httpx - INFO - HTTP Request: POST https://api.telegram.org/bot7099400053:AAGpkQ978uhK1M3GnFwNoNH04QyNVb4ufsk/getUpdates "HTTP/1.1 200 OK"
2025-01-21 20:44:27,389 - httpx - INFO - HTTP Request: POST https://api.telegram.org/bot7099400053:AAGpkQ978uhK1M3GnFwNoNH04QyNVb4ufsk/getUpdates "HTTP/1.1 200 OK"
2025-01-21 20:44:37,543 - httpx - INFO - HTTP Request: POST https://api.telegram.org/bot7099400053:AAGpkQ978uhK1M3GnFwNoNH04QyNVb4ufsk/getUpdates "HTTP/1.1 200 OK"
2025-01-21 20:44:47,696 - httpx - INFO - HTTP Request: POST https://api.telegram.org/bot7099400053:AAGpkQ978uhK1M3GnFwNoNH04QyNVb4ufsk/getUpdates "HTTP/1.1 200 OK"
2025-01-21 20:44:57,850 - httpx - INFO - HTTP Request: POST https://api.telegram.org/bot7099400053:AAGpkQ978uhK1M3GnFwNoNH04QyNVb4ufsk/getUpdates "HTTP/1.1 200 OK"
2025-01-21 20:45:08,006 - httpx - INFO - HTTP Request: POST https://api.telegram.org/bot7099400053:AAGpkQ978uhK1M3GnFwNoNH04QyNVb4ufsk/getUpdates "HTTP/1.1 200 OK"
2025-01-21 20:45:18,175 - httpx - INFO - HTTP Request: POST https://api.telegram.org/bot7099400053:AAGpkQ978uhK1M3GnFwNoNH04QyNVb4ufsk/getUpdates "HTTP/1.1 200 OK"
2025-01-21 20:45:28,341 - httpx - INFO - HTTP Request: POST https://api.telegram.org/bot7099400053:AAGpkQ978uhK1M3GnFwNoNH04QyNVb4ufsk/getUpdates "HTTP/1.1 200 OK"
2025-01-21 20:45:38,493 - httpx - INFO - HTTP Request: POST https://api.telegram.org/bot7099400053:AAGpkQ978uhK1M3GnFwNoNH04QyNVb4ufsk/getUpdates "HTTP/1.1 200 OK"
2025-01-21 20:45:48,659 - httpx - INFO - HTTP Request: POST https://api.telegram.org/bot7099400053:AAGpkQ978uhK1M3GnFwNoNH04QyNVb4ufsk/getUpdates "HTTP/1.1 200 OK"
2025-01-21 20:45:58,830 - httpx - INFO - HTTP Request: POST https://api.telegram.org/bot7099400053:AAGpkQ978uhK1M3GnFwNoNH04QyNVb4ufsk/getUpdates "HTTP/1.1 200 OK"
2025-01-21 20:46:08,994 - httpx - INFO - HTTP Request: POST https://api.telegram.org/bot7099400053:AAGpkQ978uhK1M3GnFwNoNH04QyNVb4ufsk/getUpdates "HTTP/1.1 200 OK"
2025-01-21 20:46:19,147 - httpx - INFO - HTTP Request: POST https://api.telegram.org/bot7099400053:AAGpkQ978uhK1M3GnFwNoNH04QyNVb4ufsk/getUpdates "HTTP/1.1 200 OK"
2025-01-21 20:46:25,098 - httpx - INFO - HTTP Request: POST https://api.telegram.org/bot7099400053:AAGpkQ978uhK1M3GnFwNoNH04QyNVb4ufsk/getUpdates "HTTP/1.1 200 OK"
2025-01-21 20:46:25,099 - telegram.ext.Application - INFO - Application is stopping. This might take a moment.
2025-01-21 20:46:25,099 - telegram.ext.Application - INFO - Application.stop() complete
2025-01-21 20:46:25,100 - __main__ - INFO - Bot started successfully
2025-01-21 20:46:33,010 - httpx - INFO - HTTP Request: POST https://api.telegram.org/bot7099400053:AAGpkQ978uhK1M3GnFwNoNH04QyNVb4ufsk/getMe "HTTP/1.1 200 OK"
2025-01-21 20:46:33,162 - httpx - INFO - HTTP Request: POST https://api.telegram.org/bot7099400053:AAGpkQ978uhK1M3GnFwNoNH04QyNVb4ufsk/deleteWebhook "HTTP/1.1 200 OK"
2025-01-21 20:46:33,163 - telegram.ext.Application - INFO - Application started
2025-01-21 20:46:35,780 - httpx - INFO - HTTP Request: POST https://api.telegram.org/bot7099400053:AAGpkQ978uhK1M3GnFwNoNH04QyNVb4ufsk/getUpdates "HTTP/1.1 409 Conflict"
2025-01-21 20:46:35,781 - telegram.ext.Updater - ERROR - Error while getting Updates: Conflict: terminated by other getUpdates request; make sure that only one bot instance is running
2025-01-21 20:46:35,781 - __main__ - ERROR - Update None caused error Conflict: terminated by other getUpdates request; make sure that only one bot instance is running
2025-01-21 20:46:45,449 - httpx - INFO - HTTP Request: POST https://api.telegram.org/bot7099400053:AAGpkQ978uhK1M3GnFwNoNH04QyNVb4ufsk/getUpdates "HTTP/1.1 409 Conflict"
2025-01-21 20:46:45,450 - telegram.ext.Updater - ERROR - Error while getting Updates: Conflict: terminated by other getUpdates request; make sure that only one bot instance is running
2025-01-21 20:46:45,450 - __main__ - ERROR - Update None caused error Conflict: terminated by other getUpdates request; make sure that only one bot instance is running
2025-01-21 20:46:55,646 - httpx - INFO - HTTP Request: POST https://api.telegram.org/bot7099400053:AAGpkQ978uhK1M3GnFwNoNH04QyNVb4ufsk/getUpdates "HTTP/1.1 409 Conflict"
2025-01-21 20:46:55,646 - telegram.ext.Updater - ERROR - Error while getting Updates: Conflict: terminated by other getUpdates request; make sure that only one bot instance is running
2025-01-21 20:46:55,647 - __main__ - ERROR - Update None caused error Conflict: terminated by other getUpdates request; make sure that only one bot instance is running
2025-01-21 20:47:08,062 - httpx - INFO - HTTP Request: POST https://api.telegram.org/bot7099400053:AAGpkQ978uhK1M3GnFwNoNH04QyNVb4ufsk/getUpdates "HTTP/1.1 200 OK"
2025-01-21 20:47:18,216 - httpx - INFO - HTTP Request: POST https://api.telegram.org/bot7099400053:AAGpkQ978uhK1M3GnFwNoNH04QyNVb4ufsk/getUpdates "HTTP/1.1 200 OK"
2025-01-21 20:47:28,370 - httpx - INFO - HTTP Request: POST https://api.telegram.org/bot7099400053:AAGpkQ978uhK1M3GnFwNoNH04QyNVb4ufsk/getUpdates "HTTP/1.1 200 OK"
2025-01-21 20:47:38,526 - httpx - INFO - HTTP Request: POST https://api.telegram.org/bot7099400053:AAGpkQ978uhK1M3GnFwNoNH04QyNVb4ufsk/getUpdates "HTTP/1.1 200 OK"
2025-01-21 20:47:48,679 - httpx - INFO - HTTP Request: POST https://api.telegram.org/bot7099400053:AAGpkQ978uhK1M3GnFwNoNH04QyNVb4ufsk/getUpdates "HTTP/1.1 200 OK"
2025-01-21 20:47:58,833 - httpx - INFO - HTTP Request: POST https://api.telegram.org/bot7099400053:AAGpkQ978uhK1M3GnFwNoNH04QyNVb4ufsk/getUpdates "HTTP/1.1 200 OK"
2025-01-21 20:48:08,986 - httpx - INFO - HTTP Request: POST https://api.telegram.org/bot7099400053:AAGpkQ978uhK1M3GnFwNoNH04QyNVb4ufsk/getUpdates "HTTP/1.1 200 OK"
2025-01-21 20:48:19,143 - httpx - INFO - HTTP Request: POST https://api.telegram.org/bot7099400053:AAGpkQ978uhK1M3GnFwNoNH04QyNVb4ufsk/getUpdates "HTTP/1.1 200 OK"
2025-01-21 20:48:29,307 - httpx - INFO - HTTP Request: POST https://api.telegram.org/bot7099400053:AAGpkQ978uhK1M3GnFwNoNH04QyNVb4ufsk/getUpdates "HTTP/1.1 200 OK"
2025-01-21 20:48:39,460 - httpx - INFO - HTTP Request: POST https://api.telegram.org/bot7099400053:AAGpkQ978uhK1M3GnFwNoNH04QyNVb4ufsk/getUpdates "HTTP/1.1 200 OK"
2025-01-21 20:48:49,615 - httpx - INFO - HTTP Request: POST https://api.telegram.org/bot7099400053:AAGpkQ978uhK1M3GnFwNoNH04QyNVb4ufsk/getUpdates "HTTP/1.1 200 OK"
2025-01-21 20:48:59,768 - httpx - INFO - HTTP Request: POST https://api.telegram.org/bot7099400053:AAGpkQ978uhK1M3GnFwNoNH04QyNVb4ufsk/getUpdates "HTTP/1.1 200 OK"
2025-01-21 20:49:09,926 - httpx - INFO - HTTP Request: POST https://api.telegram.org/bot7099400053:AAGpkQ978uhK1M3GnFwNoNH04QyNVb4ufsk/getUpdates "HTTP/1.1 200 OK"
2025-01-21 20:49:20,080 - httpx - INFO - HTTP Request: POST https://api.telegram.org/bot7099400053:AAGpkQ978uhK1M3GnFwNoNH04QyNVb4ufsk/getUpdates "HTTP/1.1 200 OK"
2025-01-21 20:49:30,234 - httpx - INFO - HTTP Request: POST https://api.telegram.org/bot7099400053:AAGpkQ978uhK1M3GnFwNoNH04QyNVb4ufsk/getUpdates "HTTP/1.1 200 OK"
2025-01-21 20:49:40,388 - httpx - INFO - HTTP Request: POST https://api.telegram.org/bot7099400053:AAGpkQ978uhK1M3GnFwNoNH04QyNVb4ufsk/getUpdates "HTTP/1.1 200 OK"
2025-01-21 20:49:50,591 - httpx - INFO - HTTP Request: POST https://api.telegram.org/bot7099400053:AAGpkQ978uhK1M3GnFwNoNH04QyNVb4ufsk/getUpdates "HTTP/1.1 200 OK"
2025-01-21 20:50:00,744 - httpx - INFO - HTTP Request: POST https://api.telegram.org/bot7099400053:AAGpkQ978uhK1M3GnFwNoNH04QyNVb4ufsk/getUpdates "HTTP/1.1 200 OK"
2025-01-21 20:50:10,899 - httpx - INFO - HTTP Request: POST https://api.telegram.org/bot7099400053:AAGpkQ978uhK1M3GnFwNoNH04QyNVb4ufsk/getUpdates "HTTP/1.1 200 OK"
2025-01-21 20:50:21,053 - httpx - INFO - HTTP Request: POST https://api.telegram.org/bot7099400053:AAGpkQ978uhK1M3GnFwNoNH04QyNVb4ufsk/getUpdates "HTTP/1.1 200 OK"
2025-01-21 20:50:31,207 - httpx - INFO - HTTP Request: POST https://api.telegram.org/bot7099400053:AAGpkQ978uhK1M3GnFwNoNH04QyNVb4ufsk/getUpdates "HTTP/1.1 200 OK"
2025-01-21 20:50:41,360 - httpx - INFO - HTTP Request: POST https://api.telegram.org/bot7099400053:AAGpkQ978uhK1M3GnFwNoNH04QyNVb4ufsk/getUpdates "HTTP/1.1 200 OK"
2025-01-21 20:50:51,515 - httpx - INFO - HTTP Request: POST https://api.telegram.org/bot7099400053:AAGpkQ978uhK1M3GnFwNoNH04QyNVb4ufsk/getUpdates "HTTP/1.1 200 OK"
2025-01-21 20:50:51,683 - httpx - INFO - HTTP Request: POST https://api.telegram.org/bot7099400053:AAGpkQ978uhK1M3GnFwNoNH04QyNVb4ufsk/getUpdates "HTTP/1.1 409 Conflict"
2025-01-21 20:50:51,683 - telegram.ext.Updater - ERROR - Error while getting Updates: Conflict: terminated by other getUpdates request; make sure that only one bot instance is running
2025-01-21 20:50:51,683 - __main__ - ERROR - Update None caused error Conflict: terminated by other getUpdates request; make sure that only one bot instance is running
2025-01-21 20:51:03,219 - httpx - INFO - HTTP Request: POST https://api.telegram.org/bot7099400053:AAGpkQ978uhK1M3GnFwNoNH04QyNVb4ufsk/getUpdates "HTTP/1.1 200 OK"
2025-01-21 20:51:03,219 - telegram.ext.Application - INFO - Application is stopping. This might take a moment.
2025-01-21 20:51:03,219 - telegram.ext.Application - INFO - Application.stop() complete
2025-01-21 20:51:03,220 - __main__ - INFO - Bot started successfully
2025-01-21 20:51:11,147 - httpx - INFO - HTTP Request: POST https://api.telegram.org/bot7099400053:AAGpkQ978uhK1M3GnFwNoNH04QyNVb4ufsk/getMe "HTTP/1.1 200 OK"
2025-01-21 20:51:11,300 - httpx - INFO - HTTP Request: POST https://api.telegram.org/bot7099400053:AAGpkQ978uhK1M3GnFwNoNH04QyNVb4ufsk/deleteWebhook "HTTP/1.1 200 OK"
2025-01-21 20:51:11,301 - telegram.ext.Application - INFO - Application started
2025-01-21 20:51:13,914 - httpx - INFO - HTTP Request: POST https://api.telegram.org/bot7099400053:AAGpkQ978uhK1M3GnFwNoNH04QyNVb4ufsk/getUpdates "HTTP/1.1 409 Conflict"
2025-01-21 20:51:13,915 - telegram.ext.Updater - ERROR - Error while getting Updates: Conflict: terminated by other getUpdates request; make sure that only one bot instance is running
2025-01-21 20:51:13,915 - __main__ - ERROR - Update None caused error Conflict: terminated by other getUpdates request; make sure that only one bot instance is running
2025-01-21 20:51:23,608 - httpx - INFO - HTTP Request: POST https://api.telegram.org/bot7099400053:AAGpkQ978uhK1M3GnFwNoNH04QyNVb4ufsk/getUpdates "HTTP/1.1 409 Conflict"
2025-01-21 20:51:23,608 - telegram.ext.Updater - ERROR - Error while getting Updates: Conflict: terminated by other getUpdates request; make sure that only one bot instance is running
2025-01-21 20:51:23,608 - __main__ - ERROR - Update None caused error Conflict: terminated by other getUpdates request; make sure that only one bot instance is running
2025-01-21 20:51:33,799 - httpx - INFO - HTTP Request: POST https://api.telegram.org/bot7099400053:AAGpkQ978uhK1M3GnFwNoNH04QyNVb4ufsk/getUpdates "HTTP/1.1 409 Conflict"
2025-01-21 20:51:33,799 - telegram.ext.Updater - ERROR - Error while getting Updates: Conflict: terminated by other getUpdates request; make sure that only one bot instance is running
2025-01-21 20:51:33,800 - __main__ - ERROR - Update None caused error Conflict: terminated by other getUpdates request; make sure that only one bot instance is running
2025-01-21 20:51:46,217 - httpx - INFO - HTTP Request: POST https://api.telegram.org/bot7099400053:AAGpkQ978uhK1M3GnFwNoNH04QyNVb4ufsk/getUpdates "HTTP/1.1 200 OK"
2025-01-21 20:51:56,401 - httpx - INFO - HTTP Request: POST https://api.telegram.org/bot7099400053:AAGpkQ978uhK1M3GnFwNoNH04QyNVb4ufsk/getUpdates "HTTP/1.1 200 OK"
2025-01-21 20:52:06,563 - httpx - INFO - HTTP Request: POST https://api.telegram.org/bot7099400053:AAGpkQ978uhK1M3GnFwNoNH04QyNVb4ufsk/getUpdates "HTTP/1.1 200 OK"
2025-01-21 20:52:16,727 - httpx - INFO - HTTP Request: POST https://api.telegram.org/bot7099400053:AAGpkQ978uhK1M3GnFwNoNH04QyNVb4ufsk/getUpdates "HTTP/1.1 200 OK"
2025-01-21 20:52:26,886 - httpx - INFO - HTTP Request: POST https://api.telegram.org/bot7099400053:AAGpkQ978uhK1M3GnFwNoNH04QyNVb4ufsk/getUpdates "HTTP/1.1 200 OK"
2025-01-21 20:52:37,073 - httpx - INFO - HTTP Request: POST https://api.telegram.org/bot7099400053:AAGpkQ978uhK1M3GnFwNoNH04QyNVb4ufsk/getUpdates "HTTP/1.1 200 OK"
2025-01-21 20:52:47,230 - httpx - INFO - HTTP Request: POST https://api.telegram.org/bot7099400053:AAGpkQ978uhK1M3GnFwNoNH04QyNVb4ufsk/getUpdates "HTTP/1.1 200 OK"
2025-01-21 20:52:57,386 - httpx - INFO - HTTP Request: POST https://api.telegram.org/bot7099400053:AAGpkQ978uhK1M3GnFwNoNH04QyNVb4ufsk/getUpdates "HTTP/1.1 200 OK"
2025-01-21 20:53:06,640 - httpx - INFO - HTTP Request: POST https://api.telegram.org/bot7099400053:AAGpkQ978uhK1M3GnFwNoNH04QyNVb4ufsk/getUpdates "HTTP/1.1 200 OK"
2025-01-21 20:53:06,640 - telegram.ext.Application - INFO - Application is stopping. This might take a moment.
2025-01-21 20:53:06,640 - telegram.ext.Application - INFO - Application.stop() complete
2025-01-21 20:53:06,641 - __main__ - INFO - Bot started successfully
2025-01-21 20:53:29,277 - httpx - INFO - HTTP Request: POST https://api.telegram.org/bot7099400053:AAGpkQ978uhK1M3GnFwNoNH04QyNVb4ufsk/getMe "HTTP/1.1 200 OK"
2025-01-21 20:53:29,429 - httpx - INFO - HTTP Request: POST https://api.telegram.org/bot7099400053:AAGpkQ978uhK1M3GnFwNoNH04QyNVb4ufsk/deleteWebhook "HTTP/1.1 200 OK"
2025-01-21 20:53:29,430 - telegram.ext.Application - INFO - Application started
2025-01-21 20:53:32,058 - httpx - INFO - HTTP Request: POST https://api.telegram.org/bot7099400053:AAGpkQ978uhK1M3GnFwNoNH04QyNVb4ufsk/getUpdates "HTTP/1.1 409 Conflict"
2025-01-21 20:53:32,058 - telegram.ext.Updater - ERROR - Error while getting Updates: Conflict: terminated by other getUpdates request; make sure that only one bot instance is running
2025-01-21 20:53:32,059 - __main__ - ERROR - Update None caused error Conflict: terminated by other getUpdates request; make sure that only one bot instance is running
2025-01-21 20:53:41,736 - httpx - INFO - HTTP Request: POST https://api.telegram.org/bot7099400053:AAGpkQ978uhK1M3GnFwNoNH04QyNVb4ufsk/getUpdates "HTTP/1.1 409 Conflict"
2025-01-21 20:53:41,737 - telegram.ext.Updater - ERROR - Error while getting Updates: Conflict: terminated by other getUpdates request; make sure that only one bot instance is running
2025-01-21 20:53:41,737 - __main__ - ERROR - Update None caused error Conflict: terminated by other getUpdates request; make sure that only one bot instance is running
2025-01-21 20:53:51,921 - httpx - INFO - HTTP Request: POST https://api.telegram.org/bot7099400053:AAGpkQ978uhK1M3GnFwNoNH04QyNVb4ufsk/getUpdates "HTTP/1.1 409 Conflict"
2025-01-21 20:53:51,922 - telegram.ext.Updater - ERROR - Error while getting Updates: Conflict: terminated by other getUpdates request; make sure that only one bot instance is running
2025-01-21 20:53:51,922 - __main__ - ERROR - Update None caused error Conflict: terminated by other getUpdates request; make sure that only one bot instance is running
2025-01-21 20:54:04,332 - httpx - INFO - HTTP Request: POST https://api.telegram.org/bot7099400053:AAGpkQ978uhK1M3GnFwNoNH04QyNVb4ufsk/getUpdates "HTTP/1.1 200 OK"
2025-01-21 20:54:14,482 - httpx - INFO - HTTP Request: POST https://api.telegram.org/bot7099400053:AAGpkQ978uhK1M3GnFwNoNH04QyNVb4ufsk/getUpdates "HTTP/1.1 200 OK"
2025-01-21 20:54:24,632 - httpx - INFO - HTTP Request: POST https://api.telegram.org/bot7099400053:AAGpkQ978uhK1M3GnFwNoNH04QyNVb4ufsk/getUpdates "HTTP/1.1 200 OK"
2025-01-21 20:54:34,783 - httpx - INFO - HTTP Request: POST https://api.telegram.org/bot7099400053:AAGpkQ978uhK1M3GnFwNoNH04QyNVb4ufsk/getUpdates "HTTP/1.1 200 OK"
2025-01-21 20:54:44,933 - httpx - INFO - HTTP Request: POST https://api.telegram.org/bot7099400053:AAGpkQ978uhK1M3GnFwNoNH04QyNVb4ufsk/getUpdates "HTTP/1.1 200 OK"
2025-01-21 20:54:55,084 - httpx - INFO - HTTP Request: POST https://api.telegram.org/bot7099400053:AAGpkQ978uhK1M3GnFwNoNH04QyNVb4ufsk/getUpdates "HTTP/1.1 200 OK"
2025-01-21 20:55:05,234 - httpx - INFO - HTTP Request: POST https://api.telegram.org/bot7099400053:AAGpkQ978uhK1M3GnFwNoNH04QyNVb4ufsk/getUpdates "HTTP/1.1 200 OK"
2025-01-21 20:55:15,386 - httpx - INFO - HTTP Request: POST https://api.telegram.org/bot7099400053:AAGpkQ978uhK1M3GnFwNoNH04QyNVb4ufsk/getUpdates "HTTP/1.1 200 OK"
2025-01-21 20:55:25,537 - httpx - INFO - HTTP Request: POST https://api.telegram.org/bot7099400053:AAGpkQ978uhK1M3GnFwNoNH04QyNVb4ufsk/getUpdates "HTTP/1.1 200 OK"
2025-01-21 20:55:35,687 - httpx - INFO - HTTP Request: POST https://api.telegram.org/bot7099400053:AAGpkQ978uhK1M3GnFwNoNH04QyNVb4ufsk/getUpdates "HTTP/1.1 200 OK"
2025-01-21 20:55:45,842 - httpx - INFO - HTTP Request: POST https://api.telegram.org/bot7099400053:AAGpkQ978uhK1M3GnFwNoNH04QyNVb4ufsk/getUpdates "HTTP/1.1 200 OK"
2025-01-21 20:55:55,992 - httpx - INFO - HTTP Request: POST https://api.telegram.org/bot7099400053:AAGpkQ978uhK1M3GnFwNoNH04QyNVb4ufsk/getUpdates "HTTP/1.1 200 OK"
2025-01-21 20:56:06,143 - httpx - INFO - HTTP Request: POST https://api.telegram.org/bot7099400053:AAGpkQ978uhK1M3GnFwNoNH04QyNVb4ufsk/getUpdates "HTTP/1.1 200 OK"
2025-01-21 20:56:16,296 - httpx - INFO - HTTP Request: POST https://api.telegram.org/bot7099400053:AAGpkQ978uhK1M3GnFwNoNH04QyNVb4ufsk/getUpdates "HTTP/1.1 200 OK"
2025-01-21 20:56:26,455 - httpx - INFO - HTTP Request: POST https://api.telegram.org/bot7099400053:AAGpkQ978uhK1M3GnFwNoNH04QyNVb4ufsk/getUpdates "HTTP/1.1 200 OK"
2025-01-21 20:56:36,609 - httpx - INFO - HTTP Request: POST https://api.telegram.org/bot7099400053:AAGpkQ978uhK1M3GnFwNoNH04QyNVb4ufsk/getUpdates "HTTP/1.1 200 OK"
2025-01-21 20:56:46,763 - httpx - INFO - HTTP Request: POST https://api.telegram.org/bot7099400053:AAGpkQ978uhK1M3GnFwNoNH04QyNVb4ufsk/getUpdates "HTTP/1.1 200 OK"
2025-01-21 20:56:56,917 - httpx - INFO - HTTP Request: POST https://api.telegram.org/bot7099400053:AAGpkQ978uhK1M3GnFwNoNH04QyNVb4ufsk/getUpdates "HTTP/1.1 200 OK"
2025-01-21 20:57:07,074 - httpx - INFO - HTTP Request: POST https://api.telegram.org/bot7099400053:AAGpkQ978uhK1M3GnFwNoNH04QyNVb4ufsk/getUpdates "HTTP/1.1 200 OK"
2025-01-21 20:57:17,229 - httpx - INFO - HTTP Request: POST https://api.telegram.org/bot7099400053:AAGpkQ978uhK1M3GnFwNoNH04QyNVb4ufsk/getUpdates "HTTP/1.1 200 OK"
2025-01-21 20:57:27,383 - httpx - INFO - HTTP Request: POST https://api.telegram.org/bot7099400053:AAGpkQ978uhK1M3GnFwNoNH04QyNVb4ufsk/getUpdates "HTTP/1.1 200 OK"
2025-01-21 20:57:37,538 - httpx - INFO - HTTP Request: POST https://api.telegram.org/bot7099400053:AAGpkQ978uhK1M3GnFwNoNH04QyNVb4ufsk/getUpdates "HTTP/1.1 200 OK"
2025-01-21 20:57:47,692 - httpx - INFO - HTTP Request: POST https://api.telegram.org/bot7099400053:AAGpkQ978uhK1M3GnFwNoNH04QyNVb4ufsk/getUpdates "HTTP/1.1 200 OK"
2025-01-21 20:57:57,847 - httpx - INFO - HTTP Request: POST https://api.telegram.org/bot7099400053:AAGpkQ978uhK1M3GnFwNoNH04QyNVb4ufsk/getUpdates "HTTP/1.1 200 OK"
2025-01-21 20:58:08,001 - httpx - INFO - HTTP Request: POST https://api.telegram.org/bot7099400053:AAGpkQ978uhK1M3GnFwNoNH04QyNVb4ufsk/getUpdates "HTTP/1.1 200 OK"
2025-01-21 20:58:18,157 - httpx - INFO - HTTP Request: POST https://api.telegram.org/bot7099400053:AAGpkQ978uhK1M3GnFwNoNH04QyNVb4ufsk/getUpdates "HTTP/1.1 200 OK"
2025-01-21 20:58:28,316 - httpx - INFO - HTTP Request: POST https://api.telegram.org/bot7099400053:AAGpkQ978uhK1M3GnFwNoNH04QyNVb4ufsk/getUpdates "HTTP/1.1 200 OK"
2025-01-21 20:58:38,469 - httpx - INFO - HTTP Request: POST https://api.telegram.org/bot7099400053:AAGpkQ978uhK1M3GnFwNoNH04QyNVb4ufsk/getUpdates "HTTP/1.1 200 OK"
2025-01-21 20:58:39,574 - httpx - INFO - HTTP Request: POST https://api.telegram.org/bot7099400053:AAGpkQ978uhK1M3GnFwNoNH04QyNVb4ufsk/getUpdates "HTTP/1.1 409 Conflict"
2025-01-21 20:58:39,574 - telegram.ext.Updater - ERROR - Error while getting Updates: Conflict: terminated by other getUpdates request; make sure that only one bot instance is running
2025-01-21 20:58:39,575 - __main__ - ERROR - Update None caused error Conflict: terminated by other getUpdates request; make sure that only one bot instance is running
2025-01-21 20:58:51,106 - httpx - INFO - HTTP Request: POST https://api.telegram.org/bot7099400053:AAGpkQ978uhK1M3GnFwNoNH04QyNVb4ufsk/getUpdates "HTTP/1.1 200 OK"
2025-01-21 20:58:51,107 - telegram.ext.Application - INFO - Application is stopping. This might take a moment.
2025-01-21 20:58:51,107 - telegram.ext.Application - INFO - Application.stop() complete
2025-01-21 20:58:51,108 - __main__ - INFO - Bot started successfully
2025-01-21 20:59:08,110 - httpx - INFO - HTTP Request: POST https://api.telegram.org/bot7099400053:AAGpkQ978uhK1M3GnFwNoNH04QyNVb4ufsk/getMe "HTTP/1.1 200 OK"
2025-01-21 20:59:08,263 - httpx - INFO - HTTP Request: POST https://api.telegram.org/bot7099400053:AAGpkQ978uhK1M3GnFwNoNH04QyNVb4ufsk/deleteWebhook "HTTP/1.1 200 OK"
2025-01-21 20:59:08,264 - telegram.ext.Application - INFO - Application started
2025-01-21 20:59:10,879 - httpx - INFO - HTTP Request: POST https://api.telegram.org/bot7099400053:AAGpkQ978uhK1M3GnFwNoNH04QyNVb4ufsk/getUpdates "HTTP/1.1 409 Conflict"
2025-01-21 20:59:10,880 - telegram.ext.Updater - ERROR - Error while getting Updates: Conflict: terminated by other getUpdates request; make sure that only one bot instance is running
2025-01-21 20:59:10,880 - __main__ - ERROR - Update None caused error Conflict: terminated by other getUpdates request; make sure that only one bot instance is running
2025-01-21 20:59:20,555 - httpx - INFO - HTTP Request: POST https://api.telegram.org/bot7099400053:AAGpkQ978uhK1M3GnFwNoNH04QyNVb4ufsk/getUpdates "HTTP/1.1 409 Conflict"
2025-01-21 20:59:20,556 - telegram.ext.Updater - ERROR - Error while getting Updates: Conflict: terminated by other getUpdates request; make sure that only one bot instance is running
2025-01-21 20:59:20,556 - __main__ - ERROR - Update None caused error Conflict: terminated by other getUpdates request; make sure that only one bot instance is running
2025-01-21 20:59:30,732 - httpx - INFO - HTTP Request: POST https://api.telegram.org/bot7099400053:AAGpkQ978uhK1M3GnFwNoNH04QyNVb4ufsk/getUpdates "HTTP/1.1 409 Conflict"
2025-01-21 20:59:30,732 - telegram.ext.Updater - ERROR - Error while getting Updates: Conflict: terminated by other getUpdates request; make sure that only one bot instance is running
2025-01-21 20:59:30,733 - __main__ - ERROR - Update None caused error Conflict: terminated by other getUpdates request; make sure that only one bot instance is running
2025-01-21 20:59:43,143 - httpx - INFO - HTTP Request: POST https://api.telegram.org/bot7099400053:AAGpkQ978uhK1M3GnFwNoNH04QyNVb4ufsk/getUpdates "HTTP/1.1 200 OK"
2025-01-21 20:59:53,293 - httpx - INFO - HTTP Request: POST https://api.telegram.org/bot7099400053:AAGpkQ978uhK1M3GnFwNoNH04QyNVb4ufsk/getUpdates "HTTP/1.1 200 OK"
2025-01-21 21:00:03,444 - httpx - INFO - HTTP Request: POST https://api.telegram.org/bot7099400053:AAGpkQ978uhK1M3GnFwNoNH04QyNVb4ufsk/getUpdates "HTTP/1.1 200 OK"
2025-01-21 21:00:13,597 - httpx - INFO - HTTP Request: POST https://api.telegram.org/bot7099400053:AAGpkQ978uhK1M3GnFwNoNH04QyNVb4ufsk/getUpdates "HTTP/1.1 200 OK"
2025-01-21 21:00:23,747 - httpx - INFO - HTTP Request: POST https://api.telegram.org/bot7099400053:AAGpkQ978uhK1M3GnFwNoNH04QyNVb4ufsk/getUpdates "HTTP/1.1 200 OK"
2025-01-21 21:00:33,897 - httpx - INFO - HTTP Request: POST https://api.telegram.org/bot7099400053:AAGpkQ978uhK1M3GnFwNoNH04QyNVb4ufsk/getUpdates "HTTP/1.1 200 OK"
2025-01-21 21:00:44,050 - httpx - INFO - HTTP Request: POST https://api.telegram.org/bot7099400053:AAGpkQ978uhK1M3GnFwNoNH04QyNVb4ufsk/getUpdates "HTTP/1.1 200 OK"
2025-01-21 21:00:54,202 - httpx - INFO - HTTP Request: POST https://api.telegram.org/bot7099400053:AAGpkQ978uhK1M3GnFwNoNH04QyNVb4ufsk/getUpdates "HTTP/1.1 200 OK"
2025-01-21 21:01:04,355 - httpx - INFO - HTTP Request: POST https://api.telegram.org/bot7099400053:AAGpkQ978uhK1M3GnFwNoNH04QyNVb4ufsk/getUpdates "HTTP/1.1 200 OK"
2025-01-21 21:01:14,505 - httpx - INFO - HTTP Request: POST https://api.telegram.org/bot7099400053:AAGpkQ978uhK1M3GnFwNoNH04QyNVb4ufsk/getUpdates "HTTP/1.1 200 OK"
2025-01-21 21:01:24,656 - httpx - INFO - HTTP Request: POST https://api.telegram.org/bot7099400053:AAGpkQ978uhK1M3GnFwNoNH04QyNVb4ufsk/getUpdates "HTTP/1.1 200 OK"
2025-01-21 21:01:34,805 - httpx - INFO - HTTP Request: POST https://api.telegram.org/bot7099400053:AAGpkQ978uhK1M3GnFwNoNH04QyNVb4ufsk/getUpdates "HTTP/1.1 200 OK"
2025-01-21 21:01:35,359 - httpx - INFO - HTTP Request: POST https://api.telegram.org/bot7099400053:AAGpkQ978uhK1M3GnFwNoNH04QyNVb4ufsk/getUpdates "HTTP/1.1 409 Conflict"
2025-01-21 21:01:35,360 - telegram.ext.Updater - ERROR - Error while getting Updates: Conflict: terminated by other getUpdates request; make sure that only one bot instance is running
2025-01-21 21:01:35,360 - __main__ - ERROR - Update None caused error Conflict: terminated by other getUpdates request; make sure that only one bot instance is running
2025-01-21 21:01:46,889 - httpx - INFO - HTTP Request: POST https://api.telegram.org/bot7099400053:AAGpkQ978uhK1M3GnFwNoNH04QyNVb4ufsk/getUpdates "HTTP/1.1 200 OK"
2025-01-21 21:01:46,889 - telegram.ext.Application - INFO - Application is stopping. This might take a moment.
2025-01-21 21:01:46,889 - telegram.ext.Application - INFO - Application.stop() complete
2025-01-21 21:01:46,890 - __main__ - INFO - Bot started successfully
2025-01-21 21:02:03,923 - httpx - INFO - HTTP Request: POST https://api.telegram.org/bot7099400053:AAGpkQ978uhK1M3GnFwNoNH04QyNVb4ufsk/getMe "HTTP/1.1 200 OK"
2025-01-21 21:02:04,075 - httpx - INFO - HTTP Request: POST https://api.telegram.org/bot7099400053:AAGpkQ978uhK1M3GnFwNoNH04QyNVb4ufsk/deleteWebhook "HTTP/1.1 200 OK"
2025-01-21 21:02:04,077 - telegram.ext.Application - INFO - Application started
2025-01-21 21:02:06,676 - httpx - INFO - HTTP Request: POST https://api.telegram.org/bot7099400053:AAGpkQ978uhK1M3GnFwNoNH04QyNVb4ufsk/getUpdates "HTTP/1.1 409 Conflict"
2025-01-21 21:02:06,677 - telegram.ext.Updater - ERROR - Error while getting Updates: Conflict: terminated by other getUpdates request; make sure that only one bot instance is running
2025-01-21 21:02:06,677 - __main__ - ERROR - Update None caused error Conflict: terminated by other getUpdates request; make sure that only one bot instance is running
2025-01-21 21:02:16,360 - httpx - INFO - HTTP Request: POST https://api.telegram.org/bot7099400053:AAGpkQ978uhK1M3GnFwNoNH04QyNVb4ufsk/getUpdates "HTTP/1.1 409 Conflict"
2025-01-21 21:02:16,361 - telegram.ext.Updater - ERROR - Error while getting Updates: Conflict: terminated by other getUpdates request; make sure that only one bot instance is running
2025-01-21 21:02:16,361 - __main__ - ERROR - Update None caused error Conflict: terminated by other getUpdates request; make sure that only one bot instance is running
2025-01-21 21:02:26,559 - httpx - INFO - HTTP Request: POST https://api.telegram.org/bot7099400053:AAGpkQ978uhK1M3GnFwNoNH04QyNVb4ufsk/getUpdates "HTTP/1.1 409 Conflict"
2025-01-21 21:02:26,560 - telegram.ext.Updater - ERROR - Error while getting Updates: Conflict: terminated by other getUpdates request; make sure that only one bot instance is running
2025-01-21 21:02:26,560 - __main__ - ERROR - Update None caused error Conflict: terminated by other getUpdates request; make sure that only one bot instance is running
2025-01-21 21:02:38,975 - httpx - INFO - HTTP Request: POST https://api.telegram.org/bot7099400053:AAGpkQ978uhK1M3GnFwNoNH04QyNVb4ufsk/getUpdates "HTTP/1.1 200 OK"
2025-01-21 21:02:49,150 - httpx - INFO - HTTP Request: POST https://api.telegram.org/bot7099400053:AAGpkQ978uhK1M3GnFwNoNH04QyNVb4ufsk/getUpdates "HTTP/1.1 200 OK"
2025-01-21 21:02:59,315 - httpx - INFO - HTTP Request: POST https://api.telegram.org/bot7099400053:AAGpkQ978uhK1M3GnFwNoNH04QyNVb4ufsk/getUpdates "HTTP/1.1 200 OK"
2025-01-21 21:03:09,465 - httpx - INFO - HTTP Request: POST https://api.telegram.org/bot7099400053:AAGpkQ978uhK1M3GnFwNoNH04QyNVb4ufsk/getUpdates "HTTP/1.1 200 OK"
2025-01-21 21:03:19,619 - httpx - INFO - HTTP Request: POST https://api.telegram.org/bot7099400053:AAGpkQ978uhK1M3GnFwNoNH04QyNVb4ufsk/getUpdates "HTTP/1.1 200 OK"
2025-01-21 21:03:29,772 - httpx - INFO - HTTP Request: POST https://api.telegram.org/bot7099400053:AAGpkQ978uhK1M3GnFwNoNH04QyNVb4ufsk/getUpdates "HTTP/1.1 200 OK"
2025-01-21 21:03:39,926 - httpx - INFO - HTTP Request: POST https://api.telegram.org/bot7099400053:AAGpkQ978uhK1M3GnFwNoNH04QyNVb4ufsk/getUpdates "HTTP/1.1 200 OK"
2025-01-21 21:03:50,092 - httpx - INFO - HTTP Request: POST https://api.telegram.org/bot7099400053:AAGpkQ978uhK1M3GnFwNoNH04QyNVb4ufsk/getUpdates "HTTP/1.1 200 OK"
2025-01-21 21:04:00,247 - httpx - INFO - HTTP Request: POST https://api.telegram.org/bot7099400053:AAGpkQ978uhK1M3GnFwNoNH04QyNVb4ufsk/getUpdates "HTTP/1.1 200 OK"
2025-01-21 21:04:10,401 - httpx - INFO - HTTP Request: POST https://api.telegram.org/bot7099400053:AAGpkQ978uhK1M3GnFwNoNH04QyNVb4ufsk/getUpdates "HTTP/1.1 200 OK"
2025-01-21 21:04:20,584 - httpx - INFO - HTTP Request: POST https://api.telegram.org/bot7099400053:AAGpkQ978uhK1M3GnFwNoNH04QyNVb4ufsk/getUpdates "HTTP/1.1 200 OK"
2025-01-21 21:04:30,745 - httpx - INFO - HTTP Request: POST https://api.telegram.org/bot7099400053:AAGpkQ978uhK1M3GnFwNoNH04QyNVb4ufsk/getUpdates "HTTP/1.1 200 OK"
2025-01-21 21:04:40,934 - httpx - INFO - HTTP Request: POST https://api.telegram.org/bot7099400053:AAGpkQ978uhK1M3GnFwNoNH04QyNVb4ufsk/getUpdates "HTTP/1.1 200 OK"
2025-01-21 21:04:42,251 - httpx - INFO - HTTP Request: POST https://api.telegram.org/bot7099400053:AAGpkQ978uhK1M3GnFwNoNH04QyNVb4ufsk/getUpdates "HTTP/1.1 409 Conflict"
2025-01-21 21:04:42,252 - telegram.ext.Updater - ERROR - Error while getting Updates: Conflict: terminated by other getUpdates request; make sure that only one bot instance is running
2025-01-21 21:04:42,252 - __main__ - ERROR - Update None caused error Conflict: terminated by other getUpdates request; make sure that only one bot instance is running
2025-01-21 21:04:53,782 - httpx - INFO - HTTP Request: POST https://api.telegram.org/bot7099400053:AAGpkQ978uhK1M3GnFwNoNH04QyNVb4ufsk/getUpdates "HTTP/1.1 200 OK"
2025-01-21 21:04:53,783 - telegram.ext.Application - INFO - Application is stopping. This might take a moment.
2025-01-21 21:04:53,783 - telegram.ext.Application - INFO - Application.stop() complete
2025-01-21 21:04:53,784 - __main__ - INFO - Bot started successfully
2025-01-21 21:05:10,836 - httpx - INFO - HTTP Request: POST https://api.telegram.org/bot7099400053:AAGpkQ978uhK1M3GnFwNoNH04QyNVb4ufsk/getMe "HTTP/1.1 200 OK"
2025-01-21 21:05:10,986 - httpx - INFO - HTTP Request: POST https://api.telegram.org/bot7099400053:AAGpkQ978uhK1M3GnFwNoNH04QyNVb4ufsk/deleteWebhook "HTTP/1.1 200 OK"
2025-01-21 21:05:10,987 - telegram.ext.Application - INFO - Application started
2025-01-21 21:05:13,596 - httpx - INFO - HTTP Request: POST https://api.telegram.org/bot7099400053:AAGpkQ978uhK1M3GnFwNoNH04QyNVb4ufsk/getUpdates "HTTP/1.1 409 Conflict"
2025-01-21 21:05:13,597 - telegram.ext.Updater - ERROR - Error while getting Updates: Conflict: terminated by other getUpdates request; make sure that only one bot instance is running
2025-01-21 21:05:13,597 - __main__ - ERROR - Update None caused error Conflict: terminated by other getUpdates request; make sure that only one bot instance is running
2025-01-21 21:05:23,271 - httpx - INFO - HTTP Request: POST https://api.telegram.org/bot7099400053:AAGpkQ978uhK1M3GnFwNoNH04QyNVb4ufsk/getUpdates "HTTP/1.1 409 Conflict"
2025-01-21 21:05:23,272 - telegram.ext.Updater - ERROR - Error while getting Updates: Conflict: terminated by other getUpdates request; make sure that only one bot instance is running
2025-01-21 21:05:23,272 - __main__ - ERROR - Update None caused error Conflict: terminated by other getUpdates request; make sure that only one bot instance is running
2025-01-21 21:05:33,450 - httpx - INFO - HTTP Request: POST https://api.telegram.org/bot7099400053:AAGpkQ978uhK1M3GnFwNoNH04QyNVb4ufsk/getUpdates "HTTP/1.1 409 Conflict"
2025-01-21 21:05:33,450 - telegram.ext.Updater - ERROR - Error while getting Updates: Conflict: terminated by other getUpdates request; make sure that only one bot instance is running
2025-01-21 21:05:33,450 - __main__ - ERROR - Update None caused error Conflict: terminated by other getUpdates request; make sure that only one bot instance is running
2025-01-21 21:05:45,867 - httpx - INFO - HTTP Request: POST https://api.telegram.org/bot7099400053:AAGpkQ978uhK1M3GnFwNoNH04QyNVb4ufsk/getUpdates "HTTP/1.1 200 OK"
2025-01-21 21:05:56,022 - httpx - INFO - HTTP Request: POST https://api.telegram.org/bot7099400053:AAGpkQ978uhK1M3GnFwNoNH04QyNVb4ufsk/getUpdates "HTTP/1.1 200 OK"
2025-01-21 21:06:06,199 - httpx - INFO - HTTP Request: POST https://api.telegram.org/bot7099400053:AAGpkQ978uhK1M3GnFwNoNH04QyNVb4ufsk/getUpdates "HTTP/1.1 200 OK"
2025-01-21 21:06:16,357 - httpx - INFO - HTTP Request: POST https://api.telegram.org/bot7099400053:AAGpkQ978uhK1M3GnFwNoNH04QyNVb4ufsk/getUpdates "HTTP/1.1 200 OK"
2025-01-21 21:06:26,512 - httpx - INFO - HTTP Request: POST https://api.telegram.org/bot7099400053:AAGpkQ978uhK1M3GnFwNoNH04QyNVb4ufsk/getUpdates "HTTP/1.1 200 OK"
2025-01-21 21:06:36,669 - httpx - INFO - HTTP Request: POST https://api.telegram.org/bot7099400053:AAGpkQ978uhK1M3GnFwNoNH04QyNVb4ufsk/getUpdates "HTTP/1.1 200 OK"
2025-01-21 21:06:46,825 - httpx - INFO - HTTP Request: POST https://api.telegram.org/bot7099400053:AAGpkQ978uhK1M3GnFwNoNH04QyNVb4ufsk/getUpdates "HTTP/1.1 200 OK"
2025-01-21 21:06:56,995 - httpx - INFO - HTTP Request: POST https://api.telegram.org/bot7099400053:AAGpkQ978uhK1M3GnFwNoNH04QyNVb4ufsk/getUpdates "HTTP/1.1 200 OK"
2025-01-21 21:07:07,161 - httpx - INFO - HTTP Request: POST https://api.telegram.org/bot7099400053:AAGpkQ978uhK1M3GnFwNoNH04QyNVb4ufsk/getUpdates "HTTP/1.1 200 OK"
2025-01-21 21:07:17,317 - httpx - INFO - HTTP Request: POST https://api.telegram.org/bot7099400053:AAGpkQ978uhK1M3GnFwNoNH04QyNVb4ufsk/getUpdates "HTTP/1.1 200 OK"
2025-01-21 21:07:27,549 - httpx - INFO - HTTP Request: POST https://api.telegram.org/bot7099400053:AAGpkQ978uhK1M3GnFwNoNH04QyNVb4ufsk/getUpdates "HTTP/1.1 200 OK"
2025-01-21 21:07:37,722 - httpx - INFO - HTTP Request: POST https://api.telegram.org/bot7099400053:AAGpkQ978uhK1M3GnFwNoNH04QyNVb4ufsk/getUpdates "HTTP/1.1 200 OK"
2025-01-21 21:07:47,885 - httpx - INFO - HTTP Request: POST https://api.telegram.org/bot7099400053:AAGpkQ978uhK1M3GnFwNoNH04QyNVb4ufsk/getUpdates "HTTP/1.1 200 OK"
2025-01-21 21:07:58,039 - httpx - INFO - HTTP Request: POST https://api.telegram.org/bot7099400053:AAGpkQ978uhK1M3GnFwNoNH04QyNVb4ufsk/getUpdates "HTTP/1.1 200 OK"
2025-01-21 21:08:08,204 - httpx - INFO - HTTP Request: POST https://api.telegram.org/bot7099400053:AAGpkQ978uhK1M3GnFwNoNH04QyNVb4ufsk/getUpdates "HTTP/1.1 200 OK"
2025-01-21 21:08:18,362 - httpx - INFO - HTTP Request: POST https://api.telegram.org/bot7099400053:AAGpkQ978uhK1M3GnFwNoNH04QyNVb4ufsk/getUpdates "HTTP/1.1 200 OK"
2025-01-21 21:08:28,519 - httpx - INFO - HTTP Request: POST https://api.telegram.org/bot7099400053:AAGpkQ978uhK1M3GnFwNoNH04QyNVb4ufsk/getUpdates "HTTP/1.1 200 OK"
2025-01-21 21:08:38,762 - httpx - INFO - HTTP Request: POST https://api.telegram.org/bot7099400053:AAGpkQ978uhK1M3GnFwNoNH04QyNVb4ufsk/getUpdates "HTTP/1.1 200 OK"
2025-01-21 21:08:48,921 - httpx - INFO - HTTP Request: POST https://api.telegram.org/bot7099400053:AAGpkQ978uhK1M3GnFwNoNH04QyNVb4ufsk/getUpdates "HTTP/1.1 200 OK"
2025-01-21 21:08:59,078 - httpx - INFO - HTTP Request: POST https://api.telegram.org/bot7099400053:AAGpkQ978uhK1M3GnFwNoNH04QyNVb4ufsk/getUpdates "HTTP/1.1 200 OK"
2025-01-21 21:09:09,240 - httpx - INFO - HTTP Request: POST https://api.telegram.org/bot7099400053:AAGpkQ978uhK1M3GnFwNoNH04QyNVb4ufsk/getUpdates "HTTP/1.1 200 OK"
2025-01-21 21:09:19,398 - httpx - INFO - HTTP Request: POST https://api.telegram.org/bot7099400053:AAGpkQ978uhK1M3GnFwNoNH04QyNVb4ufsk/getUpdates "HTTP/1.1 200 OK"
2025-01-21 21:09:29,555 - httpx - INFO - HTTP Request: POST https://api.telegram.org/bot7099400053:AAGpkQ978uhK1M3GnFwNoNH04QyNVb4ufsk/getUpdates "HTTP/1.1 200 OK"
2025-01-21 21:09:39,712 - httpx - INFO - HTTP Request: POST https://api.telegram.org/bot7099400053:AAGpkQ978uhK1M3GnFwNoNH04QyNVb4ufsk/getUpdates "HTTP/1.1 200 OK"
2025-01-21 21:09:49,941 - httpx - INFO - HTTP Request: POST https://api.telegram.org/bot7099400053:AAGpkQ978uhK1M3GnFwNoNH04QyNVb4ufsk/getUpdates "HTTP/1.1 200 OK"
2025-01-21 21:10:00,098 - httpx - INFO - HTTP Request: POST https://api.telegram.org/bot7099400053:AAGpkQ978uhK1M3GnFwNoNH04QyNVb4ufsk/getUpdates "HTTP/1.1 200 OK"
2025-01-21 21:10:10,272 - httpx - INFO - HTTP Request: POST https://api.telegram.org/bot7099400053:AAGpkQ978uhK1M3GnFwNoNH04QyNVb4ufsk/getUpdates "HTTP/1.1 200 OK"
2025-01-21 21:10:20,453 - httpx - INFO - HTTP Request: POST https://api.telegram.org/bot7099400053:AAGpkQ978uhK1M3GnFwNoNH04QyNVb4ufsk/getUpdates "HTTP/1.1 200 OK"
2025-01-21 21:10:30,608 - httpx - INFO - HTTP Request: POST https://api.telegram.org/bot7099400053:AAGpkQ978uhK1M3GnFwNoNH04QyNVb4ufsk/getUpdates "HTTP/1.1 200 OK"
2025-01-21 21:10:40,764 - httpx - INFO - HTTP Request: POST https://api.telegram.org/bot7099400053:AAGpkQ978uhK1M3GnFwNoNH04QyNVb4ufsk/getUpdates "HTTP/1.1 200 OK"
2025-01-21 21:10:50,919 - httpx - INFO - HTTP Request: POST https://api.telegram.org/bot7099400053:AAGpkQ978uhK1M3GnFwNoNH04QyNVb4ufsk/getUpdates "HTTP/1.1 200 OK"
2025-01-21 21:11:01,073 - httpx - INFO - HTTP Request: POST https://api.telegram.org/bot7099400053:AAGpkQ978uhK1M3GnFwNoNH04QyNVb4ufsk/getUpdates "HTTP/1.1 200 OK"
2025-01-21 21:11:11,240 - httpx - INFO - HTTP Request: POST https://api.telegram.org/bot7099400053:AAGpkQ978uhK1M3GnFwNoNH04QyNVb4ufsk/getUpdates "HTTP/1.1 200 OK"
2025-01-21 21:11:21,394 - httpx - INFO - HTTP Request: POST https://api.telegram.org/bot7099400053:AAGpkQ978uhK1M3GnFwNoNH04QyNVb4ufsk/getUpdates "HTTP/1.1 200 OK"
2025-01-21 21:11:31,584 - httpx - INFO - HTTP Request: POST https://api.telegram.org/bot7099400053:AAGpkQ978uhK1M3GnFwNoNH04QyNVb4ufsk/getUpdates "HTTP/1.1 200 OK"
2025-01-21 21:11:41,739 - httpx - INFO - HTTP Request: POST https://api.telegram.org/bot7099400053:AAGpkQ978uhK1M3GnFwNoNH04QyNVb4ufsk/getUpdates "HTTP/1.1 200 OK"
2025-01-21 21:11:51,897 - httpx - INFO - HTTP Request: POST https://api.telegram.org/bot7099400053:AAGpkQ978uhK1M3GnFwNoNH04QyNVb4ufsk/getUpdates "HTTP/1.1 200 OK"
2025-01-21 21:12:02,075 - httpx - INFO - HTTP Request: POST https://api.telegram.org/bot7099400053:AAGpkQ978uhK1M3GnFwNoNH04QyNVb4ufsk/getUpdates "HTTP/1.1 200 OK"
2025-01-21 21:12:12,236 - httpx - INFO - HTTP Request: POST https://api.telegram.org/bot7099400053:AAGpkQ978uhK1M3GnFwNoNH04QyNVb4ufsk/getUpdates "HTTP/1.1 200 OK"
2025-01-21 21:12:22,393 - httpx - INFO - HTTP Request: POST https://api.telegram.org/bot7099400053:AAGpkQ978uhK1M3GnFwNoNH04QyNVb4ufsk/getUpdates "HTTP/1.1 200 OK"
2025-01-21 21:12:32,550 - httpx - INFO - HTTP Request: POST https://api.telegram.org/bot7099400053:AAGpkQ978uhK1M3GnFwNoNH04QyNVb4ufsk/getUpdates "HTTP/1.1 200 OK"
2025-01-21 21:12:42,703 - httpx - INFO - HTTP Request: POST https://api.telegram.org/bot7099400053:AAGpkQ978uhK1M3GnFwNoNH04QyNVb4ufsk/getUpdates "HTTP/1.1 200 OK"
2025-01-21 21:12:52,866 - httpx - INFO - HTTP Request: POST https://api.telegram.org/bot7099400053:AAGpkQ978uhK1M3GnFwNoNH04QyNVb4ufsk/getUpdates "HTTP/1.1 200 OK"
2025-01-21 21:13:03,037 - httpx - INFO - HTTP Request: POST https://api.telegram.org/bot7099400053:AAGpkQ978uhK1M3GnFwNoNH04QyNVb4ufsk/getUpdates "HTTP/1.1 200 OK"
2025-01-21 21:13:13,194 - httpx - INFO - HTTP Request: POST https://api.telegram.org/bot7099400053:AAGpkQ978uhK1M3GnFwNoNH04QyNVb4ufsk/getUpdates "HTTP/1.1 200 OK"
2025-01-21 21:13:23,349 - httpx - INFO - HTTP Request: POST https://api.telegram.org/bot7099400053:AAGpkQ978uhK1M3GnFwNoNH04QyNVb4ufsk/getUpdates "HTTP/1.1 200 OK"
2025-01-21 21:13:33,504 - httpx - INFO - HTTP Request: POST https://api.telegram.org/bot7099400053:AAGpkQ978uhK1M3GnFwNoNH04QyNVb4ufsk/getUpdates "HTTP/1.1 200 OK"
2025-01-21 21:13:43,662 - httpx - INFO - HTTP Request: POST https://api.telegram.org/bot7099400053:AAGpkQ978uhK1M3GnFwNoNH04QyNVb4ufsk/getUpdates "HTTP/1.1 200 OK"
2025-01-21 21:13:53,816 - httpx - INFO - HTTP Request: POST https://api.telegram.org/bot7099400053:AAGpkQ978uhK1M3GnFwNoNH04QyNVb4ufsk/getUpdates "HTTP/1.1 200 OK"
2025-01-21 21:14:03,975 - httpx - INFO - HTTP Request: POST https://api.telegram.org/bot7099400053:AAGpkQ978uhK1M3GnFwNoNH04QyNVb4ufsk/getUpdates "HTTP/1.1 200 OK"
2025-01-21 21:14:14,137 - httpx - INFO - HTTP Request: POST https://api.telegram.org/bot7099400053:AAGpkQ978uhK1M3GnFwNoNH04QyNVb4ufsk/getUpdates "HTTP/1.1 200 OK"
2025-01-21 21:14:24,299 - httpx - INFO - HTTP Request: POST https://api.telegram.org/bot7099400053:AAGpkQ978uhK1M3GnFwNoNH04QyNVb4ufsk/getUpdates "HTTP/1.1 200 OK"
2025-01-21 21:14:34,457 - httpx - INFO - HTTP Request: POST https://api.telegram.org/bot7099400053:AAGpkQ978uhK1M3GnFwNoNH04QyNVb4ufsk/getUpdates "HTTP/1.1 200 OK"
2025-01-21 21:14:44,616 - httpx - INFO - HTTP Request: POST https://api.telegram.org/bot7099400053:AAGpkQ978uhK1M3GnFwNoNH04QyNVb4ufsk/getUpdates "HTTP/1.1 200 OK"
2025-01-21 21:14:54,770 - httpx - INFO - HTTP Request: POST https://api.telegram.org/bot7099400053:AAGpkQ978uhK1M3GnFwNoNH04QyNVb4ufsk/getUpdates "HTTP/1.1 200 OK"
2025-01-21 21:15:04,932 - httpx - INFO - HTTP Request: POST https://api.telegram.org/bot7099400053:AAGpkQ978uhK1M3GnFwNoNH04QyNVb4ufsk/getUpdates "HTTP/1.1 200 OK"
2025-01-21 21:15:15,091 - httpx - INFO - HTTP Request: POST https://api.telegram.org/bot7099400053:AAGpkQ978uhK1M3GnFwNoNH04QyNVb4ufsk/getUpdates "HTTP/1.1 200 OK"
2025-01-21 21:15:25,251 - httpx - INFO - HTTP Request: POST https://api.telegram.org/bot7099400053:AAGpkQ978uhK1M3GnFwNoNH04QyNVb4ufsk/getUpdates "HTTP/1.1 200 OK"
2025-01-21 21:15:35,406 - httpx - INFO - HTTP Request: POST https://api.telegram.org/bot7099400053:AAGpkQ978uhK1M3GnFwNoNH04QyNVb4ufsk/getUpdates "HTTP/1.1 200 OK"
2025-01-21 21:15:45,565 - httpx - INFO - HTTP Request: POST https://api.telegram.org/bot7099400053:AAGpkQ978uhK1M3GnFwNoNH04QyNVb4ufsk/getUpdates "HTTP/1.1 200 OK"
2025-01-21 21:15:55,721 - httpx - INFO - HTTP Request: POST https://api.telegram.org/bot7099400053:AAGpkQ978uhK1M3GnFwNoNH04QyNVb4ufsk/getUpdates "HTTP/1.1 200 OK"
2025-01-21 21:16:05,889 - httpx - INFO - HTTP Request: POST https://api.telegram.org/bot7099400053:AAGpkQ978uhK1M3GnFwNoNH04QyNVb4ufsk/getUpdates "HTTP/1.1 200 OK"
2025-01-21 21:16:16,046 - httpx - INFO - HTTP Request: POST https://api.telegram.org/bot7099400053:AAGpkQ978uhK1M3GnFwNoNH04QyNVb4ufsk/getUpdates "HTTP/1.1 200 OK"
2025-01-21 21:16:26,200 - httpx - INFO - HTTP Request: POST https://api.telegram.org/bot7099400053:AAGpkQ978uhK1M3GnFwNoNH04QyNVb4ufsk/getUpdates "HTTP/1.1 200 OK"
2025-01-21 21:16:36,362 - httpx - INFO - HTTP Request: POST https://api.telegram.org/bot7099400053:AAGpkQ978uhK1M3GnFwNoNH04QyNVb4ufsk/getUpdates "HTTP/1.1 200 OK"
2025-01-21 21:16:46,516 - httpx - INFO - HTTP Request: POST https://api.telegram.org/bot7099400053:AAGpkQ978uhK1M3GnFwNoNH04QyNVb4ufsk/getUpdates "HTTP/1.1 200 OK"
2025-01-21 21:16:56,672 - httpx - INFO - HTTP Request: POST https://api.telegram.org/bot7099400053:AAGpkQ978uhK1M3GnFwNoNH04QyNVb4ufsk/getUpdates "HTTP/1.1 200 OK"
2025-01-21 21:17:06,830 - httpx - INFO - HTTP Request: POST https://api.telegram.org/bot7099400053:AAGpkQ978uhK1M3GnFwNoNH04QyNVb4ufsk/getUpdates "HTTP/1.1 200 OK"
2025-01-21 21:17:17,065 - httpx - INFO - HTTP Request: POST https://api.telegram.org/bot7099400053:AAGpkQ978uhK1M3GnFwNoNH04QyNVb4ufsk/getUpdates "HTTP/1.1 200 OK"
2025-01-21 21:17:27,237 - httpx - INFO - HTTP Request: POST https://api.telegram.org/bot7099400053:AAGpkQ978uhK1M3GnFwNoNH04QyNVb4ufsk/getUpdates "HTTP/1.1 200 OK"
2025-01-21 21:17:37,394 - httpx - INFO - HTTP Request: POST https://api.telegram.org/bot7099400053:AAGpkQ978uhK1M3GnFwNoNH04QyNVb4ufsk/getUpdates "HTTP/1.1 200 OK"
2025-01-21 21:17:47,551 - httpx - INFO - HTTP Request: POST https://api.telegram.org/bot7099400053:AAGpkQ978uhK1M3GnFwNoNH04QyNVb4ufsk/getUpdates "HTTP/1.1 200 OK"
2025-01-21 21:17:57,705 - httpx - INFO - HTTP Request: POST https://api.telegram.org/bot7099400053:AAGpkQ978uhK1M3GnFwNoNH04QyNVb4ufsk/getUpdates "HTTP/1.1 200 OK"
2025-01-21 21:18:07,861 - httpx - INFO - HTTP Request: POST https://api.telegram.org/bot7099400053:AAGpkQ978uhK1M3GnFwNoNH04QyNVb4ufsk/getUpdates "HTTP/1.1 200 OK"
2025-01-21 21:18:18,022 - httpx - INFO - HTTP Request: POST https://api.telegram.org/bot7099400053:AAGpkQ978uhK1M3GnFwNoNH04QyNVb4ufsk/getUpdates "HTTP/1.1 200 OK"
2025-01-21 21:18:28,182 - httpx - INFO - HTTP Request: POST https://api.telegram.org/bot7099400053:AAGpkQ978uhK1M3GnFwNoNH04QyNVb4ufsk/getUpdates "HTTP/1.1 200 OK"
2025-01-21 21:18:38,338 - httpx - INFO - HTTP Request: POST https://api.telegram.org/bot7099400053:AAGpkQ978uhK1M3GnFwNoNH04QyNVb4ufsk/getUpdates "HTTP/1.1 200 OK"
2025-01-21 21:18:48,496 - httpx - INFO - HTTP Request: POST https://api.telegram.org/bot7099400053:AAGpkQ978uhK1M3GnFwNoNH04QyNVb4ufsk/getUpdates "HTTP/1.1 200 OK"
2025-01-21 21:18:58,732 - httpx - INFO - HTTP Request: POST https://api.telegram.org/bot7099400053:AAGpkQ978uhK1M3GnFwNoNH04QyNVb4ufsk/getUpdates "HTTP/1.1 200 OK"
2025-01-21 21:19:08,894 - httpx - INFO - HTTP Request: POST https://api.telegram.org/bot7099400053:AAGpkQ978uhK1M3GnFwNoNH04QyNVb4ufsk/getUpdates "HTTP/1.1 200 OK"
2025-01-21 21:19:19,052 - httpx - INFO - HTTP Request: POST https://api.telegram.org/bot7099400053:AAGpkQ978uhK1M3GnFwNoNH04QyNVb4ufsk/getUpdates "HTTP/1.1 200 OK"
2025-01-21 21:19:29,206 - httpx - INFO - HTTP Request: POST https://api.telegram.org/bot7099400053:AAGpkQ978uhK1M3GnFwNoNH04QyNVb4ufsk/getUpdates "HTTP/1.1 200 OK"
2025-01-21 21:19:39,361 - httpx - INFO - HTTP Request: POST https://api.telegram.org/bot7099400053:AAGpkQ978uhK1M3GnFwNoNH04QyNVb4ufsk/getUpdates "HTTP/1.1 200 OK"
2025-01-21 21:19:49,543 - httpx - INFO - HTTP Request: POST https://api.telegram.org/bot7099400053:AAGpkQ978uhK1M3GnFwNoNH04QyNVb4ufsk/getUpdates "HTTP/1.1 200 OK"
2025-01-21 21:19:59,701 - httpx - INFO - HTTP Request: POST https://api.telegram.org/bot7099400053:AAGpkQ978uhK1M3GnFwNoNH04QyNVb4ufsk/getUpdates "HTTP/1.1 200 OK"
2025-01-21 21:20:09,856 - httpx - INFO - HTTP Request: POST https://api.telegram.org/bot7099400053:AAGpkQ978uhK1M3GnFwNoNH04QyNVb4ufsk/getUpdates "HTTP/1.1 200 OK"
2025-01-21 21:20:20,021 - httpx - INFO - HTTP Request: POST https://api.telegram.org/bot7099400053:AAGpkQ978uhK1M3GnFwNoNH04QyNVb4ufsk/getUpdates "HTTP/1.1 200 OK"
2025-01-21 21:20:30,199 - httpx - INFO - HTTP Request: POST https://api.telegram.org/bot7099400053:AAGpkQ978uhK1M3GnFwNoNH04QyNVb4ufsk/getUpdates "HTTP/1.1 200 OK"
2025-01-21 21:20:40,352 - httpx - INFO - HTTP Request: POST https://api.telegram.org/bot7099400053:AAGpkQ978uhK1M3GnFwNoNH04QyNVb4ufsk/getUpdates "HTTP/1.1 200 OK"
2025-01-21 21:20:50,508 - httpx - INFO - HTTP Request: POST https://api.telegram.org/bot7099400053:AAGpkQ978uhK1M3GnFwNoNH04QyNVb4ufsk/getUpdates "HTTP/1.1 200 OK"
2025-01-21 21:21:00,662 - httpx - INFO - HTTP Request: POST https://api.telegram.org/bot7099400053:AAGpkQ978uhK1M3GnFwNoNH04QyNVb4ufsk/getUpdates "HTTP/1.1 200 OK"
2025-01-21 21:21:10,846 - httpx - INFO - HTTP Request: POST https://api.telegram.org/bot7099400053:AAGpkQ978uhK1M3GnFwNoNH04QyNVb4ufsk/getUpdates "HTTP/1.1 200 OK"
2025-01-21 21:21:21,000 - httpx - INFO - HTTP Request: POST https://api.telegram.org/bot7099400053:AAGpkQ978uhK1M3GnFwNoNH04QyNVb4ufsk/getUpdates "HTTP/1.1 200 OK"
2025-01-21 21:21:31,156 - httpx - INFO - HTTP Request: POST https://api.telegram.org/bot7099400053:AAGpkQ978uhK1M3GnFwNoNH04QyNVb4ufsk/getUpdates "HTTP/1.1 200 OK"
2025-01-21 21:21:41,309 - httpx - INFO - HTTP Request: POST https://api.telegram.org/bot7099400053:AAGpkQ978uhK1M3GnFwNoNH04QyNVb4ufsk/getUpdates "HTTP/1.1 200 OK"
2025-01-21 21:21:51,464 - httpx - INFO - HTTP Request: POST https://api.telegram.org/bot7099400053:AAGpkQ978uhK1M3GnFwNoNH04QyNVb4ufsk/getUpdates "HTTP/1.1 200 OK"
2025-01-21 21:22:01,627 - httpx - INFO - HTTP Request: POST https://api.telegram.org/bot7099400053:AAGpkQ978uhK1M3GnFwNoNH04QyNVb4ufsk/getUpdates "HTTP/1.1 200 OK"
2025-01-21 21:22:12,087 - httpx - INFO - HTTP Request: POST https://api.telegram.org/bot7099400053:AAGpkQ978uhK1M3GnFwNoNH04QyNVb4ufsk/getUpdates "HTTP/1.1 200 OK"
2025-01-21 21:22:22,258 - httpx - INFO - HTTP Request: POST https://api.telegram.org/bot7099400053:AAGpkQ978uhK1M3GnFwNoNH04QyNVb4ufsk/getUpdates "HTTP/1.1 200 OK"
2025-01-21 21:22:32,413 - httpx - INFO - HTTP Request: POST https://api.telegram.org/bot7099400053:AAGpkQ978uhK1M3GnFwNoNH04QyNVb4ufsk/getUpdates "HTTP/1.1 200 OK"
2025-01-21 21:22:42,569 - httpx - INFO - HTTP Request: POST https://api.telegram.org/bot7099400053:AAGpkQ978uhK1M3GnFwNoNH04QyNVb4ufsk/getUpdates "HTTP/1.1 200 OK"
2025-01-21 21:22:52,725 - httpx - INFO - HTTP Request: POST https://api.telegram.org/bot7099400053:AAGpkQ978uhK1M3GnFwNoNH04QyNVb4ufsk/getUpdates "HTTP/1.1 200 OK"
2025-01-21 21:23:02,876 - httpx - INFO - HTTP Request: POST https://api.telegram.org/bot7099400053:AAGpkQ978uhK1M3GnFwNoNH04QyNVb4ufsk/getUpdates "HTTP/1.1 200 OK"
2025-01-21 21:23:13,049 - httpx - INFO - HTTP Request: POST https://api.telegram.org/bot7099400053:AAGpkQ978uhK1M3GnFwNoNH04QyNVb4ufsk/getUpdates "HTTP/1.1 200 OK"
2025-01-21 21:23:23,205 - httpx - INFO - HTTP Request: POST https://api.telegram.org/bot7099400053:AAGpkQ978uhK1M3GnFwNoNH04QyNVb4ufsk/getUpdates "HTTP/1.1 200 OK"
2025-01-21 21:23:33,358 - httpx - INFO - HTTP Request: POST https://api.telegram.org/bot7099400053:AAGpkQ978uhK1M3GnFwNoNH04QyNVb4ufsk/getUpdates "HTTP/1.1 200 OK"
2025-01-21 21:23:43,515 - httpx - INFO - HTTP Request: POST https://api.telegram.org/bot7099400053:AAGpkQ978uhK1M3GnFwNoNH04QyNVb4ufsk/getUpdates "HTTP/1.1 200 OK"
2025-01-21 21:23:53,665 - httpx - INFO - HTTP Request: POST https://api.telegram.org/bot7099400053:AAGpkQ978uhK1M3GnFwNoNH04QyNVb4ufsk/getUpdates "HTTP/1.1 200 OK"
2025-01-21 21:24:03,827 - httpx - INFO - HTTP Request: POST https://api.telegram.org/bot7099400053:AAGpkQ978uhK1M3GnFwNoNH04QyNVb4ufsk/getUpdates "HTTP/1.1 200 OK"
2025-01-21 21:24:13,978 - httpx - INFO - HTTP Request: POST https://api.telegram.org/bot7099400053:AAGpkQ978uhK1M3GnFwNoNH04QyNVb4ufsk/getUpdates "HTTP/1.1 200 OK"
2025-01-21 21:24:24,137 - httpx - INFO - HTTP Request: POST https://api.telegram.org/bot7099400053:AAGpkQ978uhK1M3GnFwNoNH04QyNVb4ufsk/getUpdates "HTTP/1.1 200 OK"
2025-01-21 21:24:34,298 - httpx - INFO - HTTP Request: POST https://api.telegram.org/bot7099400053:AAGpkQ978uhK1M3GnFwNoNH04QyNVb4ufsk/getUpdates "HTTP/1.1 200 OK"
2025-01-21 21:24:44,448 - httpx - INFO - HTTP Request: POST https://api.telegram.org/bot7099400053:AAGpkQ978uhK1M3GnFwNoNH04QyNVb4ufsk/getUpdates "HTTP/1.1 200 OK"
2025-01-21 21:24:54,608 - httpx - INFO - HTTP Request: POST https://api.telegram.org/bot7099400053:AAGpkQ978uhK1M3GnFwNoNH04QyNVb4ufsk/getUpdates "HTTP/1.1 200 OK"
2025-01-21 21:25:04,763 - httpx - INFO - HTTP Request: POST https://api.telegram.org/bot7099400053:AAGpkQ978uhK1M3GnFwNoNH04QyNVb4ufsk/getUpdates "HTTP/1.1 200 OK"
2025-01-21 21:25:14,913 - httpx - INFO - HTTP Request: POST https://api.telegram.org/bot7099400053:AAGpkQ978uhK1M3GnFwNoNH04QyNVb4ufsk/getUpdates "HTTP/1.1 200 OK"
2025-01-21 21:25:25,065 - httpx - INFO - HTTP Request: POST https://api.telegram.org/bot7099400053:AAGpkQ978uhK1M3GnFwNoNH04QyNVb4ufsk/getUpdates "HTTP/1.1 200 OK"
2025-01-21 21:25:35,247 - httpx - INFO - HTTP Request: POST https://api.telegram.org/bot7099400053:AAGpkQ978uhK1M3GnFwNoNH04QyNVb4ufsk/getUpdates "HTTP/1.1 200 OK"
2025-01-21 21:25:45,413 - httpx - INFO - HTTP Request: POST https://api.telegram.org/bot7099400053:AAGpkQ978uhK1M3GnFwNoNH04QyNVb4ufsk/getUpdates "HTTP/1.1 200 OK"
2025-01-21 21:25:55,591 - httpx - INFO - HTTP Request: POST https://api.telegram.org/bot7099400053:AAGpkQ978uhK1M3GnFwNoNH04QyNVb4ufsk/getUpdates "HTTP/1.1 200 OK"
2025-01-21 21:26:05,744 - httpx - INFO - HTTP Request: POST https://api.telegram.org/bot7099400053:AAGpkQ978uhK1M3GnFwNoNH04QyNVb4ufsk/getUpdates "HTTP/1.1 200 OK"
2025-01-21 21:26:15,908 - httpx - INFO - HTTP Request: POST https://api.telegram.org/bot7099400053:AAGpkQ978uhK1M3GnFwNoNH04QyNVb4ufsk/getUpdates "HTTP/1.1 200 OK"
2025-01-21 21:26:26,114 - httpx - INFO - HTTP Request: POST https://api.telegram.org/bot7099400053:AAGpkQ978uhK1M3GnFwNoNH04QyNVb4ufsk/getUpdates "HTTP/1.1 200 OK"
2025-01-21 21:26:36,269 - httpx - INFO - HTTP Request: POST https://api.telegram.org/bot7099400053:AAGpkQ978uhK1M3GnFwNoNH04QyNVb4ufsk/getUpdates "HTTP/1.1 200 OK"
2025-01-21 21:26:46,430 - httpx - INFO - HTTP Request: POST https://api.telegram.org/bot7099400053:AAGpkQ978uhK1M3GnFwNoNH04QyNVb4ufsk/getUpdates "HTTP/1.1 200 OK"
2025-01-21 21:26:56,595 - httpx - INFO - HTTP Request: POST https://api.telegram.org/bot7099400053:AAGpkQ978uhK1M3GnFwNoNH04QyNVb4ufsk/getUpdates "HTTP/1.1 200 OK"
2025-01-21 21:27:06,752 - httpx - INFO - HTTP Request: POST https://api.telegram.org/bot7099400053:AAGpkQ978uhK1M3GnFwNoNH04QyNVb4ufsk/getUpdates "HTTP/1.1 200 OK"
2025-01-21 21:27:16,949 - httpx - INFO - HTTP Request: POST https://api.telegram.org/bot7099400053:AAGpkQ978uhK1M3GnFwNoNH04QyNVb4ufsk/getUpdates "HTTP/1.1 200 OK"
2025-01-21 21:27:27,106 - httpx - INFO - HTTP Request: POST https://api.telegram.org/bot7099400053:AAGpkQ978uhK1M3GnFwNoNH04QyNVb4ufsk/getUpdates "HTTP/1.1 200 OK"
2025-01-21 21:27:37,260 - httpx - INFO - HTTP Request: POST https://api.telegram.org/bot7099400053:AAGpkQ978uhK1M3GnFwNoNH04QyNVb4ufsk/getUpdates "HTTP/1.1 200 OK"
2025-01-21 21:27:47,418 - httpx - INFO - HTTP Request: POST https://api.telegram.org/bot7099400053:AAGpkQ978uhK1M3GnFwNoNH04QyNVb4ufsk/getUpdates "HTTP/1.1 200 OK"
2025-01-21 21:27:57,585 - httpx - INFO - HTTP Request: POST https://api.telegram.org/bot7099400053:AAGpkQ978uhK1M3GnFwNoNH04QyNVb4ufsk/getUpdates "HTTP/1.1 200 OK"
2025-01-21 21:28:07,847 - httpx - INFO - HTTP Request: POST https://api.telegram.org/bot7099400053:AAGpkQ978uhK1M3GnFwNoNH04QyNVb4ufsk/getUpdates "HTTP/1.1 200 OK"
2025-01-21 21:28:18,031 - httpx - INFO - HTTP Request: POST https://api.telegram.org/bot7099400053:AAGpkQ978uhK1M3GnFwNoNH04QyNVb4ufsk/getUpdates "HTTP/1.1 200 OK"
2025-01-21 21:28:28,186 - httpx - INFO - HTTP Request: POST https://api.telegram.org/bot7099400053:AAGpkQ978uhK1M3GnFwNoNH04QyNVb4ufsk/getUpdates "HTTP/1.1 200 OK"
2025-01-21 21:28:38,354 - httpx - INFO - HTTP Request: POST https://api.telegram.org/bot7099400053:AAGpkQ978uhK1M3GnFwNoNH04QyNVb4ufsk/getUpdates "HTTP/1.1 200 OK"
2025-01-21 21:28:48,509 - httpx - INFO - HTTP Request: POST https://api.telegram.org/bot7099400053:AAGpkQ978uhK1M3GnFwNoNH04QyNVb4ufsk/getUpdates "HTTP/1.1 200 OK"
2025-01-21 21:28:58,665 - httpx - INFO - HTTP Request: POST https://api.telegram.org/bot7099400053:AAGpkQ978uhK1M3GnFwNoNH04QyNVb4ufsk/getUpdates "HTTP/1.1 200 OK"
2025-01-21 21:29:08,825 - httpx - INFO - HTTP Request: POST https://api.telegram.org/bot7099400053:AAGpkQ978uhK1M3GnFwNoNH04QyNVb4ufsk/getUpdates "HTTP/1.1 200 OK"
2025-01-21 21:29:18,982 - httpx - INFO - HTTP Request: POST https://api.telegram.org/bot7099400053:AAGpkQ978uhK1M3GnFwNoNH04QyNVb4ufsk/getUpdates "HTTP/1.1 200 OK"
2025-01-21 21:29:29,136 - httpx - INFO - HTTP Request: POST https://api.telegram.org/bot7099400053:AAGpkQ978uhK1M3GnFwNoNH04QyNVb4ufsk/getUpdates "HTTP/1.1 200 OK"
2025-01-21 21:29:39,308 - httpx - INFO - HTTP Request: POST https://api.telegram.org/bot7099400053:AAGpkQ978uhK1M3GnFwNoNH04QyNVb4ufsk/getUpdates "HTTP/1.1 200 OK"
2025-01-21 21:29:49,491 - httpx - INFO - HTTP Request: POST https://api.telegram.org/bot7099400053:AAGpkQ978uhK1M3GnFwNoNH04QyNVb4ufsk/getUpdates "HTTP/1.1 200 OK"
2025-01-21 21:29:59,645 - httpx - INFO - HTTP Request: POST https://api.telegram.org/bot7099400053:AAGpkQ978uhK1M3GnFwNoNH04QyNVb4ufsk/getUpdates "HTTP/1.1 200 OK"
2025-01-21 21:30:09,803 - httpx - INFO - HTTP Request: POST https://api.telegram.org/bot7099400053:AAGpkQ978uhK1M3GnFwNoNH04QyNVb4ufsk/getUpdates "HTTP/1.1 200 OK"
2025-01-21 21:30:19,959 - httpx - INFO - HTTP Request: POST https://api.telegram.org/bot7099400053:AAGpkQ978uhK1M3GnFwNoNH04QyNVb4ufsk/getUpdates "HTTP/1.1 200 OK"
2025-01-21 21:30:30,113 - httpx - INFO - HTTP Request: POST https://api.telegram.org/bot7099400053:AAGpkQ978uhK1M3GnFwNoNH04QyNVb4ufsk/getUpdates "HTTP/1.1 200 OK"
2025-01-21 21:30:40,270 - httpx - INFO - HTTP Request: POST https://api.telegram.org/bot7099400053:AAGpkQ978uhK1M3GnFwNoNH04QyNVb4ufsk/getUpdates "HTTP/1.1 200 OK"
2025-01-21 21:30:50,425 - httpx - INFO - HTTP Request: POST https://api.telegram.org/bot7099400053:AAGpkQ978uhK1M3GnFwNoNH04QyNVb4ufsk/getUpdates "HTTP/1.1 200 OK"
2025-01-21 21:31:00,582 - httpx - INFO - HTTP Request: POST https://api.telegram.org/bot7099400053:AAGpkQ978uhK1M3GnFwNoNH04QyNVb4ufsk/getUpdates "HTTP/1.1 200 OK"
2025-01-21 21:31:10,744 - httpx - INFO - HTTP Request: POST https://api.telegram.org/bot7099400053:AAGpkQ978uhK1M3GnFwNoNH04QyNVb4ufsk/getUpdates "HTTP/1.1 200 OK"
2025-01-21 21:31:20,929 - httpx - INFO - HTTP Request: POST https://api.telegram.org/bot7099400053:AAGpkQ978uhK1M3GnFwNoNH04QyNVb4ufsk/getUpdates "HTTP/1.1 200 OK"
2025-01-21 21:31:31,122 - httpx - INFO - HTTP Request: POST https://api.telegram.org/bot7099400053:AAGpkQ978uhK1M3GnFwNoNH04QyNVb4ufsk/getUpdates "HTTP/1.1 200 OK"
2025-01-21 21:31:41,280 - httpx - INFO - HTTP Request: POST https://api.telegram.org/bot7099400053:AAGpkQ978uhK1M3GnFwNoNH04QyNVb4ufsk/getUpdates "HTTP/1.1 200 OK"
2025-01-21 21:31:51,438 - httpx - INFO - HTTP Request: POST https://api.telegram.org/bot7099400053:AAGpkQ978uhK1M3GnFwNoNH04QyNVb4ufsk/getUpdates "HTTP/1.1 200 OK"
2025-01-21 21:32:01,645 - httpx - INFO - HTTP Request: POST https://api.telegram.org/bot7099400053:AAGpkQ978uhK1M3GnFwNoNH04QyNVb4ufsk/getUpdates "HTTP/1.1 200 OK"
2025-01-21 21:32:11,809 - httpx - INFO - HTTP Request: POST https://api.telegram.org/bot7099400053:AAGpkQ978uhK1M3GnFwNoNH04QyNVb4ufsk/getUpdates "HTTP/1.1 200 OK"
2025-01-21 21:32:21,970 - httpx - INFO - HTTP Request: POST https://api.telegram.org/bot7099400053:AAGpkQ978uhK1M3GnFwNoNH04QyNVb4ufsk/getUpdates "HTTP/1.1 200 OK"
2025-01-21 21:32:32,124 - httpx - INFO - HTTP Request: POST https://api.telegram.org/bot7099400053:AAGpkQ978uhK1M3GnFwNoNH04QyNVb4ufsk/getUpdates "HTTP/1.1 200 OK"
2025-01-21 21:32:42,319 - httpx - INFO - HTTP Request: POST https://api.telegram.org/bot7099400053:AAGpkQ978uhK1M3GnFwNoNH04QyNVb4ufsk/getUpdates "HTTP/1.1 200 OK"
2025-01-21 21:32:52,475 - httpx - INFO - HTTP Request: POST https://api.telegram.org/bot7099400053:AAGpkQ978uhK1M3GnFwNoNH04QyNVb4ufsk/getUpdates "HTTP/1.1 200 OK"
2025-01-21 21:33:02,635 - httpx - INFO - HTTP Request: POST https://api.telegram.org/bot7099400053:AAGpkQ978uhK1M3GnFwNoNH04QyNVb4ufsk/getUpdates "HTTP/1.1 200 OK"
2025-01-21 21:33:12,797 - httpx - INFO - HTTP Request: POST https://api.telegram.org/bot7099400053:AAGpkQ978uhK1M3GnFwNoNH04QyNVb4ufsk/getUpdates "HTTP/1.1 200 OK"
2025-01-21 21:33:22,951 - httpx - INFO - HTTP Request: POST https://api.telegram.org/bot7099400053:AAGpkQ978uhK1M3GnFwNoNH04QyNVb4ufsk/getUpdates "HTTP/1.1 200 OK"
2025-01-21 21:33:33,111 - httpx - INFO - HTTP Request: POST https://api.telegram.org/bot7099400053:AAGpkQ978uhK1M3GnFwNoNH04QyNVb4ufsk/getUpdates "HTTP/1.1 200 OK"
2025-01-21 21:33:43,267 - httpx - INFO - HTTP Request: POST https://api.telegram.org/bot7099400053:AAGpkQ978uhK1M3GnFwNoNH04QyNVb4ufsk/getUpdates "HTTP/1.1 200 OK"
2025-01-21 21:33:53,423 - httpx - INFO - HTTP Request: POST https://api.telegram.org/bot7099400053:AAGpkQ978uhK1M3GnFwNoNH04QyNVb4ufsk/getUpdates "HTTP/1.1 200 OK"
2025-01-21 21:34:03,581 - httpx - INFO - HTTP Request: POST https://api.telegram.org/bot7099400053:AAGpkQ978uhK1M3GnFwNoNH04QyNVb4ufsk/getUpdates "HTTP/1.1 200 OK"
2025-01-21 21:34:13,743 - httpx - INFO - HTTP Request: POST https://api.telegram.org/bot7099400053:AAGpkQ978uhK1M3GnFwNoNH04QyNVb4ufsk/getUpdates "HTTP/1.1 200 OK"
2025-01-21 21:34:23,904 - httpx - INFO - HTTP Request: POST https://api.telegram.org/bot7099400053:AAGpkQ978uhK1M3GnFwNoNH04QyNVb4ufsk/getUpdates "HTTP/1.1 200 OK"
2025-01-21 21:34:34,063 - httpx - INFO - HTTP Request: POST https://api.telegram.org/bot7099400053:AAGpkQ978uhK1M3GnFwNoNH04QyNVb4ufsk/getUpdates "HTTP/1.1 200 OK"
2025-01-21 21:34:44,225 - httpx - INFO - HTTP Request: POST https://api.telegram.org/bot7099400053:AAGpkQ978uhK1M3GnFwNoNH04QyNVb4ufsk/getUpdates "HTTP/1.1 200 OK"
2025-01-21 21:34:54,387 - httpx - INFO - HTTP Request: POST https://api.telegram.org/bot7099400053:AAGpkQ978uhK1M3GnFwNoNH04QyNVb4ufsk/getUpdates "HTTP/1.1 200 OK"
2025-01-21 21:35:04,561 - httpx - INFO - HTTP Request: POST https://api.telegram.org/bot7099400053:AAGpkQ978uhK1M3GnFwNoNH04QyNVb4ufsk/getUpdates "HTTP/1.1 200 OK"
2025-01-21 21:35:14,712 - httpx - INFO - HTTP Request: POST https://api.telegram.org/bot7099400053:AAGpkQ978uhK1M3GnFwNoNH04QyNVb4ufsk/getUpdates "HTTP/1.1 200 OK"
2025-01-21 21:35:24,873 - httpx - INFO - HTTP Request: POST https://api.telegram.org/bot7099400053:AAGpkQ978uhK1M3GnFwNoNH04QyNVb4ufsk/getUpdates "HTTP/1.1 200 OK"
2025-01-21 21:35:35,077 - httpx - INFO - HTTP Request: POST https://api.telegram.org/bot7099400053:AAGpkQ978uhK1M3GnFwNoNH04QyNVb4ufsk/getUpdates "HTTP/1.1 200 OK"
2025-01-21 21:35:45,231 - httpx - INFO - HTTP Request: POST https://api.telegram.org/bot7099400053:AAGpkQ978uhK1M3GnFwNoNH04QyNVb4ufsk/getUpdates "HTTP/1.1 200 OK"
2025-01-21 21:35:55,401 - httpx - INFO - HTTP Request: POST https://api.telegram.org/bot7099400053:AAGpkQ978uhK1M3GnFwNoNH04QyNVb4ufsk/getUpdates "HTTP/1.1 200 OK"
2025-01-21 21:36:05,553 - httpx - INFO - HTTP Request: POST https://api.telegram.org/bot7099400053:AAGpkQ978uhK1M3GnFwNoNH04QyNVb4ufsk/getUpdates "HTTP/1.1 200 OK"
2025-01-21 21:36:15,711 - httpx - INFO - HTTP Request: POST https://api.telegram.org/bot7099400053:AAGpkQ978uhK1M3GnFwNoNH04QyNVb4ufsk/getUpdates "HTTP/1.1 200 OK"
2025-01-21 21:36:25,860 - httpx - INFO - HTTP Request: POST https://api.telegram.org/bot7099400053:AAGpkQ978uhK1M3GnFwNoNH04QyNVb4ufsk/getUpdates "HTTP/1.1 200 OK"
2025-01-21 21:36:36,014 - httpx - INFO - HTTP Request: POST https://api.telegram.org/bot7099400053:AAGpkQ978uhK1M3GnFwNoNH04QyNVb4ufsk/getUpdates "HTTP/1.1 200 OK"
2025-01-21 21:36:46,168 - httpx - INFO - HTTP Request: POST https://api.telegram.org/bot7099400053:AAGpkQ978uhK1M3GnFwNoNH04QyNVb4ufsk/getUpdates "HTTP/1.1 200 OK"
2025-01-21 21:36:56,322 - httpx - INFO - HTTP Request: POST https://api.telegram.org/bot7099400053:AAGpkQ978uhK1M3GnFwNoNH04QyNVb4ufsk/getUpdates "HTTP/1.1 200 OK"
2025-01-21 21:37:06,525 - httpx - INFO - HTTP Request: POST https://api.telegram.org/bot7099400053:AAGpkQ978uhK1M3GnFwNoNH04QyNVb4ufsk/getUpdates "HTTP/1.1 200 OK"
2025-01-21 21:37:16,682 - httpx - INFO - HTTP Request: POST https://api.telegram.org/bot7099400053:AAGpkQ978uhK1M3GnFwNoNH04QyNVb4ufsk/getUpdates "HTTP/1.1 200 OK"
2025-01-21 21:37:26,869 - httpx - INFO - HTTP Request: POST https://api.telegram.org/bot7099400053:AAGpkQ978uhK1M3GnFwNoNH04QyNVb4ufsk/getUpdates "HTTP/1.1 200 OK"
2025-01-21 21:37:37,020 - httpx - INFO - HTTP Request: POST https://api.telegram.org/bot7099400053:AAGpkQ978uhK1M3GnFwNoNH04QyNVb4ufsk/getUpdates "HTTP/1.1 200 OK"
2025-01-21 21:37:47,177 - httpx - INFO - HTTP Request: POST https://api.telegram.org/bot7099400053:AAGpkQ978uhK1M3GnFwNoNH04QyNVb4ufsk/getUpdates "HTTP/1.1 200 OK"
2025-01-21 21:37:57,337 - httpx - INFO - HTTP Request: POST https://api.telegram.org/bot7099400053:AAGpkQ978uhK1M3GnFwNoNH04QyNVb4ufsk/getUpdates "HTTP/1.1 200 OK"
2025-01-21 21:38:07,490 - httpx - INFO - HTTP Request: POST https://api.telegram.org/bot7099400053:AAGpkQ978uhK1M3GnFwNoNH04QyNVb4ufsk/getUpdates "HTTP/1.1 200 OK"
2025-01-21 21:38:17,647 - httpx - INFO - HTTP Request: POST https://api.telegram.org/bot7099400053:AAGpkQ978uhK1M3GnFwNoNH04QyNVb4ufsk/getUpdates "HTTP/1.1 200 OK"
2025-01-21 21:38:27,806 - httpx - INFO - HTTP Request: POST https://api.telegram.org/bot7099400053:AAGpkQ978uhK1M3GnFwNoNH04QyNVb4ufsk/getUpdates "HTTP/1.1 200 OK"
2025-01-21 21:38:38,010 - httpx - INFO - HTTP Request: POST https://api.telegram.org/bot7099400053:AAGpkQ978uhK1M3GnFwNoNH04QyNVb4ufsk/getUpdates "HTTP/1.1 200 OK"
2025-01-21 21:38:48,168 - httpx - INFO - HTTP Request: POST https://api.telegram.org/bot7099400053:AAGpkQ978uhK1M3GnFwNoNH04QyNVb4ufsk/getUpdates "HTTP/1.1 200 OK"
2025-01-21 21:38:58,323 - httpx - INFO - HTTP Request: POST https://api.telegram.org/bot7099400053:AAGpkQ978uhK1M3GnFwNoNH04QyNVb4ufsk/getUpdates "HTTP/1.1 200 OK"
2025-01-21 21:39:08,778 - httpx - INFO - HTTP Request: POST https://api.telegram.org/bot7099400053:AAGpkQ978uhK1M3GnFwNoNH04QyNVb4ufsk/getUpdates "HTTP/1.1 200 OK"
2025-01-21 21:39:18,930 - httpx - INFO - HTTP Request: POST https://api.telegram.org/bot7099400053:AAGpkQ978uhK1M3GnFwNoNH04QyNVb4ufsk/getUpdates "HTTP/1.1 200 OK"
2025-01-21 21:39:29,081 - httpx - INFO - HTTP Request: POST https://api.telegram.org/bot7099400053:AAGpkQ978uhK1M3GnFwNoNH04QyNVb4ufsk/getUpdates "HTTP/1.1 200 OK"
2025-01-21 21:39:39,231 - httpx - INFO - HTTP Request: POST https://api.telegram.org/bot7099400053:AAGpkQ978uhK1M3GnFwNoNH04QyNVb4ufsk/getUpdates "HTTP/1.1 200 OK"
2025-01-21 21:39:49,380 - httpx - INFO - HTTP Request: POST https://api.telegram.org/bot7099400053:AAGpkQ978uhK1M3GnFwNoNH04QyNVb4ufsk/getUpdates "HTTP/1.1 200 OK"
2025-01-21 21:39:59,530 - httpx - INFO - HTTP Request: POST https://api.telegram.org/bot7099400053:AAGpkQ978uhK1M3GnFwNoNH04QyNVb4ufsk/getUpdates "HTTP/1.1 200 OK"
2025-01-21 21:40:09,681 - httpx - INFO - HTTP Request: POST https://api.telegram.org/bot7099400053:AAGpkQ978uhK1M3GnFwNoNH04QyNVb4ufsk/getUpdates "HTTP/1.1 200 OK"
2025-01-21 21:40:19,830 - httpx - INFO - HTTP Request: POST https://api.telegram.org/bot7099400053:AAGpkQ978uhK1M3GnFwNoNH04QyNVb4ufsk/getUpdates "HTTP/1.1 200 OK"
2025-01-21 21:40:29,980 - httpx - INFO - HTTP Request: POST https://api.telegram.org/bot7099400053:AAGpkQ978uhK1M3GnFwNoNH04QyNVb4ufsk/getUpdates "HTTP/1.1 200 OK"
2025-01-21 21:40:40,130 - httpx - INFO - HTTP Request: POST https://api.telegram.org/bot7099400053:AAGpkQ978uhK1M3GnFwNoNH04QyNVb4ufsk/getUpdates "HTTP/1.1 200 OK"
2025-01-21 21:40:50,280 - httpx - INFO - HTTP Request: POST https://api.telegram.org/bot7099400053:AAGpkQ978uhK1M3GnFwNoNH04QyNVb4ufsk/getUpdates "HTTP/1.1 200 OK"
2025-01-21 21:41:00,436 - httpx - INFO - HTTP Request: POST https://api.telegram.org/bot7099400053:AAGpkQ978uhK1M3GnFwNoNH04QyNVb4ufsk/getUpdates "HTTP/1.1 200 OK"
2025-01-21 21:41:10,593 - httpx - INFO - HTTP Request: POST https://api.telegram.org/bot7099400053:AAGpkQ978uhK1M3GnFwNoNH04QyNVb4ufsk/getUpdates "HTTP/1.1 200 OK"
2025-01-21 21:41:20,747 - httpx - INFO - HTTP Request: POST https://api.telegram.org/bot7099400053:AAGpkQ978uhK1M3GnFwNoNH04QyNVb4ufsk/getUpdates "HTTP/1.1 200 OK"
2025-01-21 21:41:30,898 - httpx - INFO - HTTP Request: POST https://api.telegram.org/bot7099400053:AAGpkQ978uhK1M3GnFwNoNH04QyNVb4ufsk/getUpdates "HTTP/1.1 200 OK"
2025-01-21 21:41:41,047 - httpx - INFO - HTTP Request: POST https://api.telegram.org/bot7099400053:AAGpkQ978uhK1M3GnFwNoNH04QyNVb4ufsk/getUpdates "HTTP/1.1 200 OK"
2025-01-21 21:41:51,198 - httpx - INFO - HTTP Request: POST https://api.telegram.org/bot7099400053:AAGpkQ978uhK1M3GnFwNoNH04QyNVb4ufsk/getUpdates "HTTP/1.1 200 OK"
2025-01-21 21:42:01,348 - httpx - INFO - HTTP Request: POST https://api.telegram.org/bot7099400053:AAGpkQ978uhK1M3GnFwNoNH04QyNVb4ufsk/getUpdates "HTTP/1.1 200 OK"
2025-01-21 21:42:11,499 - httpx - INFO - HTTP Request: POST https://api.telegram.org/bot7099400053:AAGpkQ978uhK1M3GnFwNoNH04QyNVb4ufsk/getUpdates "HTTP/1.1 200 OK"
2025-01-21 21:42:21,650 - httpx - INFO - HTTP Request: POST https://api.telegram.org/bot7099400053:AAGpkQ978uhK1M3GnFwNoNH04QyNVb4ufsk/getUpdates "HTTP/1.1 200 OK"
2025-01-21 21:42:31,800 - httpx - INFO - HTTP Request: POST https://api.telegram.org/bot7099400053:AAGpkQ978uhK1M3GnFwNoNH04QyNVb4ufsk/getUpdates "HTTP/1.1 200 OK"
2025-01-21 21:42:41,949 - httpx - INFO - HTTP Request: POST https://api.telegram.org/bot7099400053:AAGpkQ978uhK1M3GnFwNoNH04QyNVb4ufsk/getUpdates "HTTP/1.1 200 OK"
2025-01-21 21:42:52,100 - httpx - INFO - HTTP Request: POST https://api.telegram.org/bot7099400053:AAGpkQ978uhK1M3GnFwNoNH04QyNVb4ufsk/getUpdates "HTTP/1.1 200 OK"
2025-01-21 21:43:02,250 - httpx - INFO - HTTP Request: POST https://api.telegram.org/bot7099400053:AAGpkQ978uhK1M3GnFwNoNH04QyNVb4ufsk/getUpdates "HTTP/1.1 200 OK"
2025-01-21 21:43:12,400 - httpx - INFO - HTTP Request: POST https://api.telegram.org/bot7099400053:AAGpkQ978uhK1M3GnFwNoNH04QyNVb4ufsk/getUpdates "HTTP/1.1 200 OK"
2025-01-21 21:43:22,550 - httpx - INFO - HTTP Request: POST https://api.telegram.org/bot7099400053:AAGpkQ978uhK1M3GnFwNoNH04QyNVb4ufsk/getUpdates "HTTP/1.1 200 OK"
2025-01-21 21:43:32,699 - httpx - INFO - HTTP Request: POST https://api.telegram.org/bot7099400053:AAGpkQ978uhK1M3GnFwNoNH04QyNVb4ufsk/getUpdates "HTTP/1.1 200 OK"
2025-01-21 21:43:42,849 - httpx - INFO - HTTP Request: POST https://api.telegram.org/bot7099400053:AAGpkQ978uhK1M3GnFwNoNH04QyNVb4ufsk/getUpdates "HTTP/1.1 200 OK"
2025-01-21 21:43:52,999 - httpx - INFO - HTTP Request: POST https://api.telegram.org/bot7099400053:AAGpkQ978uhK1M3GnFwNoNH04QyNVb4ufsk/getUpdates "HTTP/1.1 200 OK"
2025-01-21 21:44:03,150 - httpx - INFO - HTTP Request: POST https://api.telegram.org/bot7099400053:AAGpkQ978uhK1M3GnFwNoNH04QyNVb4ufsk/getUpdates "HTTP/1.1 200 OK"
2025-01-21 21:44:13,299 - httpx - INFO - HTTP Request: POST https://api.telegram.org/bot7099400053:AAGpkQ978uhK1M3GnFwNoNH04QyNVb4ufsk/getUpdates "HTTP/1.1 200 OK"
2025-01-21 21:44:20,154 - telegram.ext.Updater - ERROR - Error while calling `get_updates` one more time to mark all fetched updates as read: %s. Suppressing error to ensure graceful shutdown. When polling for updates is restarted, updates may be fetched again. Please adjust timeouts via `ApplicationBuilder` or the parameter `get_updates_request` of `Bot`.
Traceback (most recent call last):
  File "/home/ubuntu/.pyenv/versions/3.12.7/lib/python3.12/site-packages/httpx/_transports/default.py", line 66, in map_httpcore_exceptions
    yield
  File "/home/ubuntu/.pyenv/versions/3.12.7/lib/python3.12/site-packages/httpx/_transports/default.py", line 366, in handle_async_request
    resp = await self._pool.handle_async_request(req)
           ^^^^^^^^^^^^^^^^^^^^^^^^^^^^^^^^^^^^^^^^^^
  File "/home/ubuntu/.pyenv/versions/3.12.7/lib/python3.12/site-packages/httpcore/_async/connection_pool.py", line 256, in handle_async_request
    raise exc from None
  File "/home/ubuntu/.pyenv/versions/3.12.7/lib/python3.12/site-packages/httpcore/_async/connection_pool.py", line 236, in handle_async_request
    response = await connection.handle_async_request(
               ^^^^^^^^^^^^^^^^^^^^^^^^^^^^^^^^^^^^^^
  File "/home/ubuntu/.pyenv/versions/3.12.7/lib/python3.12/site-packages/httpcore/_async/connection.py", line 101, in handle_async_request
    raise exc
  File "/home/ubuntu/.pyenv/versions/3.12.7/lib/python3.12/site-packages/httpcore/_async/connection.py", line 78, in handle_async_request
    stream = await self._connect(request)
             ^^^^^^^^^^^^^^^^^^^^^^^^^^^^
  File "/home/ubuntu/.pyenv/versions/3.12.7/lib/python3.12/site-packages/httpcore/_async/connection.py", line 124, in _connect
    stream = await self._network_backend.connect_tcp(**kwargs)
             ^^^^^^^^^^^^^^^^^^^^^^^^^^^^^^^^^^^^^^^^^^^^^^^^^
  File "/home/ubuntu/.pyenv/versions/3.12.7/lib/python3.12/site-packages/httpcore/_backends/auto.py", line 31, in connect_tcp
    return await self._backend.connect_tcp(
           ^^^^^^^^^^^^^^^^^^^^^^^^^^^^^^^^
  File "/home/ubuntu/.pyenv/versions/3.12.7/lib/python3.12/site-packages/httpcore/_backends/anyio.py", line 113, in connect_tcp
    with map_exceptions(exc_map):
         ^^^^^^^^^^^^^^^^^^^^^^^
  File "/home/ubuntu/.pyenv/versions/3.12.7/lib/python3.12/contextlib.py", line 158, in __exit__
    self.gen.throw(value)
  File "/home/ubuntu/.pyenv/versions/3.12.7/lib/python3.12/site-packages/httpcore/_exceptions.py", line 14, in map_exceptions
    raise to_exc(exc) from exc
httpcore.ConnectError: [Errno -3] Temporary failure in name resolution

The above exception was the direct cause of the following exception:

Traceback (most recent call last):
  File "/home/ubuntu/.pyenv/versions/3.12.7/lib/python3.12/site-packages/telegram/request/_httpxrequest.py", line 268, in do_request
    res = await self._client.request(
          ^^^^^^^^^^^^^^^^^^^^^^^^^^^
  File "/home/ubuntu/.pyenv/versions/3.12.7/lib/python3.12/site-packages/httpx/_client.py", line 1530, in request
    return await self.send(request, auth=auth, follow_redirects=follow_redirects)
           ^^^^^^^^^^^^^^^^^^^^^^^^^^^^^^^^^^^^^^^^^^^^^^^^^^^^^^^^^^^^^^^^^^^^^^
  File "/home/ubuntu/.pyenv/versions/3.12.7/lib/python3.12/site-packages/httpx/_client.py", line 1617, in send
    response = await self._send_handling_auth(
               ^^^^^^^^^^^^^^^^^^^^^^^^^^^^^^^
  File "/home/ubuntu/.pyenv/versions/3.12.7/lib/python3.12/site-packages/httpx/_client.py", line 1645, in _send_handling_auth
    response = await self._send_handling_redirects(
               ^^^^^^^^^^^^^^^^^^^^^^^^^^^^^^^^^^^^
  File "/home/ubuntu/.pyenv/versions/3.12.7/lib/python3.12/site-packages/httpx/_client.py", line 1682, in _send_handling_redirects
    response = await self._send_single_request(request)
               ^^^^^^^^^^^^^^^^^^^^^^^^^^^^^^^^^^^^^^^^
  File "/home/ubuntu/.pyenv/versions/3.12.7/lib/python3.12/site-packages/httpx/_client.py", line 1719, in _send_single_request
    response = await transport.handle_async_request(request)
               ^^^^^^^^^^^^^^^^^^^^^^^^^^^^^^^^^^^^^^^^^^^^^
  File "/home/ubuntu/.pyenv/versions/3.12.7/lib/python3.12/site-packages/httpx/_transports/default.py", line 365, in handle_async_request
    with map_httpcore_exceptions():
         ^^^^^^^^^^^^^^^^^^^^^^^^^
  File "/home/ubuntu/.pyenv/versions/3.12.7/lib/python3.12/contextlib.py", line 158, in __exit__
    self.gen.throw(value)
  File "/home/ubuntu/.pyenv/versions/3.12.7/lib/python3.12/site-packages/httpx/_transports/default.py", line 83, in map_httpcore_exceptions
    raise mapped_exc(message) from exc
httpx.ConnectError: [Errno -3] Temporary failure in name resolution

The above exception was the direct cause of the following exception:

Traceback (most recent call last):
  File "/home/ubuntu/.pyenv/versions/3.12.7/lib/python3.12/site-packages/telegram/ext/_updater.py", line 433, in _get_updates_cleanup
    await self.bot.get_updates(
  File "/home/ubuntu/.pyenv/versions/3.12.7/lib/python3.12/site-packages/telegram/ext/_extbot.py", line 558, in get_updates
    updates = await super().get_updates(
              ^^^^^^^^^^^^^^^^^^^^^^^^^^
  File "/home/ubuntu/.pyenv/versions/3.12.7/lib/python3.12/site-packages/telegram/_bot.py", line 525, in decorator
    result = await func(self, *args, **kwargs)  # skipcq: PYL-E1102
             ^^^^^^^^^^^^^^^^^^^^^^^^^^^^^^^^^
  File "/home/ubuntu/.pyenv/versions/3.12.7/lib/python3.12/site-packages/telegram/_bot.py", line 3584, in get_updates
    await self._post(
  File "/home/ubuntu/.pyenv/versions/3.12.7/lib/python3.12/site-packages/telegram/_bot.py", line 613, in _post
    return await self._do_post(
           ^^^^^^^^^^^^^^^^^^^^
  File "/home/ubuntu/.pyenv/versions/3.12.7/lib/python3.12/site-packages/telegram/ext/_extbot.py", line 340, in _do_post
    return await super()._do_post(
           ^^^^^^^^^^^^^^^^^^^^^^^
  File "/home/ubuntu/.pyenv/versions/3.12.7/lib/python3.12/site-packages/telegram/_bot.py", line 641, in _do_post
    return await request.post(
           ^^^^^^^^^^^^^^^^^^^
  File "/home/ubuntu/.pyenv/versions/3.12.7/lib/python3.12/site-packages/telegram/request/_baserequest.py", line 200, in post
    result = await self._request_wrapper(
             ^^^^^^^^^^^^^^^^^^^^^^^^^^^^
  File "/home/ubuntu/.pyenv/versions/3.12.7/lib/python3.12/site-packages/telegram/request/_baserequest.py", line 340, in _request_wrapper
    raise exc
  File "/home/ubuntu/.pyenv/versions/3.12.7/lib/python3.12/site-packages/telegram/request/_baserequest.py", line 330, in _request_wrapper
    code, payload = await self.do_request(
                    ^^^^^^^^^^^^^^^^^^^^^^
  File "/home/ubuntu/.pyenv/versions/3.12.7/lib/python3.12/site-packages/telegram/request/_httpxrequest.py", line 292, in do_request
    raise NetworkError(f"httpx.{err.__class__.__name__}: {err}") from err
telegram.error.NetworkError: httpx.ConnectError: [Errno -3] Temporary failure in name resolution
2025-01-21 21:44:20,175 - telegram.ext.Application - INFO - Application is stopping. This might take a moment.
2025-01-21 21:44:20,175 - telegram.ext.Application - INFO - Application.stop() complete
2025-01-21 21:44:20,191 - __main__ - INFO - Bot started successfully
2025-01-21 23:36:37,982 - httpx - INFO - HTTP Request: POST https://api.telegram.org/bot7099400053:AAGpkQ978uhK1M3GnFwNoNH04QyNVb4ufsk/getMe "HTTP/1.1 200 OK"
2025-01-21 23:36:38,134 - httpx - INFO - HTTP Request: POST https://api.telegram.org/bot7099400053:AAGpkQ978uhK1M3GnFwNoNH04QyNVb4ufsk/deleteWebhook "HTTP/1.1 200 OK"
2025-01-21 23:36:38,135 - telegram.ext.Application - INFO - Application started
2025-01-21 23:36:38,591 - httpx - INFO - HTTP Request: POST https://api.telegram.org/bot7099400053:AAGpkQ978uhK1M3GnFwNoNH04QyNVb4ufsk/getUpdates "HTTP/1.1 200 OK"
2025-01-21 23:36:38,773 - httpx - INFO - HTTP Request: POST https://api.telegram.org/bot7099400053:AAGpkQ978uhK1M3GnFwNoNH04QyNVb4ufsk/sendMessage "HTTP/1.1 200 OK"
2025-01-21 23:36:38,774 - __main__ - INFO - New user started bot: 39557300
2025-01-21 23:36:38,962 - httpx - INFO - HTTP Request: POST https://api.telegram.org/bot7099400053:AAGpkQ978uhK1M3GnFwNoNH04QyNVb4ufsk/sendMessage "HTTP/1.1 200 OK"
2025-01-21 23:36:39,149 - httpx - INFO - HTTP Request: POST https://api.telegram.org/bot7099400053:AAGpkQ978uhK1M3GnFwNoNH04QyNVb4ufsk/sendMessage "HTTP/1.1 200 OK"
2025-01-21 23:36:39,327 - httpx - INFO - HTTP Request: POST https://api.telegram.org/bot7099400053:AAGpkQ978uhK1M3GnFwNoNH04QyNVb4ufsk/sendMessage "HTTP/1.1 200 OK"
2025-01-21 23:36:39,328 - __main__ - INFO - New user started bot: 39557300
2025-01-21 23:36:39,513 - httpx - INFO - HTTP Request: POST https://api.telegram.org/bot7099400053:AAGpkQ978uhK1M3GnFwNoNH04QyNVb4ufsk/sendMessage "HTTP/1.1 200 OK"
2025-01-21 23:36:48,745 - httpx - INFO - HTTP Request: POST https://api.telegram.org/bot7099400053:AAGpkQ978uhK1M3GnFwNoNH04QyNVb4ufsk/getUpdates "HTTP/1.1 200 OK"
2025-01-21 23:36:58,898 - httpx - INFO - HTTP Request: POST https://api.telegram.org/bot7099400053:AAGpkQ978uhK1M3GnFwNoNH04QyNVb4ufsk/getUpdates "HTTP/1.1 200 OK"
2025-01-21 23:37:07,022 - httpx - INFO - HTTP Request: POST https://api.telegram.org/bot7099400053:AAGpkQ978uhK1M3GnFwNoNH04QyNVb4ufsk/getUpdates "HTTP/1.1 409 Conflict"
2025-01-21 23:37:07,022 - telegram.ext.Updater - ERROR - Error while getting Updates: Conflict: terminated by other getUpdates request; make sure that only one bot instance is running
2025-01-21 23:37:07,023 - __main__ - ERROR - Update None caused error Conflict: terminated by other getUpdates request; make sure that only one bot instance is running
2025-01-21 23:37:18,511 - httpx - INFO - HTTP Request: POST https://api.telegram.org/bot7099400053:AAGpkQ978uhK1M3GnFwNoNH04QyNVb4ufsk/getUpdates "HTTP/1.1 200 OK"
2025-01-21 23:37:18,511 - telegram.ext.Application - INFO - Application is stopping. This might take a moment.
2025-01-21 23:37:18,511 - telegram.ext.Application - INFO - Application.stop() complete
2025-01-21 23:37:18,512 - __main__ - INFO - Bot started successfully
2025-01-21 23:37:35,492 - httpx - INFO - HTTP Request: POST https://api.telegram.org/bot7099400053:AAGpkQ978uhK1M3GnFwNoNH04QyNVb4ufsk/getMe "HTTP/1.1 200 OK"
2025-01-21 23:37:35,645 - httpx - INFO - HTTP Request: POST https://api.telegram.org/bot7099400053:AAGpkQ978uhK1M3GnFwNoNH04QyNVb4ufsk/deleteWebhook "HTTP/1.1 200 OK"
2025-01-21 23:37:35,646 - telegram.ext.Application - INFO - Application started
2025-01-21 23:37:38,250 - httpx - INFO - HTTP Request: POST https://api.telegram.org/bot7099400053:AAGpkQ978uhK1M3GnFwNoNH04QyNVb4ufsk/getUpdates "HTTP/1.1 409 Conflict"
2025-01-21 23:37:38,251 - telegram.ext.Updater - ERROR - Error while getting Updates: Conflict: terminated by other getUpdates request; make sure that only one bot instance is running
2025-01-21 23:37:38,251 - __main__ - ERROR - Update None caused error Conflict: terminated by other getUpdates request; make sure that only one bot instance is running
2025-01-21 23:37:47,984 - httpx - INFO - HTTP Request: POST https://api.telegram.org/bot7099400053:AAGpkQ978uhK1M3GnFwNoNH04QyNVb4ufsk/getUpdates "HTTP/1.1 409 Conflict"
2025-01-21 23:37:47,985 - telegram.ext.Updater - ERROR - Error while getting Updates: Conflict: terminated by other getUpdates request; make sure that only one bot instance is running
2025-01-21 23:37:47,985 - __main__ - ERROR - Update None caused error Conflict: terminated by other getUpdates request; make sure that only one bot instance is running
2025-01-21 23:37:58,167 - httpx - INFO - HTTP Request: POST https://api.telegram.org/bot7099400053:AAGpkQ978uhK1M3GnFwNoNH04QyNVb4ufsk/getUpdates "HTTP/1.1 409 Conflict"
2025-01-21 23:37:58,168 - telegram.ext.Updater - ERROR - Error while getting Updates: Conflict: terminated by other getUpdates request; make sure that only one bot instance is running
2025-01-21 23:37:58,168 - __main__ - ERROR - Update None caused error Conflict: terminated by other getUpdates request; make sure that only one bot instance is running
2025-01-21 23:38:10,587 - httpx - INFO - HTTP Request: POST https://api.telegram.org/bot7099400053:AAGpkQ978uhK1M3GnFwNoNH04QyNVb4ufsk/getUpdates "HTTP/1.1 200 OK"
2025-01-21 23:38:20,746 - httpx - INFO - HTTP Request: POST https://api.telegram.org/bot7099400053:AAGpkQ978uhK1M3GnFwNoNH04QyNVb4ufsk/getUpdates "HTTP/1.1 200 OK"
2025-01-21 23:38:30,944 - httpx - INFO - HTTP Request: POST https://api.telegram.org/bot7099400053:AAGpkQ978uhK1M3GnFwNoNH04QyNVb4ufsk/getUpdates "HTTP/1.1 200 OK"
2025-01-21 23:38:38,931 - telegram.ext.Updater - ERROR - Error while calling `get_updates` one more time to mark all fetched updates as read: %s. Suppressing error to ensure graceful shutdown. When polling for updates is restarted, updates may be fetched again. Please adjust timeouts via `ApplicationBuilder` or the parameter `get_updates_request` of `Bot`.
Traceback (most recent call last):
  File "/home/ubuntu/.pyenv/versions/3.12.7/lib/python3.12/site-packages/httpx/_transports/default.py", line 66, in map_httpcore_exceptions
    yield
  File "/home/ubuntu/.pyenv/versions/3.12.7/lib/python3.12/site-packages/httpx/_transports/default.py", line 366, in handle_async_request
    resp = await self._pool.handle_async_request(req)
           ^^^^^^^^^^^^^^^^^^^^^^^^^^^^^^^^^^^^^^^^^^
  File "/home/ubuntu/.pyenv/versions/3.12.7/lib/python3.12/site-packages/httpcore/_async/connection_pool.py", line 256, in handle_async_request
    raise exc from None
  File "/home/ubuntu/.pyenv/versions/3.12.7/lib/python3.12/site-packages/httpcore/_async/connection_pool.py", line 236, in handle_async_request
    response = await connection.handle_async_request(
               ^^^^^^^^^^^^^^^^^^^^^^^^^^^^^^^^^^^^^^
  File "/home/ubuntu/.pyenv/versions/3.12.7/lib/python3.12/site-packages/httpcore/_async/connection.py", line 103, in handle_async_request
    return await self._connection.handle_async_request(request)
           ^^^^^^^^^^^^^^^^^^^^^^^^^^^^^^^^^^^^^^^^^^^^^^^^^^^^
  File "/home/ubuntu/.pyenv/versions/3.12.7/lib/python3.12/site-packages/httpcore/_async/http11.py", line 136, in handle_async_request
    raise exc
  File "/home/ubuntu/.pyenv/versions/3.12.7/lib/python3.12/site-packages/httpcore/_async/http11.py", line 106, in handle_async_request
    ) = await self._receive_response_headers(**kwargs)
        ^^^^^^^^^^^^^^^^^^^^^^^^^^^^^^^^^^^^^^^^^^^^^^
  File "/home/ubuntu/.pyenv/versions/3.12.7/lib/python3.12/site-packages/httpcore/_async/http11.py", line 177, in _receive_response_headers
    event = await self._receive_event(timeout=timeout)
            ^^^^^^^^^^^^^^^^^^^^^^^^^^^^^^^^^^^^^^^^^^
  File "/home/ubuntu/.pyenv/versions/3.12.7/lib/python3.12/site-packages/httpcore/_async/http11.py", line 217, in _receive_event
    data = await self._network_stream.read(
           ^^^^^^^^^^^^^^^^^^^^^^^^^^^^^^^^
  File "/home/ubuntu/.pyenv/versions/3.12.7/lib/python3.12/site-packages/httpcore/_backends/anyio.py", line 32, in read
    with map_exceptions(exc_map):
         ^^^^^^^^^^^^^^^^^^^^^^^
  File "/home/ubuntu/.pyenv/versions/3.12.7/lib/python3.12/contextlib.py", line 158, in __exit__
    self.gen.throw(value)
  File "/home/ubuntu/.pyenv/versions/3.12.7/lib/python3.12/site-packages/httpcore/_exceptions.py", line 14, in map_exceptions
    raise to_exc(exc) from exc
httpcore.ReadTimeout

The above exception was the direct cause of the following exception:

Traceback (most recent call last):
  File "/home/ubuntu/.pyenv/versions/3.12.7/lib/python3.12/site-packages/telegram/request/_httpxrequest.py", line 268, in do_request
    res = await self._client.request(
          ^^^^^^^^^^^^^^^^^^^^^^^^^^^
  File "/home/ubuntu/.pyenv/versions/3.12.7/lib/python3.12/site-packages/httpx/_client.py", line 1530, in request
    return await self.send(request, auth=auth, follow_redirects=follow_redirects)
           ^^^^^^^^^^^^^^^^^^^^^^^^^^^^^^^^^^^^^^^^^^^^^^^^^^^^^^^^^^^^^^^^^^^^^^
  File "/home/ubuntu/.pyenv/versions/3.12.7/lib/python3.12/site-packages/httpx/_client.py", line 1617, in send
    response = await self._send_handling_auth(
               ^^^^^^^^^^^^^^^^^^^^^^^^^^^^^^^
  File "/home/ubuntu/.pyenv/versions/3.12.7/lib/python3.12/site-packages/httpx/_client.py", line 1645, in _send_handling_auth
    response = await self._send_handling_redirects(
               ^^^^^^^^^^^^^^^^^^^^^^^^^^^^^^^^^^^^
  File "/home/ubuntu/.pyenv/versions/3.12.7/lib/python3.12/site-packages/httpx/_client.py", line 1682, in _send_handling_redirects
    response = await self._send_single_request(request)
               ^^^^^^^^^^^^^^^^^^^^^^^^^^^^^^^^^^^^^^^^
  File "/home/ubuntu/.pyenv/versions/3.12.7/lib/python3.12/site-packages/httpx/_client.py", line 1719, in _send_single_request
    response = await transport.handle_async_request(request)
               ^^^^^^^^^^^^^^^^^^^^^^^^^^^^^^^^^^^^^^^^^^^^^
  File "/home/ubuntu/.pyenv/versions/3.12.7/lib/python3.12/site-packages/httpx/_transports/default.py", line 365, in handle_async_request
    with map_httpcore_exceptions():
         ^^^^^^^^^^^^^^^^^^^^^^^^^
  File "/home/ubuntu/.pyenv/versions/3.12.7/lib/python3.12/contextlib.py", line 158, in __exit__
    self.gen.throw(value)
  File "/home/ubuntu/.pyenv/versions/3.12.7/lib/python3.12/site-packages/httpx/_transports/default.py", line 83, in map_httpcore_exceptions
    raise mapped_exc(message) from exc
httpx.ReadTimeout

The above exception was the direct cause of the following exception:

Traceback (most recent call last):
  File "/home/ubuntu/.pyenv/versions/3.12.7/lib/python3.12/site-packages/telegram/ext/_updater.py", line 433, in _get_updates_cleanup
    await self.bot.get_updates(
  File "/home/ubuntu/.pyenv/versions/3.12.7/lib/python3.12/site-packages/telegram/ext/_extbot.py", line 558, in get_updates
    updates = await super().get_updates(
              ^^^^^^^^^^^^^^^^^^^^^^^^^^
  File "/home/ubuntu/.pyenv/versions/3.12.7/lib/python3.12/site-packages/telegram/_bot.py", line 525, in decorator
    result = await func(self, *args, **kwargs)  # skipcq: PYL-E1102
             ^^^^^^^^^^^^^^^^^^^^^^^^^^^^^^^^^
  File "/home/ubuntu/.pyenv/versions/3.12.7/lib/python3.12/site-packages/telegram/_bot.py", line 3584, in get_updates
    await self._post(
  File "/home/ubuntu/.pyenv/versions/3.12.7/lib/python3.12/site-packages/telegram/_bot.py", line 613, in _post
    return await self._do_post(
           ^^^^^^^^^^^^^^^^^^^^
  File "/home/ubuntu/.pyenv/versions/3.12.7/lib/python3.12/site-packages/telegram/ext/_extbot.py", line 340, in _do_post
    return await super()._do_post(
           ^^^^^^^^^^^^^^^^^^^^^^^
  File "/home/ubuntu/.pyenv/versions/3.12.7/lib/python3.12/site-packages/telegram/_bot.py", line 641, in _do_post
    return await request.post(
           ^^^^^^^^^^^^^^^^^^^
  File "/home/ubuntu/.pyenv/versions/3.12.7/lib/python3.12/site-packages/telegram/request/_baserequest.py", line 200, in post
    result = await self._request_wrapper(
             ^^^^^^^^^^^^^^^^^^^^^^^^^^^^
  File "/home/ubuntu/.pyenv/versions/3.12.7/lib/python3.12/site-packages/telegram/request/_baserequest.py", line 340, in _request_wrapper
    raise exc
  File "/home/ubuntu/.pyenv/versions/3.12.7/lib/python3.12/site-packages/telegram/request/_baserequest.py", line 330, in _request_wrapper
    code, payload = await self.do_request(
                    ^^^^^^^^^^^^^^^^^^^^^^
  File "/home/ubuntu/.pyenv/versions/3.12.7/lib/python3.12/site-packages/telegram/request/_httpxrequest.py", line 285, in do_request
    raise TimedOut from err
telegram.error.TimedOut: Timed out
2025-01-21 23:38:38,940 - telegram.ext.Application - INFO - Application is stopping. This might take a moment.
2025-01-21 23:38:38,940 - telegram.ext.Application - INFO - Application.stop() complete
2025-01-21 23:38:38,941 - __main__ - INFO - Bot started successfully
2025-01-21 23:39:04,369 - httpx - INFO - HTTP Request: POST https://api.telegram.org/bot7099400053:AAGpkQ978uhK1M3GnFwNoNH04QyNVb4ufsk/getMe "HTTP/1.1 200 OK"
2025-01-21 23:39:04,521 - httpx - INFO - HTTP Request: POST https://api.telegram.org/bot7099400053:AAGpkQ978uhK1M3GnFwNoNH04QyNVb4ufsk/deleteWebhook "HTTP/1.1 200 OK"
2025-01-21 23:39:04,523 - telegram.ext.Application - INFO - Application started
2025-01-21 23:39:07,146 - httpx - INFO - HTTP Request: POST https://api.telegram.org/bot7099400053:AAGpkQ978uhK1M3GnFwNoNH04QyNVb4ufsk/getUpdates "HTTP/1.1 409 Conflict"
2025-01-21 23:39:07,147 - telegram.ext.Updater - ERROR - Error while getting Updates: Conflict: terminated by other getUpdates request; make sure that only one bot instance is running
2025-01-21 23:39:07,147 - __main__ - ERROR - Update None caused error Conflict: terminated by other getUpdates request; make sure that only one bot instance is running
2025-01-21 23:39:16,831 - httpx - INFO - HTTP Request: POST https://api.telegram.org/bot7099400053:AAGpkQ978uhK1M3GnFwNoNH04QyNVb4ufsk/getUpdates "HTTP/1.1 409 Conflict"
2025-01-21 23:39:16,831 - telegram.ext.Updater - ERROR - Error while getting Updates: Conflict: terminated by other getUpdates request; make sure that only one bot instance is running
2025-01-21 23:39:16,832 - __main__ - ERROR - Update None caused error Conflict: terminated by other getUpdates request; make sure that only one bot instance is running
2025-01-21 23:39:27,005 - httpx - INFO - HTTP Request: POST https://api.telegram.org/bot7099400053:AAGpkQ978uhK1M3GnFwNoNH04QyNVb4ufsk/getUpdates "HTTP/1.1 409 Conflict"
2025-01-21 23:39:27,006 - telegram.ext.Updater - ERROR - Error while getting Updates: Conflict: terminated by other getUpdates request; make sure that only one bot instance is running
2025-01-21 23:39:27,006 - __main__ - ERROR - Update None caused error Conflict: terminated by other getUpdates request; make sure that only one bot instance is running
2025-01-21 23:39:39,419 - httpx - INFO - HTTP Request: POST https://api.telegram.org/bot7099400053:AAGpkQ978uhK1M3GnFwNoNH04QyNVb4ufsk/getUpdates "HTTP/1.1 200 OK"
2025-01-21 23:39:49,571 - httpx - INFO - HTTP Request: POST https://api.telegram.org/bot7099400053:AAGpkQ978uhK1M3GnFwNoNH04QyNVb4ufsk/getUpdates "HTTP/1.1 200 OK"
2025-01-21 23:41:18,902 - httpx - INFO - HTTP Request: POST https://api.telegram.org/bot7099400053:AAGpkQ978uhK1M3GnFwNoNH04QyNVb4ufsk/getMe "HTTP/1.1 200 OK"
2025-01-21 23:41:19,052 - httpx - INFO - HTTP Request: POST https://api.telegram.org/bot7099400053:AAGpkQ978uhK1M3GnFwNoNH04QyNVb4ufsk/deleteWebhook "HTTP/1.1 200 OK"
2025-01-21 23:41:19,053 - telegram.ext.Application - INFO - Application started
2025-01-21 23:41:21,680 - httpx - INFO - HTTP Request: POST https://api.telegram.org/bot7099400053:AAGpkQ978uhK1M3GnFwNoNH04QyNVb4ufsk/getUpdates "HTTP/1.1 409 Conflict"
2025-01-21 23:41:21,681 - telegram.ext.Updater - ERROR - Error while getting Updates: Conflict: terminated by other getUpdates request; make sure that only one bot instance is running
2025-01-21 23:41:21,681 - __main__ - ERROR - Update None caused error Conflict: terminated by other getUpdates request; make sure that only one bot instance is running
2025-01-21 23:41:31,366 - httpx - INFO - HTTP Request: POST https://api.telegram.org/bot7099400053:AAGpkQ978uhK1M3GnFwNoNH04QyNVb4ufsk/getUpdates "HTTP/1.1 409 Conflict"
2025-01-21 23:41:31,367 - telegram.ext.Updater - ERROR - Error while getting Updates: Conflict: terminated by other getUpdates request; make sure that only one bot instance is running
2025-01-21 23:41:31,367 - __main__ - ERROR - Update None caused error Conflict: terminated by other getUpdates request; make sure that only one bot instance is running
2025-01-21 23:41:41,543 - httpx - INFO - HTTP Request: POST https://api.telegram.org/bot7099400053:AAGpkQ978uhK1M3GnFwNoNH04QyNVb4ufsk/getUpdates "HTTP/1.1 409 Conflict"
2025-01-21 23:41:41,543 - telegram.ext.Updater - ERROR - Error while getting Updates: Conflict: terminated by other getUpdates request; make sure that only one bot instance is running
2025-01-21 23:41:41,543 - __main__ - ERROR - Update None caused error Conflict: terminated by other getUpdates request; make sure that only one bot instance is running
2025-01-21 23:41:53,955 - httpx - INFO - HTTP Request: POST https://api.telegram.org/bot7099400053:AAGpkQ978uhK1M3GnFwNoNH04QyNVb4ufsk/getUpdates "HTTP/1.1 200 OK"
2025-01-21 23:42:04,114 - httpx - INFO - HTTP Request: POST https://api.telegram.org/bot7099400053:AAGpkQ978uhK1M3GnFwNoNH04QyNVb4ufsk/getUpdates "HTTP/1.1 200 OK"
2025-01-21 23:42:10,789 - httpx - INFO - HTTP Request: POST https://api.telegram.org/bot7099400053:AAGpkQ978uhK1M3GnFwNoNH04QyNVb4ufsk/getUpdates "HTTP/1.1 200 OK"
2025-01-21 23:42:10,938 - httpx - INFO - HTTP Request: POST https://api.telegram.org/bot7099400053:AAGpkQ978uhK1M3GnFwNoNH04QyNVb4ufsk/getUpdates "HTTP/1.1 400 Bad Request"
2025-01-21 23:42:10,939 - telegram.ext.Updater - ERROR - Error while getting Updates: Logged out
2025-01-21 23:42:10,939 - __main__ - ERROR - Update None caused error Logged out
2025-01-21 23:42:22,095 - httpx - INFO - HTTP Request: POST https://api.telegram.org/bot7099400053:AAGpkQ978uhK1M3GnFwNoNH04QyNVb4ufsk/getUpdates "HTTP/1.1 409 Conflict"
2025-01-21 23:42:22,095 - telegram.ext.Updater - ERROR - Error while getting Updates: Conflict: terminated by other getUpdates request; make sure that only one bot instance is running
2025-01-21 23:42:22,096 - __main__ - ERROR - Update None caused error Conflict: terminated by other getUpdates request; make sure that only one bot instance is running
2025-01-21 23:42:33,629 - httpx - INFO - HTTP Request: POST https://api.telegram.org/bot7099400053:AAGpkQ978uhK1M3GnFwNoNH04QyNVb4ufsk/getUpdates "HTTP/1.1 200 OK"
2025-01-21 23:42:33,630 - telegram.ext.Application - INFO - Application is stopping. This might take a moment.
2025-01-21 23:42:33,630 - telegram.ext.Application - INFO - Application.stop() complete
2025-01-21 23:42:33,631 - __main__ - INFO - Bot started successfully
2025-01-21 23:56:36,830 - __main__ - INFO - Using bot token from: default
2025-01-21 23:56:37,401 - httpx - INFO - HTTP Request: POST https://api.telegram.org/bot7099400053:AAGpkQ978uhK1M3GnFwNoNH04QyNVb4ufsk/getMe "HTTP/1.1 200 OK"
2025-01-21 23:56:37,555 - httpx - INFO - HTTP Request: POST https://api.telegram.org/bot7099400053:AAGpkQ978uhK1M3GnFwNoNH04QyNVb4ufsk/deleteWebhook "HTTP/1.1 200 OK"
2025-01-21 23:56:37,556 - telegram.ext.Application - INFO - Application started
2025-01-21 23:56:48,013 - httpx - INFO - HTTP Request: POST https://api.telegram.org/bot7099400053:AAGpkQ978uhK1M3GnFwNoNH04QyNVb4ufsk/getUpdates "HTTP/1.1 200 OK"
2025-01-21 23:56:58,167 - httpx - INFO - HTTP Request: POST https://api.telegram.org/bot7099400053:AAGpkQ978uhK1M3GnFwNoNH04QyNVb4ufsk/getUpdates "HTTP/1.1 200 OK"
2025-01-21 23:57:08,321 - httpx - INFO - HTTP Request: POST https://api.telegram.org/bot7099400053:AAGpkQ978uhK1M3GnFwNoNH04QyNVb4ufsk/getUpdates "HTTP/1.1 200 OK"
2025-01-21 23:57:18,474 - httpx - INFO - HTTP Request: POST https://api.telegram.org/bot7099400053:AAGpkQ978uhK1M3GnFwNoNH04QyNVb4ufsk/getUpdates "HTTP/1.1 200 OK"
2025-01-21 23:57:28,629 - httpx - INFO - HTTP Request: POST https://api.telegram.org/bot7099400053:AAGpkQ978uhK1M3GnFwNoNH04QyNVb4ufsk/getUpdates "HTTP/1.1 200 OK"
2025-01-21 23:57:37,362 - httpx - INFO - HTTP Request: POST https://api.telegram.org/bot7099400053:AAGpkQ978uhK1M3GnFwNoNH04QyNVb4ufsk/getUpdates "HTTP/1.1 409 Conflict"
2025-01-21 23:57:37,363 - __main__ - ERROR - Update None caused error Conflict: terminated by other getUpdates request; make sure that only one bot instance is running
2025-01-21 23:57:48,914 - httpx - INFO - HTTP Request: POST https://api.telegram.org/bot7099400053:AAGpkQ978uhK1M3GnFwNoNH04QyNVb4ufsk/getUpdates "HTTP/1.1 200 OK"
2025-01-21 23:57:48,915 - telegram.ext.Application - INFO - Application is stopping. This might take a moment.
2025-01-21 23:57:48,915 - telegram.ext.Application - INFO - Application.stop() complete
2025-01-21 23:57:48,916 - __main__ - INFO - Bot started successfully
2025-01-21 23:58:05,390 - __main__ - INFO - Using bot token from: default
2025-01-21 23:58:05,951 - httpx - INFO - HTTP Request: POST https://api.telegram.org/bot7099400053:AAGpkQ978uhK1M3GnFwNoNH04QyNVb4ufsk/getMe "HTTP/1.1 200 OK"
2025-01-21 23:58:06,103 - httpx - INFO - HTTP Request: POST https://api.telegram.org/bot7099400053:AAGpkQ978uhK1M3GnFwNoNH04QyNVb4ufsk/deleteWebhook "HTTP/1.1 200 OK"
2025-01-21 23:58:06,104 - telegram.ext.Application - INFO - Application started
2025-01-21 23:58:08,745 - httpx - INFO - HTTP Request: POST https://api.telegram.org/bot7099400053:AAGpkQ978uhK1M3GnFwNoNH04QyNVb4ufsk/getUpdates "HTTP/1.1 409 Conflict"
2025-01-21 23:58:08,745 - __main__ - ERROR - Update None caused error Conflict: terminated by other getUpdates request; make sure that only one bot instance is running
2025-01-21 23:58:18,425 - httpx - INFO - HTTP Request: POST https://api.telegram.org/bot7099400053:AAGpkQ978uhK1M3GnFwNoNH04QyNVb4ufsk/getUpdates "HTTP/1.1 409 Conflict"
2025-01-21 23:58:18,426 - __main__ - ERROR - Update None caused error Conflict: terminated by other getUpdates request; make sure that only one bot instance is running
2025-01-21 23:58:28,596 - httpx - INFO - HTTP Request: POST https://api.telegram.org/bot7099400053:AAGpkQ978uhK1M3GnFwNoNH04QyNVb4ufsk/getUpdates "HTTP/1.1 409 Conflict"
2025-01-21 23:58:28,597 - __main__ - ERROR - Update None caused error Conflict: terminated by other getUpdates request; make sure that only one bot instance is running
2025-01-21 23:58:41,010 - httpx - INFO - HTTP Request: POST https://api.telegram.org/bot7099400053:AAGpkQ978uhK1M3GnFwNoNH04QyNVb4ufsk/getUpdates "HTTP/1.1 200 OK"
2025-01-21 23:58:51,163 - httpx - INFO - HTTP Request: POST https://api.telegram.org/bot7099400053:AAGpkQ978uhK1M3GnFwNoNH04QyNVb4ufsk/getUpdates "HTTP/1.1 200 OK"
2025-01-21 23:59:01,315 - httpx - INFO - HTTP Request: POST https://api.telegram.org/bot7099400053:AAGpkQ978uhK1M3GnFwNoNH04QyNVb4ufsk/getUpdates "HTTP/1.1 200 OK"
2025-01-21 23:59:11,468 - httpx - INFO - HTTP Request: POST https://api.telegram.org/bot7099400053:AAGpkQ978uhK1M3GnFwNoNH04QyNVb4ufsk/getUpdates "HTTP/1.1 200 OK"
2025-01-21 23:59:21,620 - httpx - INFO - HTTP Request: POST https://api.telegram.org/bot7099400053:AAGpkQ978uhK1M3GnFwNoNH04QyNVb4ufsk/getUpdates "HTTP/1.1 200 OK"
2025-01-21 23:59:31,773 - httpx - INFO - HTTP Request: POST https://api.telegram.org/bot7099400053:AAGpkQ978uhK1M3GnFwNoNH04QyNVb4ufsk/getUpdates "HTTP/1.1 200 OK"
2025-01-21 23:59:41,926 - httpx - INFO - HTTP Request: POST https://api.telegram.org/bot7099400053:AAGpkQ978uhK1M3GnFwNoNH04QyNVb4ufsk/getUpdates "HTTP/1.1 200 OK"
2025-01-21 23:59:52,079 - httpx - INFO - HTTP Request: POST https://api.telegram.org/bot7099400053:AAGpkQ978uhK1M3GnFwNoNH04QyNVb4ufsk/getUpdates "HTTP/1.1 200 OK"
2025-01-22 00:00:02,231 - httpx - INFO - HTTP Request: POST https://api.telegram.org/bot7099400053:AAGpkQ978uhK1M3GnFwNoNH04QyNVb4ufsk/getUpdates "HTTP/1.1 200 OK"
2025-01-22 00:00:12,384 - httpx - INFO - HTTP Request: POST https://api.telegram.org/bot7099400053:AAGpkQ978uhK1M3GnFwNoNH04QyNVb4ufsk/getUpdates "HTTP/1.1 200 OK"
2025-01-22 00:00:22,536 - httpx - INFO - HTTP Request: POST https://api.telegram.org/bot7099400053:AAGpkQ978uhK1M3GnFwNoNH04QyNVb4ufsk/getUpdates "HTTP/1.1 200 OK"
2025-01-22 00:00:32,689 - httpx - INFO - HTTP Request: POST https://api.telegram.org/bot7099400053:AAGpkQ978uhK1M3GnFwNoNH04QyNVb4ufsk/getUpdates "HTTP/1.1 200 OK"
2025-01-22 00:00:42,841 - httpx - INFO - HTTP Request: POST https://api.telegram.org/bot7099400053:AAGpkQ978uhK1M3GnFwNoNH04QyNVb4ufsk/getUpdates "HTTP/1.1 200 OK"
2025-01-22 00:00:52,993 - httpx - INFO - HTTP Request: POST https://api.telegram.org/bot7099400053:AAGpkQ978uhK1M3GnFwNoNH04QyNVb4ufsk/getUpdates "HTTP/1.1 200 OK"
2025-01-22 00:01:03,146 - httpx - INFO - HTTP Request: POST https://api.telegram.org/bot7099400053:AAGpkQ978uhK1M3GnFwNoNH04QyNVb4ufsk/getUpdates "HTTP/1.1 200 OK"
2025-01-22 00:01:13,298 - httpx - INFO - HTTP Request: POST https://api.telegram.org/bot7099400053:AAGpkQ978uhK1M3GnFwNoNH04QyNVb4ufsk/getUpdates "HTTP/1.1 200 OK"
2025-01-22 00:01:23,451 - httpx - INFO - HTTP Request: POST https://api.telegram.org/bot7099400053:AAGpkQ978uhK1M3GnFwNoNH04QyNVb4ufsk/getUpdates "HTTP/1.1 200 OK"
2025-01-22 00:01:33,604 - httpx - INFO - HTTP Request: POST https://api.telegram.org/bot7099400053:AAGpkQ978uhK1M3GnFwNoNH04QyNVb4ufsk/getUpdates "HTTP/1.1 200 OK"
2025-01-22 00:01:43,757 - httpx - INFO - HTTP Request: POST https://api.telegram.org/bot7099400053:AAGpkQ978uhK1M3GnFwNoNH04QyNVb4ufsk/getUpdates "HTTP/1.1 200 OK"
2025-01-22 00:01:53,911 - httpx - INFO - HTTP Request: POST https://api.telegram.org/bot7099400053:AAGpkQ978uhK1M3GnFwNoNH04QyNVb4ufsk/getUpdates "HTTP/1.1 200 OK"
2025-01-22 00:02:04,063 - httpx - INFO - HTTP Request: POST https://api.telegram.org/bot7099400053:AAGpkQ978uhK1M3GnFwNoNH04QyNVb4ufsk/getUpdates "HTTP/1.1 200 OK"
2025-01-22 00:02:14,218 - httpx - INFO - HTTP Request: POST https://api.telegram.org/bot7099400053:AAGpkQ978uhK1M3GnFwNoNH04QyNVb4ufsk/getUpdates "HTTP/1.1 200 OK"
2025-01-22 00:02:24,371 - httpx - INFO - HTTP Request: POST https://api.telegram.org/bot7099400053:AAGpkQ978uhK1M3GnFwNoNH04QyNVb4ufsk/getUpdates "HTTP/1.1 200 OK"
2025-01-22 00:02:34,523 - httpx - INFO - HTTP Request: POST https://api.telegram.org/bot7099400053:AAGpkQ978uhK1M3GnFwNoNH04QyNVb4ufsk/getUpdates "HTTP/1.1 200 OK"
2025-01-22 00:02:44,676 - httpx - INFO - HTTP Request: POST https://api.telegram.org/bot7099400053:AAGpkQ978uhK1M3GnFwNoNH04QyNVb4ufsk/getUpdates "HTTP/1.1 200 OK"
2025-01-22 00:02:54,829 - httpx - INFO - HTTP Request: POST https://api.telegram.org/bot7099400053:AAGpkQ978uhK1M3GnFwNoNH04QyNVb4ufsk/getUpdates "HTTP/1.1 200 OK"
2025-01-22 00:03:04,982 - httpx - INFO - HTTP Request: POST https://api.telegram.org/bot7099400053:AAGpkQ978uhK1M3GnFwNoNH04QyNVb4ufsk/getUpdates "HTTP/1.1 200 OK"
2025-01-22 00:03:15,135 - httpx - INFO - HTTP Request: POST https://api.telegram.org/bot7099400053:AAGpkQ978uhK1M3GnFwNoNH04QyNVb4ufsk/getUpdates "HTTP/1.1 200 OK"
2025-01-22 00:03:25,288 - httpx - INFO - HTTP Request: POST https://api.telegram.org/bot7099400053:AAGpkQ978uhK1M3GnFwNoNH04QyNVb4ufsk/getUpdates "HTTP/1.1 200 OK"
2025-01-22 00:03:35,440 - httpx - INFO - HTTP Request: POST https://api.telegram.org/bot7099400053:AAGpkQ978uhK1M3GnFwNoNH04QyNVb4ufsk/getUpdates "HTTP/1.1 200 OK"
2025-01-22 00:03:44,408 - httpx - INFO - HTTP Request: POST https://api.telegram.org/bot7099400053:AAGpkQ978uhK1M3GnFwNoNH04QyNVb4ufsk/getUpdates "HTTP/1.1 200 OK"
2025-01-22 00:03:44,409 - telegram.ext.Application - INFO - Application is stopping. This might take a moment.
2025-01-22 00:03:44,409 - telegram.ext.Application - INFO - Application.stop() complete
2025-01-22 00:03:44,409 - __main__ - INFO - Bot started successfully
2025-01-22 06:56:56,067 - __main__ - INFO - Using bot token from: default
2025-01-22 06:56:56,667 - httpx - INFO - HTTP Request: POST https://api.telegram.org/bot7099400053:AAGpkQ978uhK1M3GnFwNoNH04QyNVb4ufsk/getMe "HTTP/1.1 200 OK"
2025-01-22 06:56:56,816 - httpx - INFO - HTTP Request: POST https://api.telegram.org/bot7099400053:AAGpkQ978uhK1M3GnFwNoNH04QyNVb4ufsk/deleteWebhook "HTTP/1.1 200 OK"
2025-01-22 06:56:56,817 - telegram.ext.Application - INFO - Application started
2025-01-22 06:57:07,275 - httpx - INFO - HTTP Request: POST https://api.telegram.org/bot7099400053:AAGpkQ978uhK1M3GnFwNoNH04QyNVb4ufsk/getUpdates "HTTP/1.1 200 OK"
2025-01-22 06:57:17,428 - httpx - INFO - HTTP Request: POST https://api.telegram.org/bot7099400053:AAGpkQ978uhK1M3GnFwNoNH04QyNVb4ufsk/getUpdates "HTTP/1.1 200 OK"
2025-01-22 06:57:27,580 - httpx - INFO - HTTP Request: POST https://api.telegram.org/bot7099400053:AAGpkQ978uhK1M3GnFwNoNH04QyNVb4ufsk/getUpdates "HTTP/1.1 200 OK"
2025-01-22 06:57:37,734 - httpx - INFO - HTTP Request: POST https://api.telegram.org/bot7099400053:AAGpkQ978uhK1M3GnFwNoNH04QyNVb4ufsk/getUpdates "HTTP/1.1 200 OK"
2025-01-22 06:57:47,887 - httpx - INFO - HTTP Request: POST https://api.telegram.org/bot7099400053:AAGpkQ978uhK1M3GnFwNoNH04QyNVb4ufsk/getUpdates "HTTP/1.1 200 OK"
2025-01-22 06:57:58,048 - httpx - INFO - HTTP Request: POST https://api.telegram.org/bot7099400053:AAGpkQ978uhK1M3GnFwNoNH04QyNVb4ufsk/getUpdates "HTTP/1.1 200 OK"
2025-01-22 06:58:08,203 - httpx - INFO - HTTP Request: POST https://api.telegram.org/bot7099400053:AAGpkQ978uhK1M3GnFwNoNH04QyNVb4ufsk/getUpdates "HTTP/1.1 200 OK"
2025-01-22 06:58:18,357 - httpx - INFO - HTTP Request: POST https://api.telegram.org/bot7099400053:AAGpkQ978uhK1M3GnFwNoNH04QyNVb4ufsk/getUpdates "HTTP/1.1 200 OK"
2025-01-22 06:58:28,513 - httpx - INFO - HTTP Request: POST https://api.telegram.org/bot7099400053:AAGpkQ978uhK1M3GnFwNoNH04QyNVb4ufsk/getUpdates "HTTP/1.1 200 OK"
2025-01-22 06:58:38,668 - httpx - INFO - HTTP Request: POST https://api.telegram.org/bot7099400053:AAGpkQ978uhK1M3GnFwNoNH04QyNVb4ufsk/getUpdates "HTTP/1.1 200 OK"
2025-01-22 06:58:48,851 - httpx - INFO - HTTP Request: POST https://api.telegram.org/bot7099400053:AAGpkQ978uhK1M3GnFwNoNH04QyNVb4ufsk/getUpdates "HTTP/1.1 200 OK"
2025-01-22 06:58:59,005 - httpx - INFO - HTTP Request: POST https://api.telegram.org/bot7099400053:AAGpkQ978uhK1M3GnFwNoNH04QyNVb4ufsk/getUpdates "HTTP/1.1 200 OK"
2025-01-22 07:01:29,519 - __main__ - INFO - Using bot token from: default
2025-01-22 07:01:30,090 - httpx - INFO - HTTP Request: POST https://api.telegram.org/bot7099400053:AAGpkQ978uhK1M3GnFwNoNH04QyNVb4ufsk/getMe "HTTP/1.1 200 OK"
2025-01-22 07:01:30,242 - httpx - INFO - HTTP Request: POST https://api.telegram.org/bot7099400053:AAGpkQ978uhK1M3GnFwNoNH04QyNVb4ufsk/deleteWebhook "HTTP/1.1 200 OK"
2025-01-22 07:01:30,243 - telegram.ext.Application - INFO - Application started
2025-01-22 07:01:40,714 - httpx - INFO - HTTP Request: POST https://api.telegram.org/bot7099400053:AAGpkQ978uhK1M3GnFwNoNH04QyNVb4ufsk/getUpdates "HTTP/1.1 200 OK"
2025-01-22 07:01:50,878 - httpx - INFO - HTTP Request: POST https://api.telegram.org/bot7099400053:AAGpkQ978uhK1M3GnFwNoNH04QyNVb4ufsk/getUpdates "HTTP/1.1 200 OK"
2025-01-22 07:02:01,042 - httpx - INFO - HTTP Request: POST https://api.telegram.org/bot7099400053:AAGpkQ978uhK1M3GnFwNoNH04QyNVb4ufsk/getUpdates "HTTP/1.1 200 OK"
2025-01-22 07:02:11,210 - httpx - INFO - HTTP Request: POST https://api.telegram.org/bot7099400053:AAGpkQ978uhK1M3GnFwNoNH04QyNVb4ufsk/getUpdates "HTTP/1.1 200 OK"
2025-01-22 07:02:16,901 - httpx - INFO - HTTP Request: POST https://api.telegram.org/bot7099400053:AAGpkQ978uhK1M3GnFwNoNH04QyNVb4ufsk/getUpdates "HTTP/1.1 409 Conflict"
2025-01-22 07:02:16,902 - __main__ - ERROR - Update None caused error Conflict: terminated by other getUpdates request; make sure that only one bot instance is running
2025-01-22 07:02:28,436 - httpx - INFO - HTTP Request: POST https://api.telegram.org/bot7099400053:AAGpkQ978uhK1M3GnFwNoNH04QyNVb4ufsk/getUpdates "HTTP/1.1 200 OK"
2025-01-22 07:02:28,437 - telegram.ext.Application - INFO - Application is stopping. This might take a moment.
2025-01-22 07:02:28,437 - telegram.ext.Application - INFO - Application.stop() complete
2025-01-22 07:02:28,438 - __main__ - INFO - Bot started successfully
2025-01-22 07:02:44,898 - __main__ - INFO - Using bot token from: default
2025-01-22 07:02:45,476 - httpx - INFO - HTTP Request: POST https://api.telegram.org/bot7099400053:AAGpkQ978uhK1M3GnFwNoNH04QyNVb4ufsk/getMe "HTTP/1.1 200 OK"
2025-01-22 07:02:45,633 - httpx - INFO - HTTP Request: POST https://api.telegram.org/bot7099400053:AAGpkQ978uhK1M3GnFwNoNH04QyNVb4ufsk/deleteWebhook "HTTP/1.1 200 OK"
2025-01-22 07:02:45,634 - telegram.ext.Application - INFO - Application started
2025-01-22 07:02:48,228 - httpx - INFO - HTTP Request: POST https://api.telegram.org/bot7099400053:AAGpkQ978uhK1M3GnFwNoNH04QyNVb4ufsk/getUpdates "HTTP/1.1 409 Conflict"
2025-01-22 07:02:48,229 - __main__ - ERROR - Update None caused error Conflict: terminated by other getUpdates request; make sure that only one bot instance is running
2025-01-22 07:02:57,918 - httpx - INFO - HTTP Request: POST https://api.telegram.org/bot7099400053:AAGpkQ978uhK1M3GnFwNoNH04QyNVb4ufsk/getUpdates "HTTP/1.1 409 Conflict"
2025-01-22 07:02:57,919 - __main__ - ERROR - Update None caused error Conflict: terminated by other getUpdates request; make sure that only one bot instance is running
2025-01-22 07:03:08,115 - httpx - INFO - HTTP Request: POST https://api.telegram.org/bot7099400053:AAGpkQ978uhK1M3GnFwNoNH04QyNVb4ufsk/getUpdates "HTTP/1.1 409 Conflict"
2025-01-22 07:03:08,116 - __main__ - ERROR - Update None caused error Conflict: terminated by other getUpdates request; make sure that only one bot instance is running
2025-01-22 07:03:20,529 - httpx - INFO - HTTP Request: POST https://api.telegram.org/bot7099400053:AAGpkQ978uhK1M3GnFwNoNH04QyNVb4ufsk/getUpdates "HTTP/1.1 200 OK"
2025-01-22 07:03:30,682 - httpx - INFO - HTTP Request: POST https://api.telegram.org/bot7099400053:AAGpkQ978uhK1M3GnFwNoNH04QyNVb4ufsk/getUpdates "HTTP/1.1 200 OK"
2025-01-22 07:03:36,298 - httpx - INFO - HTTP Request: POST https://api.telegram.org/bot7099400053:AAGpkQ978uhK1M3GnFwNoNH04QyNVb4ufsk/getUpdates "HTTP/1.1 200 OK"
2025-01-22 07:03:36,298 - telegram.ext.Application - INFO - Application is stopping. This might take a moment.
2025-01-22 07:03:36,299 - telegram.ext.Application - INFO - Application.stop() complete
2025-01-22 07:03:36,300 - __main__ - INFO - Bot started successfully
2025-01-22 07:04:32,422 - __main__ - INFO - Using bot token from: environment
2025-01-22 07:04:32,983 - httpx - INFO - HTTP Request: POST https://api.telegram.org/bot7099400053:AAGpkQ978uhK1M3GnFwNoNH04QyNVb4ufsk/getMe "HTTP/1.1 200 OK"
2025-01-22 07:04:33,132 - httpx - INFO - HTTP Request: POST https://api.telegram.org/bot7099400053:AAGpkQ978uhK1M3GnFwNoNH04QyNVb4ufsk/deleteWebhook "HTTP/1.1 200 OK"
2025-01-22 07:04:33,133 - telegram.ext.Application - INFO - Application started
2025-01-22 07:04:35,756 - httpx - INFO - HTTP Request: POST https://api.telegram.org/bot7099400053:AAGpkQ978uhK1M3GnFwNoNH04QyNVb4ufsk/getUpdates "HTTP/1.1 409 Conflict"
2025-01-22 07:04:35,757 - __main__ - ERROR - Update None caused error Conflict: terminated by other getUpdates request; make sure that only one bot instance is running
2025-01-22 07:04:45,428 - httpx - INFO - HTTP Request: POST https://api.telegram.org/bot7099400053:AAGpkQ978uhK1M3GnFwNoNH04QyNVb4ufsk/getUpdates "HTTP/1.1 409 Conflict"
2025-01-22 07:04:45,429 - __main__ - ERROR - Update None caused error Conflict: terminated by other getUpdates request; make sure that only one bot instance is running
2025-01-22 07:04:55,640 - httpx - INFO - HTTP Request: POST https://api.telegram.org/bot7099400053:AAGpkQ978uhK1M3GnFwNoNH04QyNVb4ufsk/getUpdates "HTTP/1.1 409 Conflict"
2025-01-22 07:04:55,641 - __main__ - ERROR - Update None caused error Conflict: terminated by other getUpdates request; make sure that only one bot instance is running
2025-01-22 07:05:08,068 - httpx - INFO - HTTP Request: POST https://api.telegram.org/bot7099400053:AAGpkQ978uhK1M3GnFwNoNH04QyNVb4ufsk/getUpdates "HTTP/1.1 200 OK"
2025-01-22 07:05:18,234 - httpx - INFO - HTTP Request: POST https://api.telegram.org/bot7099400053:AAGpkQ978uhK1M3GnFwNoNH04QyNVb4ufsk/getUpdates "HTTP/1.1 200 OK"
2025-01-22 07:05:28,386 - httpx - INFO - HTTP Request: POST https://api.telegram.org/bot7099400053:AAGpkQ978uhK1M3GnFwNoNH04QyNVb4ufsk/getUpdates "HTTP/1.1 200 OK"
2025-01-22 07:05:38,541 - httpx - INFO - HTTP Request: POST https://api.telegram.org/bot7099400053:AAGpkQ978uhK1M3GnFwNoNH04QyNVb4ufsk/getUpdates "HTTP/1.1 200 OK"
2025-01-22 07:05:48,693 - httpx - INFO - HTTP Request: POST https://api.telegram.org/bot7099400053:AAGpkQ978uhK1M3GnFwNoNH04QyNVb4ufsk/getUpdates "HTTP/1.1 200 OK"
2025-01-22 07:05:58,851 - httpx - INFO - HTTP Request: POST https://api.telegram.org/bot7099400053:AAGpkQ978uhK1M3GnFwNoNH04QyNVb4ufsk/getUpdates "HTTP/1.1 200 OK"
2025-01-22 07:06:09,008 - httpx - INFO - HTTP Request: POST https://api.telegram.org/bot7099400053:AAGpkQ978uhK1M3GnFwNoNH04QyNVb4ufsk/getUpdates "HTTP/1.1 200 OK"
2025-01-22 07:06:19,161 - httpx - INFO - HTTP Request: POST https://api.telegram.org/bot7099400053:AAGpkQ978uhK1M3GnFwNoNH04QyNVb4ufsk/getUpdates "HTTP/1.1 200 OK"
2025-01-22 07:06:29,329 - httpx - INFO - HTTP Request: POST https://api.telegram.org/bot7099400053:AAGpkQ978uhK1M3GnFwNoNH04QyNVb4ufsk/getUpdates "HTTP/1.1 200 OK"
2025-01-22 07:06:39,485 - httpx - INFO - HTTP Request: POST https://api.telegram.org/bot7099400053:AAGpkQ978uhK1M3GnFwNoNH04QyNVb4ufsk/getUpdates "HTTP/1.1 200 OK"
2025-01-22 07:06:49,648 - httpx - INFO - HTTP Request: POST https://api.telegram.org/bot7099400053:AAGpkQ978uhK1M3GnFwNoNH04QyNVb4ufsk/getUpdates "HTTP/1.1 200 OK"
2025-01-22 07:06:59,801 - httpx - INFO - HTTP Request: POST https://api.telegram.org/bot7099400053:AAGpkQ978uhK1M3GnFwNoNH04QyNVb4ufsk/getUpdates "HTTP/1.1 200 OK"
2025-01-22 07:07:09,954 - httpx - INFO - HTTP Request: POST https://api.telegram.org/bot7099400053:AAGpkQ978uhK1M3GnFwNoNH04QyNVb4ufsk/getUpdates "HTTP/1.1 200 OK"
2025-01-22 07:07:20,106 - httpx - INFO - HTTP Request: POST https://api.telegram.org/bot7099400053:AAGpkQ978uhK1M3GnFwNoNH04QyNVb4ufsk/getUpdates "HTTP/1.1 200 OK"
2025-01-22 07:07:30,279 - httpx - INFO - HTTP Request: POST https://api.telegram.org/bot7099400053:AAGpkQ978uhK1M3GnFwNoNH04QyNVb4ufsk/getUpdates "HTTP/1.1 200 OK"
2025-01-22 07:07:40,432 - httpx - INFO - HTTP Request: POST https://api.telegram.org/bot7099400053:AAGpkQ978uhK1M3GnFwNoNH04QyNVb4ufsk/getUpdates "HTTP/1.1 200 OK"
2025-01-22 07:07:50,584 - httpx - INFO - HTTP Request: POST https://api.telegram.org/bot7099400053:AAGpkQ978uhK1M3GnFwNoNH04QyNVb4ufsk/getUpdates "HTTP/1.1 200 OK"
2025-01-22 07:08:00,737 - httpx - INFO - HTTP Request: POST https://api.telegram.org/bot7099400053:AAGpkQ978uhK1M3GnFwNoNH04QyNVb4ufsk/getUpdates "HTTP/1.1 200 OK"
2025-01-22 07:08:10,889 - httpx - INFO - HTTP Request: POST https://api.telegram.org/bot7099400053:AAGpkQ978uhK1M3GnFwNoNH04QyNVb4ufsk/getUpdates "HTTP/1.1 200 OK"
2025-01-22 07:08:21,039 - httpx - INFO - HTTP Request: POST https://api.telegram.org/bot7099400053:AAGpkQ978uhK1M3GnFwNoNH04QyNVb4ufsk/getUpdates "HTTP/1.1 200 OK"
2025-01-22 07:08:25,826 - httpx - INFO - HTTP Request: POST https://api.telegram.org/bot7099400053:AAGpkQ978uhK1M3GnFwNoNH04QyNVb4ufsk/getUpdates "HTTP/1.1 200 OK"
2025-01-22 07:08:25,826 - telegram.ext.Application - INFO - Application is stopping. This might take a moment.
2025-01-22 07:08:25,826 - telegram.ext.Application - INFO - Application.stop() complete
2025-01-22 07:08:25,827 - __main__ - INFO - Bot started successfully
2025-01-22 07:08:27,128 - __main__ - INFO - Using bot token from: environment
2025-01-22 07:08:27,700 - httpx - INFO - HTTP Request: POST https://api.telegram.org/bot7099400053:AAGpkQ978uhK1M3GnFwNoNH04QyNVb4ufsk/getMe "HTTP/1.1 200 OK"
2025-01-22 07:08:27,853 - httpx - INFO - HTTP Request: POST https://api.telegram.org/bot7099400053:AAGpkQ978uhK1M3GnFwNoNH04QyNVb4ufsk/deleteWebhook "HTTP/1.1 200 OK"
2025-01-22 07:08:27,854 - telegram.ext.Application - INFO - Application started
2025-01-22 07:08:38,323 - httpx - INFO - HTTP Request: POST https://api.telegram.org/bot7099400053:AAGpkQ978uhK1M3GnFwNoNH04QyNVb4ufsk/getUpdates "HTTP/1.1 200 OK"
2025-01-22 07:08:48,481 - httpx - INFO - HTTP Request: POST https://api.telegram.org/bot7099400053:AAGpkQ978uhK1M3GnFwNoNH04QyNVb4ufsk/getUpdates "HTTP/1.1 200 OK"
2025-01-22 07:08:58,641 - httpx - INFO - HTTP Request: POST https://api.telegram.org/bot7099400053:AAGpkQ978uhK1M3GnFwNoNH04QyNVb4ufsk/getUpdates "HTTP/1.1 200 OK"
2025-01-22 07:09:08,796 - httpx - INFO - HTTP Request: POST https://api.telegram.org/bot7099400053:AAGpkQ978uhK1M3GnFwNoNH04QyNVb4ufsk/getUpdates "HTTP/1.1 200 OK"
2025-01-22 07:09:18,957 - httpx - INFO - HTTP Request: POST https://api.telegram.org/bot7099400053:AAGpkQ978uhK1M3GnFwNoNH04QyNVb4ufsk/getUpdates "HTTP/1.1 200 OK"
2025-01-22 07:09:29,169 - httpx - INFO - HTTP Request: POST https://api.telegram.org/bot7099400053:AAGpkQ978uhK1M3GnFwNoNH04QyNVb4ufsk/getUpdates "HTTP/1.1 200 OK"
2025-01-22 07:09:39,323 - httpx - INFO - HTTP Request: POST https://api.telegram.org/bot7099400053:AAGpkQ978uhK1M3GnFwNoNH04QyNVb4ufsk/getUpdates "HTTP/1.1 200 OK"
2025-01-22 07:09:49,487 - httpx - INFO - HTTP Request: POST https://api.telegram.org/bot7099400053:AAGpkQ978uhK1M3GnFwNoNH04QyNVb4ufsk/getUpdates "HTTP/1.1 200 OK"
2025-01-22 07:09:59,695 - httpx - INFO - HTTP Request: POST https://api.telegram.org/bot7099400053:AAGpkQ978uhK1M3GnFwNoNH04QyNVb4ufsk/getUpdates "HTTP/1.1 200 OK"
2025-01-22 07:10:09,856 - httpx - INFO - HTTP Request: POST https://api.telegram.org/bot7099400053:AAGpkQ978uhK1M3GnFwNoNH04QyNVb4ufsk/getUpdates "HTTP/1.1 200 OK"
2025-01-22 07:10:20,021 - httpx - INFO - HTTP Request: POST https://api.telegram.org/bot7099400053:AAGpkQ978uhK1M3GnFwNoNH04QyNVb4ufsk/getUpdates "HTTP/1.1 200 OK"
2025-01-22 07:10:24,126 - httpx - INFO - HTTP Request: POST https://api.telegram.org/bot7099400053:AAGpkQ978uhK1M3GnFwNoNH04QyNVb4ufsk/getUpdates "HTTP/1.1 409 Conflict"
2025-01-22 07:10:24,127 - __main__ - ERROR - Update None caused error Conflict: terminated by other getUpdates request; make sure that only one bot instance is running
2025-01-22 07:10:29,282 - httpx - INFO - HTTP Request: POST https://api.telegram.org/bot7099400053:AAGpkQ978uhK1M3GnFwNoNH04QyNVb4ufsk/getUpdates "HTTP/1.1 409 Conflict"
2025-01-22 07:10:29,283 - __main__ - ERROR - Update None caused error Conflict: terminated by other getUpdates request; make sure that only one bot instance is running
2025-01-22 07:10:35,111 - httpx - INFO - HTTP Request: POST https://api.telegram.org/bot7099400053:AAGpkQ978uhK1M3GnFwNoNH04QyNVb4ufsk/getUpdates "HTTP/1.1 409 Conflict"
2025-01-22 07:10:35,111 - __main__ - ERROR - Update None caused error Conflict: terminated by other getUpdates request; make sure that only one bot instance is running
2025-01-22 07:10:38,433 - httpx - INFO - HTTP Request: POST https://api.telegram.org/bot7099400053:AAGpkQ978uhK1M3GnFwNoNH04QyNVb4ufsk/getUpdates "HTTP/1.1 409 Conflict"
2025-01-22 07:10:38,434 - __main__ - ERROR - Update None caused error Conflict: terminated by other getUpdates request; make sure that only one bot instance is running
2025-01-22 07:10:46,125 - httpx - INFO - HTTP Request: POST https://api.telegram.org/bot7099400053:AAGpkQ978uhK1M3GnFwNoNH04QyNVb4ufsk/getUpdates "HTTP/1.1 409 Conflict"
2025-01-22 07:10:46,126 - __main__ - ERROR - Update None caused error Conflict: terminated by other getUpdates request; make sure that only one bot instance is running
2025-01-22 07:10:55,813 - httpx - INFO - HTTP Request: POST https://api.telegram.org/bot7099400053:AAGpkQ978uhK1M3GnFwNoNH04QyNVb4ufsk/getUpdates "HTTP/1.1 409 Conflict"
2025-01-22 07:10:55,814 - __main__ - ERROR - Update None caused error Conflict: terminated by other getUpdates request; make sure that only one bot instance is running
2025-01-22 07:12:06,034 - __main__ - INFO - Using bot token from: environment
2025-01-22 07:12:06,592 - httpx - INFO - HTTP Request: POST https://api.telegram.org/bot7099400053:AAGpkQ978uhK1M3GnFwNoNH04QyNVb4ufsk/getMe "HTTP/1.1 200 OK"
2025-01-22 07:12:06,740 - httpx - INFO - HTTP Request: POST https://api.telegram.org/bot7099400053:AAGpkQ978uhK1M3GnFwNoNH04QyNVb4ufsk/deleteWebhook "HTTP/1.1 200 OK"
2025-01-22 07:12:06,741 - telegram.ext.Application - INFO - Application started
2025-01-22 07:12:09,409 - httpx - INFO - HTTP Request: POST https://api.telegram.org/bot7099400053:AAGpkQ978uhK1M3GnFwNoNH04QyNVb4ufsk/getUpdates "HTTP/1.1 409 Conflict"
2025-01-22 07:12:09,410 - __main__ - ERROR - Update None caused error Conflict: terminated by other getUpdates request; make sure that only one bot instance is running
2025-01-22 07:12:19,105 - httpx - INFO - HTTP Request: POST https://api.telegram.org/bot7099400053:AAGpkQ978uhK1M3GnFwNoNH04QyNVb4ufsk/getUpdates "HTTP/1.1 409 Conflict"
2025-01-22 07:12:19,106 - __main__ - ERROR - Update None caused error Conflict: terminated by other getUpdates request; make sure that only one bot instance is running
2025-01-22 07:12:29,289 - httpx - INFO - HTTP Request: POST https://api.telegram.org/bot7099400053:AAGpkQ978uhK1M3GnFwNoNH04QyNVb4ufsk/getUpdates "HTTP/1.1 409 Conflict"
2025-01-22 07:12:29,290 - __main__ - ERROR - Update None caused error Conflict: terminated by other getUpdates request; make sure that only one bot instance is running
2025-01-22 07:12:41,697 - httpx - INFO - HTTP Request: POST https://api.telegram.org/bot7099400053:AAGpkQ978uhK1M3GnFwNoNH04QyNVb4ufsk/getUpdates "HTTP/1.1 200 OK"
2025-01-22 07:12:51,873 - httpx - INFO - HTTP Request: POST https://api.telegram.org/bot7099400053:AAGpkQ978uhK1M3GnFwNoNH04QyNVb4ufsk/getUpdates "HTTP/1.1 200 OK"
2025-01-22 07:12:58,972 - __main__ - INFO - Using bot token from: environment
2025-01-22 07:12:59,541 - httpx - INFO - HTTP Request: POST https://api.telegram.org/bot7099400053:AAGpkQ978uhK1M3GnFwNoNH04QyNVb4ufsk/getMe "HTTP/1.1 200 OK"
2025-01-22 07:12:59,694 - httpx - INFO - HTTP Request: POST https://api.telegram.org/bot7099400053:AAGpkQ978uhK1M3GnFwNoNH04QyNVb4ufsk/deleteWebhook "HTTP/1.1 200 OK"
2025-01-22 07:12:59,695 - telegram.ext.Application - INFO - Application started
2025-01-22 07:13:10,156 - httpx - INFO - HTTP Request: POST https://api.telegram.org/bot7099400053:AAGpkQ978uhK1M3GnFwNoNH04QyNVb4ufsk/getUpdates "HTTP/1.1 200 OK"
2025-01-22 07:13:20,310 - httpx - INFO - HTTP Request: POST https://api.telegram.org/bot7099400053:AAGpkQ978uhK1M3GnFwNoNH04QyNVb4ufsk/getUpdates "HTTP/1.1 200 OK"
2025-01-22 07:13:30,464 - httpx - INFO - HTTP Request: POST https://api.telegram.org/bot7099400053:AAGpkQ978uhK1M3GnFwNoNH04QyNVb4ufsk/getUpdates "HTTP/1.1 200 OK"
2025-01-22 07:13:40,619 - httpx - INFO - HTTP Request: POST https://api.telegram.org/bot7099400053:AAGpkQ978uhK1M3GnFwNoNH04QyNVb4ufsk/getUpdates "HTTP/1.1 200 OK"
2025-01-22 07:13:50,773 - httpx - INFO - HTTP Request: POST https://api.telegram.org/bot7099400053:AAGpkQ978uhK1M3GnFwNoNH04QyNVb4ufsk/getUpdates "HTTP/1.1 200 OK"
2025-01-22 07:13:56,585 - httpx - INFO - HTTP Request: POST https://api.telegram.org/bot7099400053:AAGpkQ978uhK1M3GnFwNoNH04QyNVb4ufsk/getUpdates "HTTP/1.1 409 Conflict"
2025-01-22 07:13:56,586 - __main__ - ERROR - Update None caused error Conflict: terminated by other getUpdates request; make sure that only one bot instance is running
2025-01-22 07:14:01,754 - httpx - INFO - HTTP Request: POST https://api.telegram.org/bot7099400053:AAGpkQ978uhK1M3GnFwNoNH04QyNVb4ufsk/getUpdates "HTTP/1.1 409 Conflict"
2025-01-22 07:14:01,754 - __main__ - ERROR - Update None caused error Conflict: terminated by other getUpdates request; make sure that only one bot instance is running
2025-01-22 07:14:07,619 - httpx - INFO - HTTP Request: POST https://api.telegram.org/bot7099400053:AAGpkQ978uhK1M3GnFwNoNH04QyNVb4ufsk/getUpdates "HTTP/1.1 409 Conflict"
2025-01-22 07:14:07,619 - __main__ - ERROR - Update None caused error Conflict: terminated by other getUpdates request; make sure that only one bot instance is running
2025-01-22 07:14:10,942 - httpx - INFO - HTTP Request: POST https://api.telegram.org/bot7099400053:AAGpkQ978uhK1M3GnFwNoNH04QyNVb4ufsk/getUpdates "HTTP/1.1 409 Conflict"
2025-01-22 07:14:10,942 - __main__ - ERROR - Update None caused error Conflict: terminated by other getUpdates request; make sure that only one bot instance is running
2025-01-22 07:14:18,648 - httpx - INFO - HTTP Request: POST https://api.telegram.org/bot7099400053:AAGpkQ978uhK1M3GnFwNoNH04QyNVb4ufsk/getUpdates "HTTP/1.1 409 Conflict"
2025-01-22 07:14:18,648 - __main__ - ERROR - Update None caused error Conflict: terminated by other getUpdates request; make sure that only one bot instance is running
2025-01-22 07:14:28,350 - httpx - INFO - HTTP Request: POST https://api.telegram.org/bot7099400053:AAGpkQ978uhK1M3GnFwNoNH04QyNVb4ufsk/getUpdates "HTTP/1.1 409 Conflict"
2025-01-22 07:14:28,351 - __main__ - ERROR - Update None caused error Conflict: terminated by other getUpdates request; make sure that only one bot instance is running
2025-01-22 07:15:09,936 - __main__ - INFO - Using bot token from: environment
2025-01-22 07:15:10,594 - httpx - INFO - HTTP Request: POST https://api.telegram.org/bot7099400053:AAGpkQ978uhK1M3GnFwNoNH04QyNVb4ufsk/getMe "HTTP/1.1 200 OK"
2025-01-22 07:15:10,748 - httpx - INFO - HTTP Request: POST https://api.telegram.org/bot7099400053:AAGpkQ978uhK1M3GnFwNoNH04QyNVb4ufsk/deleteWebhook "HTTP/1.1 200 OK"
2025-01-22 07:15:10,749 - telegram.ext.Application - INFO - Application started
2025-01-22 07:15:13,280 - httpx - INFO - HTTP Request: POST https://api.telegram.org/bot7099400053:AAGpkQ978uhK1M3GnFwNoNH04QyNVb4ufsk/getUpdates "HTTP/1.1 409 Conflict"
2025-01-22 07:15:13,281 - __main__ - ERROR - Update None caused error Conflict: terminated by other getUpdates request; make sure that only one bot instance is running
2025-01-22 07:15:22,965 - httpx - INFO - HTTP Request: POST https://api.telegram.org/bot7099400053:AAGpkQ978uhK1M3GnFwNoNH04QyNVb4ufsk/getUpdates "HTTP/1.1 409 Conflict"
2025-01-22 07:15:22,966 - __main__ - ERROR - Update None caused error Conflict: terminated by other getUpdates request; make sure that only one bot instance is running
2025-01-22 07:15:33,212 - httpx - INFO - HTTP Request: POST https://api.telegram.org/bot7099400053:AAGpkQ978uhK1M3GnFwNoNH04QyNVb4ufsk/getUpdates "HTTP/1.1 409 Conflict"
2025-01-22 07:15:33,212 - __main__ - ERROR - Update None caused error Conflict: terminated by other getUpdates request; make sure that only one bot instance is running
2025-01-22 07:15:45,634 - httpx - INFO - HTTP Request: POST https://api.telegram.org/bot7099400053:AAGpkQ978uhK1M3GnFwNoNH04QyNVb4ufsk/getUpdates "HTTP/1.1 200 OK"
2025-01-22 07:15:55,793 - httpx - INFO - HTTP Request: POST https://api.telegram.org/bot7099400053:AAGpkQ978uhK1M3GnFwNoNH04QyNVb4ufsk/getUpdates "HTTP/1.1 200 OK"
2025-01-22 07:16:05,950 - httpx - INFO - HTTP Request: POST https://api.telegram.org/bot7099400053:AAGpkQ978uhK1M3GnFwNoNH04QyNVb4ufsk/getUpdates "HTTP/1.1 200 OK"
2025-01-22 07:16:16,111 - httpx - INFO - HTTP Request: POST https://api.telegram.org/bot7099400053:AAGpkQ978uhK1M3GnFwNoNH04QyNVb4ufsk/getUpdates "HTTP/1.1 200 OK"
2025-01-22 07:16:26,278 - httpx - INFO - HTTP Request: POST https://api.telegram.org/bot7099400053:AAGpkQ978uhK1M3GnFwNoNH04QyNVb4ufsk/getUpdates "HTTP/1.1 200 OK"
2025-01-22 07:16:36,491 - httpx - INFO - HTTP Request: POST https://api.telegram.org/bot7099400053:AAGpkQ978uhK1M3GnFwNoNH04QyNVb4ufsk/getUpdates "HTTP/1.1 200 OK"
2025-01-22 07:16:46,643 - httpx - INFO - HTTP Request: POST https://api.telegram.org/bot7099400053:AAGpkQ978uhK1M3GnFwNoNH04QyNVb4ufsk/getUpdates "HTTP/1.1 200 OK"
2025-01-22 07:16:56,816 - httpx - INFO - HTTP Request: POST https://api.telegram.org/bot7099400053:AAGpkQ978uhK1M3GnFwNoNH04QyNVb4ufsk/getUpdates "HTTP/1.1 200 OK"
2025-01-22 07:17:06,975 - httpx - INFO - HTTP Request: POST https://api.telegram.org/bot7099400053:AAGpkQ978uhK1M3GnFwNoNH04QyNVb4ufsk/getUpdates "HTTP/1.1 200 OK"
2025-01-22 07:17:17,153 - httpx - INFO - HTTP Request: POST https://api.telegram.org/bot7099400053:AAGpkQ978uhK1M3GnFwNoNH04QyNVb4ufsk/getUpdates "HTTP/1.1 200 OK"
2025-01-22 07:17:27,316 - httpx - INFO - HTTP Request: POST https://api.telegram.org/bot7099400053:AAGpkQ978uhK1M3GnFwNoNH04QyNVb4ufsk/getUpdates "HTTP/1.1 200 OK"
2025-01-22 07:17:37,493 - httpx - INFO - HTTP Request: POST https://api.telegram.org/bot7099400053:AAGpkQ978uhK1M3GnFwNoNH04QyNVb4ufsk/getUpdates "HTTP/1.1 200 OK"
2025-01-22 07:17:47,673 - httpx - INFO - HTTP Request: POST https://api.telegram.org/bot7099400053:AAGpkQ978uhK1M3GnFwNoNH04QyNVb4ufsk/getUpdates "HTTP/1.1 200 OK"
2025-01-22 07:17:57,910 - httpx - INFO - HTTP Request: POST https://api.telegram.org/bot7099400053:AAGpkQ978uhK1M3GnFwNoNH04QyNVb4ufsk/getUpdates "HTTP/1.1 200 OK"
2025-01-22 07:18:08,061 - httpx - INFO - HTTP Request: POST https://api.telegram.org/bot7099400053:AAGpkQ978uhK1M3GnFwNoNH04QyNVb4ufsk/getUpdates "HTTP/1.1 200 OK"
2025-01-22 07:18:18,220 - httpx - INFO - HTTP Request: POST https://api.telegram.org/bot7099400053:AAGpkQ978uhK1M3GnFwNoNH04QyNVb4ufsk/getUpdates "HTTP/1.1 200 OK"
2025-01-22 07:18:28,387 - httpx - INFO - HTTP Request: POST https://api.telegram.org/bot7099400053:AAGpkQ978uhK1M3GnFwNoNH04QyNVb4ufsk/getUpdates "HTTP/1.1 200 OK"
2025-01-22 07:18:38,546 - httpx - INFO - HTTP Request: POST https://api.telegram.org/bot7099400053:AAGpkQ978uhK1M3GnFwNoNH04QyNVb4ufsk/getUpdates "HTTP/1.1 200 OK"
2025-01-22 07:18:48,727 - httpx - INFO - HTTP Request: POST https://api.telegram.org/bot7099400053:AAGpkQ978uhK1M3GnFwNoNH04QyNVb4ufsk/getUpdates "HTTP/1.1 200 OK"
2025-01-22 07:18:58,878 - httpx - INFO - HTTP Request: POST https://api.telegram.org/bot7099400053:AAGpkQ978uhK1M3GnFwNoNH04QyNVb4ufsk/getUpdates "HTTP/1.1 200 OK"
2025-01-22 07:19:09,048 - httpx - INFO - HTTP Request: POST https://api.telegram.org/bot7099400053:AAGpkQ978uhK1M3GnFwNoNH04QyNVb4ufsk/getUpdates "HTTP/1.1 200 OK"
2025-01-22 07:19:19,208 - httpx - INFO - HTTP Request: POST https://api.telegram.org/bot7099400053:AAGpkQ978uhK1M3GnFwNoNH04QyNVb4ufsk/getUpdates "HTTP/1.1 200 OK"
2025-01-22 07:19:29,393 - httpx - INFO - HTTP Request: POST https://api.telegram.org/bot7099400053:AAGpkQ978uhK1M3GnFwNoNH04QyNVb4ufsk/getUpdates "HTTP/1.1 200 OK"
2025-01-22 07:19:39,550 - httpx - INFO - HTTP Request: POST https://api.telegram.org/bot7099400053:AAGpkQ978uhK1M3GnFwNoNH04QyNVb4ufsk/getUpdates "HTTP/1.1 200 OK"
2025-01-22 07:19:49,705 - httpx - INFO - HTTP Request: POST https://api.telegram.org/bot7099400053:AAGpkQ978uhK1M3GnFwNoNH04QyNVb4ufsk/getUpdates "HTTP/1.1 200 OK"
2025-01-22 07:19:59,862 - httpx - INFO - HTTP Request: POST https://api.telegram.org/bot7099400053:AAGpkQ978uhK1M3GnFwNoNH04QyNVb4ufsk/getUpdates "HTTP/1.1 200 OK"
2025-01-22 07:20:10,022 - httpx - INFO - HTTP Request: POST https://api.telegram.org/bot7099400053:AAGpkQ978uhK1M3GnFwNoNH04QyNVb4ufsk/getUpdates "HTTP/1.1 200 OK"
2025-01-22 07:20:20,172 - httpx - INFO - HTTP Request: POST https://api.telegram.org/bot7099400053:AAGpkQ978uhK1M3GnFwNoNH04QyNVb4ufsk/getUpdates "HTTP/1.1 200 OK"
2025-01-22 07:20:30,376 - httpx - INFO - HTTP Request: POST https://api.telegram.org/bot7099400053:AAGpkQ978uhK1M3GnFwNoNH04QyNVb4ufsk/getUpdates "HTTP/1.1 200 OK"
2025-01-22 07:20:40,580 - httpx - INFO - HTTP Request: POST https://api.telegram.org/bot7099400053:AAGpkQ978uhK1M3GnFwNoNH04QyNVb4ufsk/getUpdates "HTTP/1.1 200 OK"
2025-01-22 07:20:50,733 - httpx - INFO - HTTP Request: POST https://api.telegram.org/bot7099400053:AAGpkQ978uhK1M3GnFwNoNH04QyNVb4ufsk/getUpdates "HTTP/1.1 200 OK"
2025-01-22 07:21:00,908 - httpx - INFO - HTTP Request: POST https://api.telegram.org/bot7099400053:AAGpkQ978uhK1M3GnFwNoNH04QyNVb4ufsk/getUpdates "HTTP/1.1 200 OK"
2025-01-22 07:21:11,063 - httpx - INFO - HTTP Request: POST https://api.telegram.org/bot7099400053:AAGpkQ978uhK1M3GnFwNoNH04QyNVb4ufsk/getUpdates "HTTP/1.1 200 OK"
2025-01-22 07:21:15,498 - httpx - INFO - HTTP Request: POST https://api.telegram.org/bot7099400053:AAGpkQ978uhK1M3GnFwNoNH04QyNVb4ufsk/getUpdates "HTTP/1.1 200 OK"
2025-01-22 07:21:15,499 - telegram.ext.Application - INFO - Application is stopping. This might take a moment.
2025-01-22 07:21:15,499 - telegram.ext.Application - INFO - Application.stop() complete
2025-01-22 07:21:15,500 - __main__ - INFO - Bot started successfully
2025-01-22 07:30:36,071 - __main__ - INFO - Using bot token from: environment
2025-01-22 07:30:36,630 - httpx - INFO - HTTP Request: POST https://api.telegram.org/bot7099400053:AAGpkQ978uhK1M3GnFwNoNH04QyNVb4ufsk/getMe "HTTP/1.1 200 OK"
2025-01-22 07:30:36,779 - httpx - INFO - HTTP Request: POST https://api.telegram.org/bot7099400053:AAGpkQ978uhK1M3GnFwNoNH04QyNVb4ufsk/deleteWebhook "HTTP/1.1 200 OK"
2025-01-22 07:30:36,781 - telegram.ext.Application - INFO - Application started
2025-01-22 07:30:39,424 - httpx - INFO - HTTP Request: POST https://api.telegram.org/bot7099400053:AAGpkQ978uhK1M3GnFwNoNH04QyNVb4ufsk/getUpdates "HTTP/1.1 409 Conflict"
2025-01-22 07:30:39,425 - __main__ - ERROR - Update None caused error Conflict: terminated by other getUpdates request; make sure that only one bot instance is running
2025-01-22 07:30:49,129 - httpx - INFO - HTTP Request: POST https://api.telegram.org/bot7099400053:AAGpkQ978uhK1M3GnFwNoNH04QyNVb4ufsk/getUpdates "HTTP/1.1 409 Conflict"
2025-01-22 07:30:49,130 - __main__ - ERROR - Update None caused error Conflict: terminated by other getUpdates request; make sure that only one bot instance is running
2025-01-22 07:30:59,310 - httpx - INFO - HTTP Request: POST https://api.telegram.org/bot7099400053:AAGpkQ978uhK1M3GnFwNoNH04QyNVb4ufsk/getUpdates "HTTP/1.1 409 Conflict"
2025-01-22 07:30:59,311 - __main__ - ERROR - Update None caused error Conflict: terminated by other getUpdates request; make sure that only one bot instance is running
2025-01-22 07:31:11,740 - httpx - INFO - HTTP Request: POST https://api.telegram.org/bot7099400053:AAGpkQ978uhK1M3GnFwNoNH04QyNVb4ufsk/getUpdates "HTTP/1.1 200 OK"
2025-01-22 07:31:21,901 - httpx - INFO - HTTP Request: POST https://api.telegram.org/bot7099400053:AAGpkQ978uhK1M3GnFwNoNH04QyNVb4ufsk/getUpdates "HTTP/1.1 200 OK"
2025-01-22 07:31:32,097 - httpx - INFO - HTTP Request: POST https://api.telegram.org/bot7099400053:AAGpkQ978uhK1M3GnFwNoNH04QyNVb4ufsk/getUpdates "HTTP/1.1 200 OK"
2025-01-22 07:31:42,256 - httpx - INFO - HTTP Request: POST https://api.telegram.org/bot7099400053:AAGpkQ978uhK1M3GnFwNoNH04QyNVb4ufsk/getUpdates "HTTP/1.1 200 OK"
2025-01-22 07:33:06,025 - __main__ - INFO - Using bot token from: default
2025-01-22 07:33:06,598 - httpx - INFO - HTTP Request: POST https://api.telegram.org/bot7099400053:AAGpkQ978uhK1M3GnFwNoNH04QyNVb4ufsk/getMe "HTTP/1.1 200 OK"
2025-01-22 07:33:06,754 - httpx - INFO - HTTP Request: POST https://api.telegram.org/bot7099400053:AAGpkQ978uhK1M3GnFwNoNH04QyNVb4ufsk/deleteWebhook "HTTP/1.1 200 OK"
2025-01-22 07:33:06,755 - telegram.ext.Application - INFO - Application started
2025-01-22 07:33:09,357 - httpx - INFO - HTTP Request: POST https://api.telegram.org/bot7099400053:AAGpkQ978uhK1M3GnFwNoNH04QyNVb4ufsk/getUpdates "HTTP/1.1 409 Conflict"
2025-01-22 07:33:09,357 - __main__ - ERROR - Update None caused error Conflict: terminated by other getUpdates request; make sure that only one bot instance is running
2025-01-22 07:33:19,031 - httpx - INFO - HTTP Request: POST https://api.telegram.org/bot7099400053:AAGpkQ978uhK1M3GnFwNoNH04QyNVb4ufsk/getUpdates "HTTP/1.1 409 Conflict"
2025-01-22 07:33:19,031 - __main__ - ERROR - Update None caused error Conflict: terminated by other getUpdates request; make sure that only one bot instance is running
2025-01-22 07:33:29,205 - httpx - INFO - HTTP Request: POST https://api.telegram.org/bot7099400053:AAGpkQ978uhK1M3GnFwNoNH04QyNVb4ufsk/getUpdates "HTTP/1.1 409 Conflict"
2025-01-22 07:33:29,206 - __main__ - ERROR - Update None caused error Conflict: terminated by other getUpdates request; make sure that only one bot instance is running
2025-01-22 07:33:41,618 - httpx - INFO - HTTP Request: POST https://api.telegram.org/bot7099400053:AAGpkQ978uhK1M3GnFwNoNH04QyNVb4ufsk/getUpdates "HTTP/1.1 200 OK"
2025-01-22 07:33:51,771 - httpx - INFO - HTTP Request: POST https://api.telegram.org/bot7099400053:AAGpkQ978uhK1M3GnFwNoNH04QyNVb4ufsk/getUpdates "HTTP/1.1 200 OK"
2025-01-22 07:34:01,925 - httpx - INFO - HTTP Request: POST https://api.telegram.org/bot7099400053:AAGpkQ978uhK1M3GnFwNoNH04QyNVb4ufsk/getUpdates "HTTP/1.1 200 OK"
2025-01-22 07:34:12,079 - httpx - INFO - HTTP Request: POST https://api.telegram.org/bot7099400053:AAGpkQ978uhK1M3GnFwNoNH04QyNVb4ufsk/getUpdates "HTTP/1.1 200 OK"
2025-01-22 07:34:22,232 - httpx - INFO - HTTP Request: POST https://api.telegram.org/bot7099400053:AAGpkQ978uhK1M3GnFwNoNH04QyNVb4ufsk/getUpdates "HTTP/1.1 200 OK"
2025-01-22 07:34:32,386 - httpx - INFO - HTTP Request: POST https://api.telegram.org/bot7099400053:AAGpkQ978uhK1M3GnFwNoNH04QyNVb4ufsk/getUpdates "HTTP/1.1 200 OK"
2025-01-22 07:34:42,539 - httpx - INFO - HTTP Request: POST https://api.telegram.org/bot7099400053:AAGpkQ978uhK1M3GnFwNoNH04QyNVb4ufsk/getUpdates "HTTP/1.1 200 OK"
2025-01-22 07:34:52,695 - httpx - INFO - HTTP Request: POST https://api.telegram.org/bot7099400053:AAGpkQ978uhK1M3GnFwNoNH04QyNVb4ufsk/getUpdates "HTTP/1.1 200 OK"
2025-01-22 07:35:02,849 - httpx - INFO - HTTP Request: POST https://api.telegram.org/bot7099400053:AAGpkQ978uhK1M3GnFwNoNH04QyNVb4ufsk/getUpdates "HTTP/1.1 200 OK"
2025-01-22 07:35:13,003 - httpx - INFO - HTTP Request: POST https://api.telegram.org/bot7099400053:AAGpkQ978uhK1M3GnFwNoNH04QyNVb4ufsk/getUpdates "HTTP/1.1 200 OK"
2025-01-22 07:35:23,157 - httpx - INFO - HTTP Request: POST https://api.telegram.org/bot7099400053:AAGpkQ978uhK1M3GnFwNoNH04QyNVb4ufsk/getUpdates "HTTP/1.1 200 OK"
2025-01-22 07:35:33,311 - httpx - INFO - HTTP Request: POST https://api.telegram.org/bot7099400053:AAGpkQ978uhK1M3GnFwNoNH04QyNVb4ufsk/getUpdates "HTTP/1.1 200 OK"
2025-01-22 07:35:43,466 - httpx - INFO - HTTP Request: POST https://api.telegram.org/bot7099400053:AAGpkQ978uhK1M3GnFwNoNH04QyNVb4ufsk/getUpdates "HTTP/1.1 200 OK"
2025-01-22 07:35:53,619 - httpx - INFO - HTTP Request: POST https://api.telegram.org/bot7099400053:AAGpkQ978uhK1M3GnFwNoNH04QyNVb4ufsk/getUpdates "HTTP/1.1 200 OK"
2025-01-22 07:36:03,772 - httpx - INFO - HTTP Request: POST https://api.telegram.org/bot7099400053:AAGpkQ978uhK1M3GnFwNoNH04QyNVb4ufsk/getUpdates "HTTP/1.1 200 OK"
2025-01-22 07:36:13,925 - httpx - INFO - HTTP Request: POST https://api.telegram.org/bot7099400053:AAGpkQ978uhK1M3GnFwNoNH04QyNVb4ufsk/getUpdates "HTTP/1.1 200 OK"
2025-01-22 07:36:55,465 - __main__ - INFO - Using bot token from: default
2025-01-22 07:36:56,034 - httpx - INFO - HTTP Request: POST https://api.telegram.org/bot7099400053:AAGpkQ978uhK1M3GnFwNoNH04QyNVb4ufsk/getMe "HTTP/1.1 200 OK"
2025-01-22 07:36:56,192 - httpx - INFO - HTTP Request: POST https://api.telegram.org/bot7099400053:AAGpkQ978uhK1M3GnFwNoNH04QyNVb4ufsk/deleteWebhook "HTTP/1.1 200 OK"
2025-01-22 07:36:56,193 - telegram.ext.Application - INFO - Application started
2025-01-22 07:36:58,786 - httpx - INFO - HTTP Request: POST https://api.telegram.org/bot7099400053:AAGpkQ978uhK1M3GnFwNoNH04QyNVb4ufsk/getUpdates "HTTP/1.1 409 Conflict"
2025-01-22 07:36:58,787 - __main__ - ERROR - Update None caused error Conflict: terminated by other getUpdates request; make sure that only one bot instance is running
2025-01-22 07:37:08,457 - httpx - INFO - HTTP Request: POST https://api.telegram.org/bot7099400053:AAGpkQ978uhK1M3GnFwNoNH04QyNVb4ufsk/getUpdates "HTTP/1.1 409 Conflict"
2025-01-22 07:37:08,457 - __main__ - ERROR - Update None caused error Conflict: terminated by other getUpdates request; make sure that only one bot instance is running
2025-01-22 07:37:18,682 - httpx - INFO - HTTP Request: POST https://api.telegram.org/bot7099400053:AAGpkQ978uhK1M3GnFwNoNH04QyNVb4ufsk/getUpdates "HTTP/1.1 409 Conflict"
2025-01-22 07:37:18,683 - __main__ - ERROR - Update None caused error Conflict: terminated by other getUpdates request; make sure that only one bot instance is running
2025-01-22 07:37:31,089 - httpx - INFO - HTTP Request: POST https://api.telegram.org/bot7099400053:AAGpkQ978uhK1M3GnFwNoNH04QyNVb4ufsk/getUpdates "HTTP/1.1 200 OK"
2025-01-22 07:37:41,244 - httpx - INFO - HTTP Request: POST https://api.telegram.org/bot7099400053:AAGpkQ978uhK1M3GnFwNoNH04QyNVb4ufsk/getUpdates "HTTP/1.1 200 OK"
2025-01-22 07:37:51,400 - httpx - INFO - HTTP Request: POST https://api.telegram.org/bot7099400053:AAGpkQ978uhK1M3GnFwNoNH04QyNVb4ufsk/getUpdates "HTTP/1.1 200 OK"
2025-01-22 07:38:01,555 - httpx - INFO - HTTP Request: POST https://api.telegram.org/bot7099400053:AAGpkQ978uhK1M3GnFwNoNH04QyNVb4ufsk/getUpdates "HTTP/1.1 200 OK"
2025-01-22 07:38:11,713 - httpx - INFO - HTTP Request: POST https://api.telegram.org/bot7099400053:AAGpkQ978uhK1M3GnFwNoNH04QyNVb4ufsk/getUpdates "HTTP/1.1 200 OK"
2025-01-22 07:38:21,868 - httpx - INFO - HTTP Request: POST https://api.telegram.org/bot7099400053:AAGpkQ978uhK1M3GnFwNoNH04QyNVb4ufsk/getUpdates "HTTP/1.1 200 OK"
2025-01-22 07:38:32,045 - httpx - INFO - HTTP Request: POST https://api.telegram.org/bot7099400053:AAGpkQ978uhK1M3GnFwNoNH04QyNVb4ufsk/getUpdates "HTTP/1.1 200 OK"
2025-01-22 07:38:42,198 - httpx - INFO - HTTP Request: POST https://api.telegram.org/bot7099400053:AAGpkQ978uhK1M3GnFwNoNH04QyNVb4ufsk/getUpdates "HTTP/1.1 200 OK"
2025-01-22 07:38:52,356 - httpx - INFO - HTTP Request: POST https://api.telegram.org/bot7099400053:AAGpkQ978uhK1M3GnFwNoNH04QyNVb4ufsk/getUpdates "HTTP/1.1 200 OK"
2025-01-22 07:39:02,509 - httpx - INFO - HTTP Request: POST https://api.telegram.org/bot7099400053:AAGpkQ978uhK1M3GnFwNoNH04QyNVb4ufsk/getUpdates "HTTP/1.1 200 OK"
2025-01-22 07:39:12,662 - httpx - INFO - HTTP Request: POST https://api.telegram.org/bot7099400053:AAGpkQ978uhK1M3GnFwNoNH04QyNVb4ufsk/getUpdates "HTTP/1.1 200 OK"
2025-01-22 07:39:47,177 - __main__ - INFO - Using bot token from: default
2025-01-22 07:39:47,733 - httpx - INFO - HTTP Request: POST https://api.telegram.org/bot7099400053:AAGpkQ978uhK1M3GnFwNoNH04QyNVb4ufsk/getMe "HTTP/1.1 200 OK"
2025-01-22 07:39:47,882 - httpx - INFO - HTTP Request: POST https://api.telegram.org/bot7099400053:AAGpkQ978uhK1M3GnFwNoNH04QyNVb4ufsk/deleteWebhook "HTTP/1.1 200 OK"
2025-01-22 07:39:47,883 - telegram.ext.Application - INFO - Application started
2025-01-22 07:39:58,344 - httpx - INFO - HTTP Request: POST https://api.telegram.org/bot7099400053:AAGpkQ978uhK1M3GnFwNoNH04QyNVb4ufsk/getUpdates "HTTP/1.1 200 OK"
2025-01-22 07:40:01,675 - httpx - INFO - HTTP Request: POST https://api.telegram.org/bot7099400053:AAGpkQ978uhK1M3GnFwNoNH04QyNVb4ufsk/getUpdates "HTTP/1.1 409 Conflict"
2025-01-22 07:40:01,675 - __main__ - ERROR - Update None caused error Conflict: terminated by other getUpdates request; make sure that only one bot instance is running
2025-01-22 07:40:08,735 - httpx - INFO - HTTP Request: POST https://api.telegram.org/bot7099400053:AAGpkQ978uhK1M3GnFwNoNH04QyNVb4ufsk/getUpdates "HTTP/1.1 409 Conflict"
2025-01-22 07:40:08,736 - __main__ - ERROR - Update None caused error Conflict: terminated by other getUpdates request; make sure that only one bot instance is running
2025-01-22 07:40:13,844 - httpx - INFO - HTTP Request: POST https://api.telegram.org/bot7099400053:AAGpkQ978uhK1M3GnFwNoNH04QyNVb4ufsk/getUpdates "HTTP/1.1 200 OK"
2025-01-22 07:40:13,844 - telegram.ext.Application - INFO - Application is stopping. This might take a moment.
2025-01-22 07:40:13,845 - telegram.ext.Application - INFO - Application.stop() complete
2025-01-22 07:40:13,845 - __main__ - INFO - Bot started successfully
2025-01-22 07:44:41,895 - __main__ - INFO - Using bot token from: default
2025-01-22 07:44:42,465 - httpx - INFO - HTTP Request: POST https://api.telegram.org/bot7099400053:AAGpkQ978uhK1M3GnFwNoNH04QyNVb4ufsk/getMe "HTTP/1.1 200 OK"
2025-01-22 07:44:42,618 - httpx - INFO - HTTP Request: POST https://api.telegram.org/bot7099400053:AAGpkQ978uhK1M3GnFwNoNH04QyNVb4ufsk/deleteWebhook "HTTP/1.1 200 OK"
2025-01-22 07:44:42,619 - telegram.ext.Application - INFO - Application started
2025-01-22 07:44:53,087 - httpx - INFO - HTTP Request: POST https://api.telegram.org/bot7099400053:AAGpkQ978uhK1M3GnFwNoNH04QyNVb4ufsk/getUpdates "HTTP/1.1 200 OK"
2025-01-22 07:45:02,095 - httpx - INFO - HTTP Request: POST https://api.telegram.org/bot7099400053:AAGpkQ978uhK1M3GnFwNoNH04QyNVb4ufsk/getUpdates "HTTP/1.1 409 Conflict"
2025-01-22 07:45:02,096 - __main__ - ERROR - Update None caused error Conflict: terminated by other getUpdates request; make sure that only one bot instance is running
2025-01-22 07:45:06,732 - httpx - INFO - HTTP Request: POST https://api.telegram.org/bot7099400053:AAGpkQ978uhK1M3GnFwNoNH04QyNVb4ufsk/getUpdates "HTTP/1.1 200 OK"
2025-01-22 07:45:06,732 - telegram.ext.Application - INFO - Application is stopping. This might take a moment.
2025-01-22 07:45:06,732 - telegram.ext.Application - INFO - Application.stop() complete
2025-01-22 07:45:06,733 - __main__ - INFO - Bot started successfully
2025-01-22 07:49:00,752 - __main__ - INFO - Using bot token from: default
2025-01-22 07:49:01,321 - httpx - INFO - HTTP Request: POST https://api.telegram.org/bot7099400053:AAGpkQ978uhK1M3GnFwNoNH04QyNVb4ufsk/getMe "HTTP/1.1 200 OK"
2025-01-22 07:49:01,474 - httpx - INFO - HTTP Request: POST https://api.telegram.org/bot7099400053:AAGpkQ978uhK1M3GnFwNoNH04QyNVb4ufsk/deleteWebhook "HTTP/1.1 200 OK"
2025-01-22 07:49:01,475 - telegram.ext.Application - INFO - Application started
2025-01-22 07:49:11,930 - httpx - INFO - HTTP Request: POST https://api.telegram.org/bot7099400053:AAGpkQ978uhK1M3GnFwNoNH04QyNVb4ufsk/getUpdates "HTTP/1.1 200 OK"
2025-01-22 07:49:20,855 - httpx - INFO - HTTP Request: POST https://api.telegram.org/bot7099400053:AAGpkQ978uhK1M3GnFwNoNH04QyNVb4ufsk/getUpdates "HTTP/1.1 409 Conflict"
2025-01-22 07:49:20,856 - __main__ - ERROR - Update None caused error Conflict: terminated by other getUpdates request; make sure that only one bot instance is running
2025-01-22 07:49:25,477 - httpx - INFO - HTTP Request: POST https://api.telegram.org/bot7099400053:AAGpkQ978uhK1M3GnFwNoNH04QyNVb4ufsk/getUpdates "HTTP/1.1 200 OK"
2025-01-22 07:49:25,477 - telegram.ext.Application - INFO - Application is stopping. This might take a moment.
2025-01-22 07:49:25,477 - telegram.ext.Application - INFO - Application.stop() complete
2025-01-22 07:49:25,478 - __main__ - INFO - Bot started successfully
2025-01-22 07:53:58,203 - __main__ - INFO - Using bot token from: default
2025-01-22 07:53:58,776 - httpx - INFO - HTTP Request: POST https://api.telegram.org/bot7099400053:AAGpkQ978uhK1M3GnFwNoNH04QyNVb4ufsk/getMe "HTTP/1.1 200 OK"
2025-01-22 07:53:58,929 - httpx - INFO - HTTP Request: POST https://api.telegram.org/bot7099400053:AAGpkQ978uhK1M3GnFwNoNH04QyNVb4ufsk/deleteWebhook "HTTP/1.1 200 OK"
2025-01-22 07:53:58,930 - telegram.ext.Application - INFO - Application started
2025-01-22 07:54:09,381 - httpx - INFO - HTTP Request: POST https://api.telegram.org/bot7099400053:AAGpkQ978uhK1M3GnFwNoNH04QyNVb4ufsk/getUpdates "HTTP/1.1 200 OK"
2025-01-22 07:54:19,532 - httpx - INFO - HTTP Request: POST https://api.telegram.org/bot7099400053:AAGpkQ978uhK1M3GnFwNoNH04QyNVb4ufsk/getUpdates "HTTP/1.1 200 OK"
2025-01-22 07:54:29,682 - httpx - INFO - HTTP Request: POST https://api.telegram.org/bot7099400053:AAGpkQ978uhK1M3GnFwNoNH04QyNVb4ufsk/getUpdates "HTTP/1.1 200 OK"
2025-01-22 07:54:39,833 - httpx - INFO - HTTP Request: POST https://api.telegram.org/bot7099400053:AAGpkQ978uhK1M3GnFwNoNH04QyNVb4ufsk/getUpdates "HTTP/1.1 200 OK"
2025-01-22 07:54:49,984 - httpx - INFO - HTTP Request: POST https://api.telegram.org/bot7099400053:AAGpkQ978uhK1M3GnFwNoNH04QyNVb4ufsk/getUpdates "HTTP/1.1 200 OK"
2025-01-22 07:54:53,884 - httpx - INFO - HTTP Request: POST https://api.telegram.org/bot7099400053:AAGpkQ978uhK1M3GnFwNoNH04QyNVb4ufsk/getUpdates "HTTP/1.1 200 OK"
2025-01-22 07:54:53,885 - telegram.ext.Application - INFO - Application is stopping. This might take a moment.
2025-01-22 07:54:53,885 - telegram.ext.Application - INFO - Application.stop() complete
2025-01-22 07:54:53,886 - __main__ - INFO - Bot started successfully
2025-01-22 07:58:05,006 - __main__ - INFO - Using bot token from: default
2025-01-22 07:58:05,580 - httpx - INFO - HTTP Request: POST https://api.telegram.org/bot7099400053:AAGpkQ978uhK1M3GnFwNoNH04QyNVb4ufsk/getMe "HTTP/1.1 200 OK"
2025-01-22 07:58:05,732 - httpx - INFO - HTTP Request: POST https://api.telegram.org/bot7099400053:AAGpkQ978uhK1M3GnFwNoNH04QyNVb4ufsk/deleteWebhook "HTTP/1.1 200 OK"
2025-01-22 07:58:05,733 - telegram.ext.Application - INFO - Application started
2025-01-22 07:58:16,191 - httpx - INFO - HTTP Request: POST https://api.telegram.org/bot7099400053:AAGpkQ978uhK1M3GnFwNoNH04QyNVb4ufsk/getUpdates "HTTP/1.1 200 OK"
2025-01-22 07:58:26,345 - httpx - INFO - HTTP Request: POST https://api.telegram.org/bot7099400053:AAGpkQ978uhK1M3GnFwNoNH04QyNVb4ufsk/getUpdates "HTTP/1.1 200 OK"
2025-01-22 07:58:36,499 - httpx - INFO - HTTP Request: POST https://api.telegram.org/bot7099400053:AAGpkQ978uhK1M3GnFwNoNH04QyNVb4ufsk/getUpdates "HTTP/1.1 200 OK"
2025-01-22 07:58:46,654 - httpx - INFO - HTTP Request: POST https://api.telegram.org/bot7099400053:AAGpkQ978uhK1M3GnFwNoNH04QyNVb4ufsk/getUpdates "HTTP/1.1 200 OK"
2025-01-22 07:58:56,807 - httpx - INFO - HTTP Request: POST https://api.telegram.org/bot7099400053:AAGpkQ978uhK1M3GnFwNoNH04QyNVb4ufsk/getUpdates "HTTP/1.1 200 OK"
2025-01-22 07:59:00,590 - httpx - INFO - HTTP Request: POST https://api.telegram.org/bot7099400053:AAGpkQ978uhK1M3GnFwNoNH04QyNVb4ufsk/getUpdates "HTTP/1.1 200 OK"
2025-01-22 07:59:00,591 - telegram.ext.Application - INFO - Application is stopping. This might take a moment.
2025-01-22 07:59:00,591 - telegram.ext.Application - INFO - Application.stop() complete
2025-01-22 07:59:00,592 - __main__ - INFO - Bot started successfully
2025-01-22 08:02:10,104 - __main__ - INFO - Using bot token from: default
2025-01-22 08:02:10,202 - __main__ - INFO - Starting bot...
2025-01-22 08:02:10,679 - httpx - INFO - HTTP Request: POST https://api.telegram.org/bot7099400053:AAGpkQ978uhK1M3GnFwNoNH04QyNVb4ufsk/getMe "HTTP/1.1 200 OK"
2025-01-22 08:02:10,680 - telegram.ext.Application - INFO - Application started
2025-01-22 08:02:10,914 - httpx - INFO - HTTP Request: POST https://api.telegram.org/bot7099400053:AAGpkQ978uhK1M3GnFwNoNH04QyNVb4ufsk/getMe "HTTP/1.1 200 OK"
2025-01-22 08:02:10,915 - __main__ - INFO - Bot started successfully. Username: @Halakhotbot
2025-01-22 08:02:10,915 - __main__ - ERROR - Error starting bot: This event loop is already running
2025-01-22 08:02:10,916 - __main__ - ERROR - Bot crashed: This event loop is already running
2025-01-22 08:03:21,927 - __main__ - INFO - Using bot token from: default
2025-01-22 08:03:22,030 - __main__ - INFO - Starting bot...
2025-01-22 08:03:22,502 - httpx - INFO - HTTP Request: POST https://api.telegram.org/bot7099400053:AAGpkQ978uhK1M3GnFwNoNH04QyNVb4ufsk/getMe "HTTP/1.1 200 OK"
2025-01-22 08:03:22,503 - telegram.ext.Application - INFO - Application started
2025-01-22 08:03:22,654 - httpx - INFO - HTTP Request: POST https://api.telegram.org/bot7099400053:AAGpkQ978uhK1M3GnFwNoNH04QyNVb4ufsk/getMe "HTTP/1.1 200 OK"
2025-01-22 08:03:22,654 - __main__ - INFO - Bot started successfully. Username: @Halakhotbot
2025-01-22 08:03:22,655 - __main__ - ERROR - Error starting bot: This event loop is already running
2025-01-22 08:03:22,656 - __main__ - ERROR - Bot crashed: This event loop is already running
2025-01-22 08:09:52,334 - __main__ - INFO - Using bot token from: default
2025-01-22 08:09:52,437 - __main__ - INFO - Starting bot...
2025-01-22 08:09:52,437 - __main__ - INFO - Starting bot polling...
2025-01-22 08:09:52,437 - __main__ - ERROR - Error starting bot: Cannot close a running event loop
2025-01-22 08:09:52,438 - __main__ - ERROR - Bot crashed: Cannot close a running event loop
2025-01-22 08:10:53,249 - __main__ - INFO - Using bot token from: default
2025-01-22 08:10:53,348 - __main__ - INFO - Starting bot...
2025-01-22 08:10:53,348 - __main__ - INFO - Starting bot polling...
2025-01-22 08:10:53,348 - __main__ - ERROR - Error starting bot: Cannot close a running event loop
2025-01-22 08:10:53,349 - __main__ - ERROR - Bot crashed: Cannot close a running event loop
2025-01-22 08:12:32,127 - __main__ - INFO - Using bot token from: default
2025-01-22 08:12:32,225 - __main__ - INFO - Starting bot...
2025-01-22 08:12:32,225 - __main__ - INFO - Starting bot polling...
2025-01-22 08:12:32,690 - httpx - INFO - HTTP Request: POST https://api.telegram.org/bot7099400053:AAGpkQ978uhK1M3GnFwNoNH04QyNVb4ufsk/getMe "HTTP/1.1 200 OK"
2025-01-22 08:12:32,843 - httpx - INFO - HTTP Request: POST https://api.telegram.org/bot7099400053:AAGpkQ978uhK1M3GnFwNoNH04QyNVb4ufsk/deleteWebhook "HTTP/1.1 200 OK"
2025-01-22 08:12:32,843 - telegram.ext.Application - INFO - Application started
2025-01-22 08:12:43,301 - httpx - INFO - HTTP Request: POST https://api.telegram.org/bot7099400053:AAGpkQ978uhK1M3GnFwNoNH04QyNVb4ufsk/getUpdates "HTTP/1.1 200 OK"
2025-01-22 08:12:53,453 - httpx - INFO - HTTP Request: POST https://api.telegram.org/bot7099400053:AAGpkQ978uhK1M3GnFwNoNH04QyNVb4ufsk/getUpdates "HTTP/1.1 200 OK"
2025-01-22 08:13:03,605 - httpx - INFO - HTTP Request: POST https://api.telegram.org/bot7099400053:AAGpkQ978uhK1M3GnFwNoNH04QyNVb4ufsk/getUpdates "HTTP/1.1 200 OK"
2025-01-22 08:13:13,758 - httpx - INFO - HTTP Request: POST https://api.telegram.org/bot7099400053:AAGpkQ978uhK1M3GnFwNoNH04QyNVb4ufsk/getUpdates "HTTP/1.1 200 OK"
2025-01-22 08:13:23,911 - httpx - INFO - HTTP Request: POST https://api.telegram.org/bot7099400053:AAGpkQ978uhK1M3GnFwNoNH04QyNVb4ufsk/getUpdates "HTTP/1.1 200 OK"
2025-01-22 08:13:27,793 - httpx - INFO - HTTP Request: POST https://api.telegram.org/bot7099400053:AAGpkQ978uhK1M3GnFwNoNH04QyNVb4ufsk/getUpdates "HTTP/1.1 200 OK"
2025-01-22 08:13:27,793 - telegram.ext.Application - INFO - Application is stopping. This might take a moment.
2025-01-22 08:13:27,794 - telegram.ext.Application - INFO - Application.stop() complete
2025-01-22 08:24:12,907 - __main__ - INFO - Using bot token from: default
2025-01-22 08:24:13,007 - __main__ - INFO - Starting bot...
2025-01-22 08:24:13,007 - __main__ - INFO - Starting bot polling...
2025-01-22 08:24:13,468 - httpx - INFO - HTTP Request: POST https://api.telegram.org/bot7099400053:AAGpkQ978uhK1M3GnFwNoNH04QyNVb4ufsk/getMe "HTTP/1.1 200 OK"
2025-01-22 08:24:13,619 - httpx - INFO - HTTP Request: POST https://api.telegram.org/bot7099400053:AAGpkQ978uhK1M3GnFwNoNH04QyNVb4ufsk/deleteWebhook "HTTP/1.1 200 OK"
2025-01-22 08:24:13,620 - telegram.ext.Application - INFO - Application started
2025-01-22 08:24:24,080 - httpx - INFO - HTTP Request: POST https://api.telegram.org/bot7099400053:AAGpkQ978uhK1M3GnFwNoNH04QyNVb4ufsk/getUpdates "HTTP/1.1 200 OK"
2025-01-22 08:24:34,241 - httpx - INFO - HTTP Request: POST https://api.telegram.org/bot7099400053:AAGpkQ978uhK1M3GnFwNoNH04QyNVb4ufsk/getUpdates "HTTP/1.1 200 OK"
2025-01-22 08:24:44,395 - httpx - INFO - HTTP Request: POST https://api.telegram.org/bot7099400053:AAGpkQ978uhK1M3GnFwNoNH04QyNVb4ufsk/getUpdates "HTTP/1.1 200 OK"
2025-01-22 08:24:54,556 - httpx - INFO - HTTP Request: POST https://api.telegram.org/bot7099400053:AAGpkQ978uhK1M3GnFwNoNH04QyNVb4ufsk/getUpdates "HTTP/1.1 200 OK"
2025-01-22 08:25:04,720 - httpx - INFO - HTTP Request: POST https://api.telegram.org/bot7099400053:AAGpkQ978uhK1M3GnFwNoNH04QyNVb4ufsk/getUpdates "HTTP/1.1 200 OK"
2025-01-22 08:25:14,876 - httpx - INFO - HTTP Request: POST https://api.telegram.org/bot7099400053:AAGpkQ978uhK1M3GnFwNoNH04QyNVb4ufsk/getUpdates "HTTP/1.1 200 OK"
2025-01-22 08:25:25,030 - httpx - INFO - HTTP Request: POST https://api.telegram.org/bot7099400053:AAGpkQ978uhK1M3GnFwNoNH04QyNVb4ufsk/getUpdates "HTTP/1.1 200 OK"
2025-01-22 08:25:35,184 - httpx - INFO - HTTP Request: POST https://api.telegram.org/bot7099400053:AAGpkQ978uhK1M3GnFwNoNH04QyNVb4ufsk/getUpdates "HTTP/1.1 200 OK"
2025-01-22 08:25:44,646 - httpx - INFO - HTTP Request: POST https://api.telegram.org/bot7099400053:AAGpkQ978uhK1M3GnFwNoNH04QyNVb4ufsk/getUpdates "HTTP/1.1 200 OK"
2025-01-22 08:25:44,646 - telegram.ext.Application - INFO - Application is stopping. This might take a moment.
2025-01-22 08:25:44,646 - telegram.ext.Application - INFO - Application.stop() complete
2025-01-22 08:26:01,098 - __main__ - INFO - Using bot token from: default
2025-01-22 08:26:01,194 - __main__ - INFO - Starting bot...
2025-01-22 08:26:01,194 - __main__ - INFO - Starting bot polling...
2025-01-22 08:26:01,659 - httpx - INFO - HTTP Request: POST https://api.telegram.org/bot7099400053:AAGpkQ978uhK1M3GnFwNoNH04QyNVb4ufsk/getMe "HTTP/1.1 200 OK"
2025-01-22 08:26:01,809 - httpx - INFO - HTTP Request: POST https://api.telegram.org/bot7099400053:AAGpkQ978uhK1M3GnFwNoNH04QyNVb4ufsk/deleteWebhook "HTTP/1.1 200 OK"
2025-01-22 08:26:01,809 - telegram.ext.Application - INFO - Application started
2025-01-22 08:26:12,269 - httpx - INFO - HTTP Request: POST https://api.telegram.org/bot7099400053:AAGpkQ978uhK1M3GnFwNoNH04QyNVb4ufsk/getUpdates "HTTP/1.1 200 OK"
2025-01-22 08:26:22,457 - httpx - INFO - HTTP Request: POST https://api.telegram.org/bot7099400053:AAGpkQ978uhK1M3GnFwNoNH04QyNVb4ufsk/getUpdates "HTTP/1.1 200 OK"
2025-01-22 08:26:32,611 - httpx - INFO - HTTP Request: POST https://api.telegram.org/bot7099400053:AAGpkQ978uhK1M3GnFwNoNH04QyNVb4ufsk/getUpdates "HTTP/1.1 200 OK"
2025-01-22 08:26:42,765 - httpx - INFO - HTTP Request: POST https://api.telegram.org/bot7099400053:AAGpkQ978uhK1M3GnFwNoNH04QyNVb4ufsk/getUpdates "HTTP/1.1 200 OK"
2025-01-22 08:26:52,918 - httpx - INFO - HTTP Request: POST https://api.telegram.org/bot7099400053:AAGpkQ978uhK1M3GnFwNoNH04QyNVb4ufsk/getUpdates "HTTP/1.1 200 OK"
2025-01-22 08:27:03,074 - httpx - INFO - HTTP Request: POST https://api.telegram.org/bot7099400053:AAGpkQ978uhK1M3GnFwNoNH04QyNVb4ufsk/getUpdates "HTTP/1.1 200 OK"
2025-01-22 08:27:13,227 - httpx - INFO - HTTP Request: POST https://api.telegram.org/bot7099400053:AAGpkQ978uhK1M3GnFwNoNH04QyNVb4ufsk/getUpdates "HTTP/1.1 200 OK"
2025-01-22 08:27:23,387 - httpx - INFO - HTTP Request: POST https://api.telegram.org/bot7099400053:AAGpkQ978uhK1M3GnFwNoNH04QyNVb4ufsk/getUpdates "HTTP/1.1 200 OK"
2025-01-22 08:27:33,552 - httpx - INFO - HTTP Request: POST https://api.telegram.org/bot7099400053:AAGpkQ978uhK1M3GnFwNoNH04QyNVb4ufsk/getUpdates "HTTP/1.1 200 OK"
2025-01-22 08:27:43,707 - httpx - INFO - HTTP Request: POST https://api.telegram.org/bot7099400053:AAGpkQ978uhK1M3GnFwNoNH04QyNVb4ufsk/getUpdates "HTTP/1.1 200 OK"
2025-01-22 08:27:53,875 - httpx - INFO - HTTP Request: POST https://api.telegram.org/bot7099400053:AAGpkQ978uhK1M3GnFwNoNH04QyNVb4ufsk/getUpdates "HTTP/1.1 200 OK"
2025-01-22 08:28:04,034 - httpx - INFO - HTTP Request: POST https://api.telegram.org/bot7099400053:AAGpkQ978uhK1M3GnFwNoNH04QyNVb4ufsk/getUpdates "HTTP/1.1 200 OK"
2025-01-22 08:28:14,190 - httpx - INFO - HTTP Request: POST https://api.telegram.org/bot7099400053:AAGpkQ978uhK1M3GnFwNoNH04QyNVb4ufsk/getUpdates "HTTP/1.1 200 OK"
2025-01-22 08:28:24,345 - httpx - INFO - HTTP Request: POST https://api.telegram.org/bot7099400053:AAGpkQ978uhK1M3GnFwNoNH04QyNVb4ufsk/getUpdates "HTTP/1.1 200 OK"
2025-01-22 08:28:34,498 - httpx - INFO - HTTP Request: POST https://api.telegram.org/bot7099400053:AAGpkQ978uhK1M3GnFwNoNH04QyNVb4ufsk/getUpdates "HTTP/1.1 200 OK"
2025-01-22 08:28:44,654 - httpx - INFO - HTTP Request: POST https://api.telegram.org/bot7099400053:AAGpkQ978uhK1M3GnFwNoNH04QyNVb4ufsk/getUpdates "HTTP/1.1 200 OK"
2025-01-22 08:28:54,811 - httpx - INFO - HTTP Request: POST https://api.telegram.org/bot7099400053:AAGpkQ978uhK1M3GnFwNoNH04QyNVb4ufsk/getUpdates "HTTP/1.1 200 OK"
2025-01-22 08:29:04,965 - httpx - INFO - HTTP Request: POST https://api.telegram.org/bot7099400053:AAGpkQ978uhK1M3GnFwNoNH04QyNVb4ufsk/getUpdates "HTTP/1.1 200 OK"
2025-01-22 08:29:15,122 - httpx - INFO - HTTP Request: POST https://api.telegram.org/bot7099400053:AAGpkQ978uhK1M3GnFwNoNH04QyNVb4ufsk/getUpdates "HTTP/1.1 200 OK"
2025-01-22 08:29:25,284 - httpx - INFO - HTTP Request: POST https://api.telegram.org/bot7099400053:AAGpkQ978uhK1M3GnFwNoNH04QyNVb4ufsk/getUpdates "HTTP/1.1 200 OK"
2025-01-22 08:29:35,440 - httpx - INFO - HTTP Request: POST https://api.telegram.org/bot7099400053:AAGpkQ978uhK1M3GnFwNoNH04QyNVb4ufsk/getUpdates "HTTP/1.1 200 OK"
2025-01-22 08:29:45,593 - httpx - INFO - HTTP Request: POST https://api.telegram.org/bot7099400053:AAGpkQ978uhK1M3GnFwNoNH04QyNVb4ufsk/getUpdates "HTTP/1.1 200 OK"
2025-01-22 08:30:05,217 - __main__ - INFO - Using bot token from: default
2025-01-22 08:30:05,314 - __main__ - INFO - Starting bot...
2025-01-22 08:30:05,315 - __main__ - INFO - Starting bot polling...
2025-01-22 08:30:05,775 - httpx - INFO - HTTP Request: POST https://api.telegram.org/bot7099400053:AAGpkQ978uhK1M3GnFwNoNH04QyNVb4ufsk/getMe "HTTP/1.1 200 OK"
2025-01-22 08:30:05,926 - httpx - INFO - HTTP Request: POST https://api.telegram.org/bot7099400053:AAGpkQ978uhK1M3GnFwNoNH04QyNVb4ufsk/deleteWebhook "HTTP/1.1 200 OK"
2025-01-22 08:30:05,927 - telegram.ext.Application - INFO - Application started
2025-01-22 08:30:16,387 - httpx - INFO - HTTP Request: POST https://api.telegram.org/bot7099400053:AAGpkQ978uhK1M3GnFwNoNH04QyNVb4ufsk/getUpdates "HTTP/1.1 200 OK"
2025-01-22 08:30:26,541 - httpx - INFO - HTTP Request: POST https://api.telegram.org/bot7099400053:AAGpkQ978uhK1M3GnFwNoNH04QyNVb4ufsk/getUpdates "HTTP/1.1 200 OK"
2025-01-22 08:30:36,697 - httpx - INFO - HTTP Request: POST https://api.telegram.org/bot7099400053:AAGpkQ978uhK1M3GnFwNoNH04QyNVb4ufsk/getUpdates "HTTP/1.1 200 OK"
2025-01-22 08:30:46,851 - httpx - INFO - HTTP Request: POST https://api.telegram.org/bot7099400053:AAGpkQ978uhK1M3GnFwNoNH04QyNVb4ufsk/getUpdates "HTTP/1.1 200 OK"
2025-01-22 08:30:57,005 - httpx - INFO - HTTP Request: POST https://api.telegram.org/bot7099400053:AAGpkQ978uhK1M3GnFwNoNH04QyNVb4ufsk/getUpdates "HTTP/1.1 200 OK"
2025-01-22 08:31:07,170 - httpx - INFO - HTTP Request: POST https://api.telegram.org/bot7099400053:AAGpkQ978uhK1M3GnFwNoNH04QyNVb4ufsk/getUpdates "HTTP/1.1 200 OK"
2025-01-22 08:31:17,326 - httpx - INFO - HTTP Request: POST https://api.telegram.org/bot7099400053:AAGpkQ978uhK1M3GnFwNoNH04QyNVb4ufsk/getUpdates "HTTP/1.1 200 OK"
2025-01-22 08:31:27,479 - httpx - INFO - HTTP Request: POST https://api.telegram.org/bot7099400053:AAGpkQ978uhK1M3GnFwNoNH04QyNVb4ufsk/getUpdates "HTTP/1.1 200 OK"
2025-01-22 08:31:37,636 - httpx - INFO - HTTP Request: POST https://api.telegram.org/bot7099400053:AAGpkQ978uhK1M3GnFwNoNH04QyNVb4ufsk/getUpdates "HTTP/1.1 200 OK"
2025-01-22 08:31:47,794 - httpx - INFO - HTTP Request: POST https://api.telegram.org/bot7099400053:AAGpkQ978uhK1M3GnFwNoNH04QyNVb4ufsk/getUpdates "HTTP/1.1 200 OK"
2025-01-22 08:31:57,949 - httpx - INFO - HTTP Request: POST https://api.telegram.org/bot7099400053:AAGpkQ978uhK1M3GnFwNoNH04QyNVb4ufsk/getUpdates "HTTP/1.1 200 OK"
2025-01-22 08:32:08,104 - httpx - INFO - HTTP Request: POST https://api.telegram.org/bot7099400053:AAGpkQ978uhK1M3GnFwNoNH04QyNVb4ufsk/getUpdates "HTTP/1.1 200 OK"
2025-01-22 08:32:18,272 - httpx - INFO - HTTP Request: POST https://api.telegram.org/bot7099400053:AAGpkQ978uhK1M3GnFwNoNH04QyNVb4ufsk/getUpdates "HTTP/1.1 200 OK"
2025-01-22 08:32:28,428 - httpx - INFO - HTTP Request: POST https://api.telegram.org/bot7099400053:AAGpkQ978uhK1M3GnFwNoNH04QyNVb4ufsk/getUpdates "HTTP/1.1 200 OK"
2025-01-22 08:32:38,589 - httpx - INFO - HTTP Request: POST https://api.telegram.org/bot7099400053:AAGpkQ978uhK1M3GnFwNoNH04QyNVb4ufsk/getUpdates "HTTP/1.1 200 OK"
2025-01-22 08:32:48,746 - httpx - INFO - HTTP Request: POST https://api.telegram.org/bot7099400053:AAGpkQ978uhK1M3GnFwNoNH04QyNVb4ufsk/getUpdates "HTTP/1.1 200 OK"
2025-01-22 08:32:58,901 - httpx - INFO - HTTP Request: POST https://api.telegram.org/bot7099400053:AAGpkQ978uhK1M3GnFwNoNH04QyNVb4ufsk/getUpdates "HTTP/1.1 200 OK"
2025-01-22 08:33:09,059 - httpx - INFO - HTTP Request: POST https://api.telegram.org/bot7099400053:AAGpkQ978uhK1M3GnFwNoNH04QyNVb4ufsk/getUpdates "HTTP/1.1 200 OK"
2025-01-22 08:33:19,229 - httpx - INFO - HTTP Request: POST https://api.telegram.org/bot7099400053:AAGpkQ978uhK1M3GnFwNoNH04QyNVb4ufsk/getUpdates "HTTP/1.1 200 OK"
2025-01-22 08:33:29,385 - httpx - INFO - HTTP Request: POST https://api.telegram.org/bot7099400053:AAGpkQ978uhK1M3GnFwNoNH04QyNVb4ufsk/getUpdates "HTTP/1.1 200 OK"
2025-01-22 08:33:39,539 - httpx - INFO - HTTP Request: POST https://api.telegram.org/bot7099400053:AAGpkQ978uhK1M3GnFwNoNH04QyNVb4ufsk/getUpdates "HTTP/1.1 200 OK"
2025-01-22 08:33:46,414 - httpx - INFO - HTTP Request: POST https://api.telegram.org/bot7099400053:AAGpkQ978uhK1M3GnFwNoNH04QyNVb4ufsk/getUpdates "HTTP/1.1 200 OK"
2025-01-22 08:33:46,414 - telegram.ext.Application - INFO - Application is stopping. This might take a moment.
2025-01-22 08:33:46,414 - telegram.ext.Application - INFO - Application.stop() complete
2025-01-22 08:34:02,889 - __main__ - INFO - Using bot token from: default
2025-01-22 08:34:02,992 - __main__ - INFO - Starting bot...
2025-01-22 08:34:02,992 - __main__ - INFO - Starting bot polling...
2025-01-22 08:34:03,457 - httpx - INFO - HTTP Request: POST https://api.telegram.org/bot7099400053:AAGpkQ978uhK1M3GnFwNoNH04QyNVb4ufsk/getMe "HTTP/1.1 200 OK"
2025-01-22 08:34:03,610 - httpx - INFO - HTTP Request: POST https://api.telegram.org/bot7099400053:AAGpkQ978uhK1M3GnFwNoNH04QyNVb4ufsk/deleteWebhook "HTTP/1.1 200 OK"
2025-01-22 08:34:03,610 - telegram.ext.Application - INFO - Application started
2025-01-22 08:34:14,066 - httpx - INFO - HTTP Request: POST https://api.telegram.org/bot7099400053:AAGpkQ978uhK1M3GnFwNoNH04QyNVb4ufsk/getUpdates "HTTP/1.1 200 OK"
2025-01-22 08:34:24,230 - httpx - INFO - HTTP Request: POST https://api.telegram.org/bot7099400053:AAGpkQ978uhK1M3GnFwNoNH04QyNVb4ufsk/getUpdates "HTTP/1.1 200 OK"
2025-01-22 08:34:34,383 - httpx - INFO - HTTP Request: POST https://api.telegram.org/bot7099400053:AAGpkQ978uhK1M3GnFwNoNH04QyNVb4ufsk/getUpdates "HTTP/1.1 200 OK"
2025-01-22 08:34:44,540 - httpx - INFO - HTTP Request: POST https://api.telegram.org/bot7099400053:AAGpkQ978uhK1M3GnFwNoNH04QyNVb4ufsk/getUpdates "HTTP/1.1 200 OK"
2025-01-22 08:34:54,712 - httpx - INFO - HTTP Request: POST https://api.telegram.org/bot7099400053:AAGpkQ978uhK1M3GnFwNoNH04QyNVb4ufsk/getUpdates "HTTP/1.1 200 OK"
2025-01-22 08:35:04,869 - httpx - INFO - HTTP Request: POST https://api.telegram.org/bot7099400053:AAGpkQ978uhK1M3GnFwNoNH04QyNVb4ufsk/getUpdates "HTTP/1.1 200 OK"
2025-01-22 08:35:15,052 - httpx - INFO - HTTP Request: POST https://api.telegram.org/bot7099400053:AAGpkQ978uhK1M3GnFwNoNH04QyNVb4ufsk/getUpdates "HTTP/1.1 200 OK"
2025-01-22 08:35:25,214 - httpx - INFO - HTTP Request: POST https://api.telegram.org/bot7099400053:AAGpkQ978uhK1M3GnFwNoNH04QyNVb4ufsk/getUpdates "HTTP/1.1 200 OK"
2025-01-22 08:35:35,415 - httpx - INFO - HTTP Request: POST https://api.telegram.org/bot7099400053:AAGpkQ978uhK1M3GnFwNoNH04QyNVb4ufsk/getUpdates "HTTP/1.1 200 OK"
2025-01-22 08:35:45,573 - httpx - INFO - HTTP Request: POST https://api.telegram.org/bot7099400053:AAGpkQ978uhK1M3GnFwNoNH04QyNVb4ufsk/getUpdates "HTTP/1.1 200 OK"
2025-01-22 08:35:55,733 - httpx - INFO - HTTP Request: POST https://api.telegram.org/bot7099400053:AAGpkQ978uhK1M3GnFwNoNH04QyNVb4ufsk/getUpdates "HTTP/1.1 200 OK"
2025-01-22 08:36:05,905 - httpx - INFO - HTTP Request: POST https://api.telegram.org/bot7099400053:AAGpkQ978uhK1M3GnFwNoNH04QyNVb4ufsk/getUpdates "HTTP/1.1 200 OK"
2025-01-22 08:36:16,063 - httpx - INFO - HTTP Request: POST https://api.telegram.org/bot7099400053:AAGpkQ978uhK1M3GnFwNoNH04QyNVb4ufsk/getUpdates "HTTP/1.1 200 OK"
2025-01-22 08:36:26,219 - httpx - INFO - HTTP Request: POST https://api.telegram.org/bot7099400053:AAGpkQ978uhK1M3GnFwNoNH04QyNVb4ufsk/getUpdates "HTTP/1.1 200 OK"
2025-01-22 08:36:36,372 - httpx - INFO - HTTP Request: POST https://api.telegram.org/bot7099400053:AAGpkQ978uhK1M3GnFwNoNH04QyNVb4ufsk/getUpdates "HTTP/1.1 200 OK"
2025-01-22 08:36:46,530 - httpx - INFO - HTTP Request: POST https://api.telegram.org/bot7099400053:AAGpkQ978uhK1M3GnFwNoNH04QyNVb4ufsk/getUpdates "HTTP/1.1 200 OK"
2025-01-22 08:36:54,809 - httpx - INFO - HTTP Request: POST https://api.telegram.org/bot7099400053:AAGpkQ978uhK1M3GnFwNoNH04QyNVb4ufsk/getUpdates "HTTP/1.1 409 Conflict"
2025-01-22 08:36:54,810 - __main__ - ERROR - Update None caused error Conflict: terminated by other getUpdates request; make sure that only one bot instance is running
2025-01-22 08:36:59,972 - httpx - INFO - HTTP Request: POST https://api.telegram.org/bot7099400053:AAGpkQ978uhK1M3GnFwNoNH04QyNVb4ufsk/getUpdates "HTTP/1.1 409 Conflict"
2025-01-22 08:36:59,973 - __main__ - ERROR - Update None caused error Conflict: terminated by other getUpdates request; make sure that only one bot instance is running
2025-01-22 08:37:05,801 - httpx - INFO - HTTP Request: POST https://api.telegram.org/bot7099400053:AAGpkQ978uhK1M3GnFwNoNH04QyNVb4ufsk/getUpdates "HTTP/1.1 409 Conflict"
2025-01-22 08:37:05,801 - __main__ - ERROR - Update None caused error Conflict: terminated by other getUpdates request; make sure that only one bot instance is running
2025-01-22 08:37:09,118 - httpx - INFO - HTTP Request: POST https://api.telegram.org/bot7099400053:AAGpkQ978uhK1M3GnFwNoNH04QyNVb4ufsk/getUpdates "HTTP/1.1 409 Conflict"
2025-01-22 08:37:09,118 - __main__ - ERROR - Update None caused error Conflict: terminated by other getUpdates request; make sure that only one bot instance is running
2025-01-22 08:37:13,286 - httpx - INFO - HTTP Request: POST https://api.telegram.org/bot7099400053:AAGpkQ978uhK1M3GnFwNoNH04QyNVb4ufsk/getUpdates "HTTP/1.1 409 Conflict"
2025-01-22 08:37:13,286 - __main__ - ERROR - Update None caused error Conflict: terminated by other getUpdates request; make sure that only one bot instance is running
2025-01-22 08:37:19,616 - httpx - INFO - HTTP Request: POST https://api.telegram.org/bot7099400053:AAGpkQ978uhK1M3GnFwNoNH04QyNVb4ufsk/getUpdates "HTTP/1.1 409 Conflict"
2025-01-22 08:37:19,617 - __main__ - ERROR - Update None caused error Conflict: terminated by other getUpdates request; make sure that only one bot instance is running
2025-01-22 08:37:37,705 - httpx - INFO - HTTP Request: POST https://api.telegram.org/bot7099400053:AAGpkQ978uhK1M3GnFwNoNH04QyNVb4ufsk/getUpdates "HTTP/1.1 200 OK"
2025-01-22 08:37:47,858 - httpx - INFO - HTTP Request: POST https://api.telegram.org/bot7099400053:AAGpkQ978uhK1M3GnFwNoNH04QyNVb4ufsk/getUpdates "HTTP/1.1 200 OK"
2025-01-22 08:37:58,011 - httpx - INFO - HTTP Request: POST https://api.telegram.org/bot7099400053:AAGpkQ978uhK1M3GnFwNoNH04QyNVb4ufsk/getUpdates "HTTP/1.1 200 OK"
2025-01-22 08:38:08,165 - httpx - INFO - HTTP Request: POST https://api.telegram.org/bot7099400053:AAGpkQ978uhK1M3GnFwNoNH04QyNVb4ufsk/getUpdates "HTTP/1.1 200 OK"
2025-01-22 08:38:18,324 - httpx - INFO - HTTP Request: POST https://api.telegram.org/bot7099400053:AAGpkQ978uhK1M3GnFwNoNH04QyNVb4ufsk/getUpdates "HTTP/1.1 200 OK"
2025-01-22 08:38:28,476 - httpx - INFO - HTTP Request: POST https://api.telegram.org/bot7099400053:AAGpkQ978uhK1M3GnFwNoNH04QyNVb4ufsk/getUpdates "HTTP/1.1 200 OK"
2025-01-22 08:38:38,632 - httpx - INFO - HTTP Request: POST https://api.telegram.org/bot7099400053:AAGpkQ978uhK1M3GnFwNoNH04QyNVb4ufsk/getUpdates "HTTP/1.1 200 OK"
2025-01-22 08:38:48,786 - httpx - INFO - HTTP Request: POST https://api.telegram.org/bot7099400053:AAGpkQ978uhK1M3GnFwNoNH04QyNVb4ufsk/getUpdates "HTTP/1.1 200 OK"
2025-01-22 08:38:58,950 - httpx - INFO - HTTP Request: POST https://api.telegram.org/bot7099400053:AAGpkQ978uhK1M3GnFwNoNH04QyNVb4ufsk/getUpdates "HTTP/1.1 200 OK"
2025-01-22 08:39:09,104 - httpx - INFO - HTTP Request: POST https://api.telegram.org/bot7099400053:AAGpkQ978uhK1M3GnFwNoNH04QyNVb4ufsk/getUpdates "HTTP/1.1 200 OK"
2025-01-22 08:39:14,968 - __main__ - INFO - Using bot token from: default
2025-01-22 08:39:15,066 - __main__ - INFO - Starting bot...
2025-01-22 08:39:15,066 - __main__ - INFO - Starting bot polling...
2025-01-22 08:39:15,537 - httpx - INFO - HTTP Request: POST https://api.telegram.org/bot7099400053:AAGpkQ978uhK1M3GnFwNoNH04QyNVb4ufsk/getMe "HTTP/1.1 200 OK"
2025-01-22 08:39:15,690 - httpx - INFO - HTTP Request: POST https://api.telegram.org/bot7099400053:AAGpkQ978uhK1M3GnFwNoNH04QyNVb4ufsk/deleteWebhook "HTTP/1.1 200 OK"
2025-01-22 08:39:15,691 - telegram.ext.Application - INFO - Application started
2025-01-22 08:39:16,150 - httpx - INFO - HTTP Request: POST https://api.telegram.org/bot7099400053:AAGpkQ978uhK1M3GnFwNoNH04QyNVb4ufsk/getUpdates "HTTP/1.1 409 Conflict"
2025-01-22 08:39:16,151 - __main__ - ERROR - Update None caused error Conflict: terminated by other getUpdates request; make sure that only one bot instance is running
2025-01-22 08:39:20,311 - httpx - INFO - HTTP Request: POST https://api.telegram.org/bot7099400053:AAGpkQ978uhK1M3GnFwNoNH04QyNVb4ufsk/getUpdates "HTTP/1.1 409 Conflict"
2025-01-22 08:39:20,312 - __main__ - ERROR - Update None caused error Conflict: terminated by other getUpdates request; make sure that only one bot instance is running
2025-01-22 08:39:21,477 - httpx - INFO - HTTP Request: POST https://api.telegram.org/bot7099400053:AAGpkQ978uhK1M3GnFwNoNH04QyNVb4ufsk/getUpdates "HTTP/1.1 409 Conflict"
2025-01-22 08:39:21,477 - __main__ - ERROR - Update None caused error Conflict: terminated by other getUpdates request; make sure that only one bot instance is running
2025-01-22 08:39:26,133 - httpx - INFO - HTTP Request: POST https://api.telegram.org/bot7099400053:AAGpkQ978uhK1M3GnFwNoNH04QyNVb4ufsk/getUpdates "HTTP/1.1 409 Conflict"
2025-01-22 08:39:26,134 - __main__ - ERROR - Update None caused error Conflict: terminated by other getUpdates request; make sure that only one bot instance is running
2025-01-22 08:39:27,792 - httpx - INFO - HTTP Request: POST https://api.telegram.org/bot7099400053:AAGpkQ978uhK1M3GnFwNoNH04QyNVb4ufsk/getUpdates "HTTP/1.1 409 Conflict"
2025-01-22 08:39:27,793 - __main__ - ERROR - Update None caused error Conflict: terminated by other getUpdates request; make sure that only one bot instance is running
2025-01-22 08:39:33,200 - httpx - INFO - HTTP Request: POST https://api.telegram.org/bot7099400053:AAGpkQ978uhK1M3GnFwNoNH04QyNVb4ufsk/getUpdates "HTTP/1.1 409 Conflict"
2025-01-22 08:39:33,201 - __main__ - ERROR - Update None caused error Conflict: terminated by other getUpdates request; make sure that only one bot instance is running
2025-01-22 08:39:35,615 - httpx - INFO - HTTP Request: POST https://api.telegram.org/bot7099400053:AAGpkQ978uhK1M3GnFwNoNH04QyNVb4ufsk/getUpdates "HTTP/1.1 409 Conflict"
2025-01-22 08:39:35,615 - __main__ - ERROR - Update None caused error Conflict: terminated by other getUpdates request; make sure that only one bot instance is running
2025-01-22 08:39:39,153 - httpx - INFO - HTTP Request: POST https://api.telegram.org/bot7099400053:AAGpkQ978uhK1M3GnFwNoNH04QyNVb4ufsk/getUpdates "HTTP/1.1 409 Conflict"
2025-01-22 08:39:39,154 - __main__ - ERROR - Update None caused error Conflict: terminated by other getUpdates request; make sure that only one bot instance is running
2025-01-22 08:39:42,698 - httpx - INFO - HTTP Request: POST https://api.telegram.org/bot7099400053:AAGpkQ978uhK1M3GnFwNoNH04QyNVb4ufsk/getUpdates "HTTP/1.1 409 Conflict"
2025-01-22 08:39:42,698 - __main__ - ERROR - Update None caused error Conflict: terminated by other getUpdates request; make sure that only one bot instance is running
2025-01-22 08:39:48,227 - httpx - INFO - HTTP Request: POST https://api.telegram.org/bot7099400053:AAGpkQ978uhK1M3GnFwNoNH04QyNVb4ufsk/getUpdates "HTTP/1.1 409 Conflict"
2025-01-22 08:39:48,227 - __main__ - ERROR - Update None caused error Conflict: terminated by other getUpdates request; make sure that only one bot instance is running
2025-01-22 08:39:53,778 - httpx - INFO - HTTP Request: POST https://api.telegram.org/bot7099400053:AAGpkQ978uhK1M3GnFwNoNH04QyNVb4ufsk/getUpdates "HTTP/1.1 409 Conflict"
2025-01-22 08:39:53,778 - __main__ - ERROR - Update None caused error Conflict: terminated by other getUpdates request; make sure that only one bot instance is running
2025-01-22 08:40:01,847 - httpx - INFO - HTTP Request: POST https://api.telegram.org/bot7099400053:AAGpkQ978uhK1M3GnFwNoNH04QyNVb4ufsk/getUpdates "HTTP/1.1 409 Conflict"
2025-01-22 08:40:01,848 - __main__ - ERROR - Update None caused error Conflict: terminated by other getUpdates request; make sure that only one bot instance is running
2025-01-22 08:40:09,940 - httpx - INFO - HTTP Request: POST https://api.telegram.org/bot7099400053:AAGpkQ978uhK1M3GnFwNoNH04QyNVb4ufsk/getUpdates "HTTP/1.1 409 Conflict"
2025-01-22 08:40:09,941 - __main__ - ERROR - Update None caused error Conflict: terminated by other getUpdates request; make sure that only one bot instance is running
2025-01-22 08:40:19,940 - httpx - INFO - HTTP Request: POST https://api.telegram.org/bot7099400053:AAGpkQ978uhK1M3GnFwNoNH04QyNVb4ufsk/getUpdates "HTTP/1.1 200 OK"
2025-01-22 08:40:31,875 - httpx - INFO - HTTP Request: POST https://api.telegram.org/bot7099400053:AAGpkQ978uhK1M3GnFwNoNH04QyNVb4ufsk/getUpdates "HTTP/1.1 200 OK"
2025-01-22 08:40:42,034 - httpx - INFO - HTTP Request: POST https://api.telegram.org/bot7099400053:AAGpkQ978uhK1M3GnFwNoNH04QyNVb4ufsk/getUpdates "HTTP/1.1 200 OK"
2025-01-22 08:40:52,198 - httpx - INFO - HTTP Request: POST https://api.telegram.org/bot7099400053:AAGpkQ978uhK1M3GnFwNoNH04QyNVb4ufsk/getUpdates "HTTP/1.1 200 OK"
2025-01-22 08:41:02,356 - httpx - INFO - HTTP Request: POST https://api.telegram.org/bot7099400053:AAGpkQ978uhK1M3GnFwNoNH04QyNVb4ufsk/getUpdates "HTTP/1.1 200 OK"
2025-01-22 08:41:12,525 - httpx - INFO - HTTP Request: POST https://api.telegram.org/bot7099400053:AAGpkQ978uhK1M3GnFwNoNH04QyNVb4ufsk/getUpdates "HTTP/1.1 200 OK"
2025-01-22 08:41:22,707 - httpx - INFO - HTTP Request: POST https://api.telegram.org/bot7099400053:AAGpkQ978uhK1M3GnFwNoNH04QyNVb4ufsk/getUpdates "HTTP/1.1 200 OK"
2025-01-22 08:41:32,860 - httpx - INFO - HTTP Request: POST https://api.telegram.org/bot7099400053:AAGpkQ978uhK1M3GnFwNoNH04QyNVb4ufsk/getUpdates "HTTP/1.1 200 OK"
2025-01-22 08:41:43,022 - httpx - INFO - HTTP Request: POST https://api.telegram.org/bot7099400053:AAGpkQ978uhK1M3GnFwNoNH04QyNVb4ufsk/getUpdates "HTTP/1.1 200 OK"
2025-01-22 08:41:53,177 - httpx - INFO - HTTP Request: POST https://api.telegram.org/bot7099400053:AAGpkQ978uhK1M3GnFwNoNH04QyNVb4ufsk/getUpdates "HTTP/1.1 200 OK"
2025-01-22 08:42:03,337 - httpx - INFO - HTTP Request: POST https://api.telegram.org/bot7099400053:AAGpkQ978uhK1M3GnFwNoNH04QyNVb4ufsk/getUpdates "HTTP/1.1 200 OK"
2025-01-22 08:42:13,490 - httpx - INFO - HTTP Request: POST https://api.telegram.org/bot7099400053:AAGpkQ978uhK1M3GnFwNoNH04QyNVb4ufsk/getUpdates "HTTP/1.1 200 OK"
2025-01-22 08:42:23,650 - httpx - INFO - HTTP Request: POST https://api.telegram.org/bot7099400053:AAGpkQ978uhK1M3GnFwNoNH04QyNVb4ufsk/getUpdates "HTTP/1.1 200 OK"
2025-01-22 08:42:33,835 - httpx - INFO - HTTP Request: POST https://api.telegram.org/bot7099400053:AAGpkQ978uhK1M3GnFwNoNH04QyNVb4ufsk/getUpdates "HTTP/1.1 200 OK"
2025-01-22 08:42:43,993 - httpx - INFO - HTTP Request: POST https://api.telegram.org/bot7099400053:AAGpkQ978uhK1M3GnFwNoNH04QyNVb4ufsk/getUpdates "HTTP/1.1 200 OK"
2025-01-22 08:42:54,152 - httpx - INFO - HTTP Request: POST https://api.telegram.org/bot7099400053:AAGpkQ978uhK1M3GnFwNoNH04QyNVb4ufsk/getUpdates "HTTP/1.1 200 OK"
2025-01-22 08:43:04,310 - httpx - INFO - HTTP Request: POST https://api.telegram.org/bot7099400053:AAGpkQ978uhK1M3GnFwNoNH04QyNVb4ufsk/getUpdates "HTTP/1.1 200 OK"
2025-01-22 08:43:14,506 - httpx - INFO - HTTP Request: POST https://api.telegram.org/bot7099400053:AAGpkQ978uhK1M3GnFwNoNH04QyNVb4ufsk/getUpdates "HTTP/1.1 200 OK"
2025-01-22 08:43:24,726 - httpx - INFO - HTTP Request: POST https://api.telegram.org/bot7099400053:AAGpkQ978uhK1M3GnFwNoNH04QyNVb4ufsk/getUpdates "HTTP/1.1 200 OK"
2025-01-22 08:43:34,884 - httpx - INFO - HTTP Request: POST https://api.telegram.org/bot7099400053:AAGpkQ978uhK1M3GnFwNoNH04QyNVb4ufsk/getUpdates "HTTP/1.1 200 OK"
2025-01-22 08:43:44,866 - httpx - INFO - HTTP Request: POST https://api.telegram.org/bot7099400053:AAGpkQ978uhK1M3GnFwNoNH04QyNVb4ufsk/getUpdates "HTTP/1.1 200 OK"
2025-01-22 08:43:44,866 - telegram.ext.Application - INFO - Application is stopping. This might take a moment.
2025-01-22 08:43:44,867 - telegram.ext.Application - INFO - Application.stop() complete
2025-01-22 08:44:01,333 - __main__ - INFO - Using bot token from: default
2025-01-22 08:44:01,431 - __main__ - INFO - Starting bot...
2025-01-22 08:44:01,431 - __main__ - INFO - Starting bot polling...
2025-01-22 08:44:01,901 - httpx - INFO - HTTP Request: POST https://api.telegram.org/bot7099400053:AAGpkQ978uhK1M3GnFwNoNH04QyNVb4ufsk/getMe "HTTP/1.1 200 OK"
2025-01-22 08:44:02,054 - httpx - INFO - HTTP Request: POST https://api.telegram.org/bot7099400053:AAGpkQ978uhK1M3GnFwNoNH04QyNVb4ufsk/deleteWebhook "HTTP/1.1 200 OK"
2025-01-22 08:44:02,055 - telegram.ext.Application - INFO - Application started
2025-01-22 08:44:12,518 - httpx - INFO - HTTP Request: POST https://api.telegram.org/bot7099400053:AAGpkQ978uhK1M3GnFwNoNH04QyNVb4ufsk/getUpdates "HTTP/1.1 200 OK"
2025-01-22 08:44:22,670 - httpx - INFO - HTTP Request: POST https://api.telegram.org/bot7099400053:AAGpkQ978uhK1M3GnFwNoNH04QyNVb4ufsk/getUpdates "HTTP/1.1 200 OK"
2025-01-22 08:44:32,862 - httpx - INFO - HTTP Request: POST https://api.telegram.org/bot7099400053:AAGpkQ978uhK1M3GnFwNoNH04QyNVb4ufsk/getUpdates "HTTP/1.1 200 OK"
2025-01-22 08:44:43,015 - httpx - INFO - HTTP Request: POST https://api.telegram.org/bot7099400053:AAGpkQ978uhK1M3GnFwNoNH04QyNVb4ufsk/getUpdates "HTTP/1.1 200 OK"
2025-01-22 08:44:53,171 - httpx - INFO - HTTP Request: POST https://api.telegram.org/bot7099400053:AAGpkQ978uhK1M3GnFwNoNH04QyNVb4ufsk/getUpdates "HTTP/1.1 200 OK"
2025-01-22 08:45:03,324 - httpx - INFO - HTTP Request: POST https://api.telegram.org/bot7099400053:AAGpkQ978uhK1M3GnFwNoNH04QyNVb4ufsk/getUpdates "HTTP/1.1 200 OK"
2025-01-22 08:45:13,478 - httpx - INFO - HTTP Request: POST https://api.telegram.org/bot7099400053:AAGpkQ978uhK1M3GnFwNoNH04QyNVb4ufsk/getUpdates "HTTP/1.1 200 OK"
2025-01-22 08:45:23,633 - httpx - INFO - HTTP Request: POST https://api.telegram.org/bot7099400053:AAGpkQ978uhK1M3GnFwNoNH04QyNVb4ufsk/getUpdates "HTTP/1.1 200 OK"
2025-01-22 08:45:33,789 - httpx - INFO - HTTP Request: POST https://api.telegram.org/bot7099400053:AAGpkQ978uhK1M3GnFwNoNH04QyNVb4ufsk/getUpdates "HTTP/1.1 200 OK"
2025-01-22 08:45:43,943 - httpx - INFO - HTTP Request: POST https://api.telegram.org/bot7099400053:AAGpkQ978uhK1M3GnFwNoNH04QyNVb4ufsk/getUpdates "HTTP/1.1 200 OK"
2025-01-22 08:45:54,103 - httpx - INFO - HTTP Request: POST https://api.telegram.org/bot7099400053:AAGpkQ978uhK1M3GnFwNoNH04QyNVb4ufsk/getUpdates "HTTP/1.1 200 OK"
2025-01-22 08:46:04,261 - httpx - INFO - HTTP Request: POST https://api.telegram.org/bot7099400053:AAGpkQ978uhK1M3GnFwNoNH04QyNVb4ufsk/getUpdates "HTTP/1.1 200 OK"
2025-01-22 08:46:14,429 - httpx - INFO - HTTP Request: POST https://api.telegram.org/bot7099400053:AAGpkQ978uhK1M3GnFwNoNH04QyNVb4ufsk/getUpdates "HTTP/1.1 200 OK"
2025-01-22 08:46:24,583 - httpx - INFO - HTTP Request: POST https://api.telegram.org/bot7099400053:AAGpkQ978uhK1M3GnFwNoNH04QyNVb4ufsk/getUpdates "HTTP/1.1 200 OK"
2025-01-22 08:46:34,739 - httpx - INFO - HTTP Request: POST https://api.telegram.org/bot7099400053:AAGpkQ978uhK1M3GnFwNoNH04QyNVb4ufsk/getUpdates "HTTP/1.1 200 OK"
2025-01-22 08:46:44,893 - httpx - INFO - HTTP Request: POST https://api.telegram.org/bot7099400053:AAGpkQ978uhK1M3GnFwNoNH04QyNVb4ufsk/getUpdates "HTTP/1.1 200 OK"
2025-01-22 08:46:55,059 - httpx - INFO - HTTP Request: POST https://api.telegram.org/bot7099400053:AAGpkQ978uhK1M3GnFwNoNH04QyNVb4ufsk/getUpdates "HTTP/1.1 200 OK"
2025-01-22 08:47:05,214 - httpx - INFO - HTTP Request: POST https://api.telegram.org/bot7099400053:AAGpkQ978uhK1M3GnFwNoNH04QyNVb4ufsk/getUpdates "HTTP/1.1 200 OK"
2025-01-22 08:47:15,370 - httpx - INFO - HTTP Request: POST https://api.telegram.org/bot7099400053:AAGpkQ978uhK1M3GnFwNoNH04QyNVb4ufsk/getUpdates "HTTP/1.1 200 OK"
2025-01-22 08:47:19,940 - httpx - INFO - HTTP Request: POST https://api.telegram.org/bot7099400053:AAGpkQ978uhK1M3GnFwNoNH04QyNVb4ufsk/getUpdates "HTTP/1.1 200 OK"
2025-01-22 08:47:19,941 - telegram.ext.Application - INFO - Application is stopping. This might take a moment.
2025-01-22 08:47:19,941 - telegram.ext.Application - INFO - Application.stop() complete
2025-01-22 08:47:36,409 - __main__ - INFO - Using bot token from: default
2025-01-22 08:47:36,510 - __main__ - INFO - Starting bot...
2025-01-22 08:47:36,510 - __main__ - INFO - Starting bot polling...
2025-01-22 08:47:36,985 - httpx - INFO - HTTP Request: POST https://api.telegram.org/bot7099400053:AAGpkQ978uhK1M3GnFwNoNH04QyNVb4ufsk/getMe "HTTP/1.1 200 OK"
2025-01-22 08:47:37,139 - httpx - INFO - HTTP Request: POST https://api.telegram.org/bot7099400053:AAGpkQ978uhK1M3GnFwNoNH04QyNVb4ufsk/deleteWebhook "HTTP/1.1 200 OK"
2025-01-22 08:47:37,141 - telegram.ext.Application - INFO - Application started
2025-01-22 08:47:47,601 - httpx - INFO - HTTP Request: POST https://api.telegram.org/bot7099400053:AAGpkQ978uhK1M3GnFwNoNH04QyNVb4ufsk/getUpdates "HTTP/1.1 200 OK"
2025-01-22 08:47:50,937 - httpx - INFO - HTTP Request: POST https://api.telegram.org/bot7099400053:AAGpkQ978uhK1M3GnFwNoNH04QyNVb4ufsk/getUpdates "HTTP/1.1 200 OK"
2025-01-22 08:47:50,937 - telegram.ext.Application - INFO - Application is stopping. This might take a moment.
2025-01-22 08:47:50,937 - telegram.ext.Application - INFO - Application.stop() complete
